CLAVEESTAB,n_AUH
0069PP0088,1154
0073PP0084,991
0069PP0210,817
0032PP0007,794
0062PP0016,793
0069PP0197,780
0069PP0106,753
0069PP0137,723
0130PP0007,712
0069PP0202,710
0071PP0015,705
0131PP0021,703
0132PP0033,699
0069PP0179,697
0132PP0021,696
0069PP0196,696
0044PP0021,684
0044PP0014,677
0032PP0064,671
0001PP0026,669
0069PP0184,663
0129PP0007,654
0001PP0041,652
0062PP0094,650
0062PP0092,650
0130PP0016,646
0001PP0061,643
0116PP0021,640
0069PP0040,638
0069PP0126,633
0004PP0031,631
0032PP0035,624
0073PP0022,621
0132PP0031,620
0132PP0037,612
0083PP0030,610
0044PP0010,609
0032PP0041,597
0032PP0008,589
0073PP0069,588
0044PP0012,588
0073PP0029,583
0071PP0007,581
0085PP0065,579
0073PP0062,567
0030PP0056,567
0130PP0024,565
0069PP0195,563
0119PP0056,561
0032PP0044,560
0069PP0097,558
0071PP0056,556
0069PP0057,554
0132PP0020,550
0069PP0122,549
0073PP0014,549
0062PP0089,545
0116PP0023,535
0132PP0006,535
0069PP0031,535
0132PP0027,533
0132PP0013,520
0073PP0019,520
0030PP0039,517
0001PP0021,516
0099PP0015,516
0083PP0023,515
0044PP0007,513
0129PP0005,513
0116PP0025,510
0130PP0019,510
0001PP0039,510
0032PP0045,508
0030PP0010,507
0004PP0062,503
0069PP0199,502
0073PP0047,502
0001PP0123,501
0123PP0006,499
0069PP0120,498
0069PP0138,497
0099PP0009,496
0083PP0040,495
0073PP0050,495
0030PP0011,495
0069PP0194,495
0069PP0144,492
0069PP0165,490
0129PP0013,489
0032PP0061,488
0073PP0051,488
0001PP0028,486
0083PP0014,485
0071PP0018,484
0001PP0119,483
0113PP0014,483
0129PP0001,482
0071PP0055,482
0032PP0003,481
0069PP0209,479
0069PP0067,478
0069PP0105,477
0030PP0027,477
0032PP0017,474
0030PP0030,473
0073PP0053,473
0004PP0024,471
0129PP0012,470
0131PP0018,466
0071PP0004,466
0073PP0064,466
0069PP0130,463
0132PP0016,462
0069PP0161,461
0071PP0041,460
0044PP0006,459
0069PP0107,458
0071PP0032,457
0001PP0084,457
0073PP0041,454
0069PP0216,452
0071PP0070,450
0032PP0036,448
0132PP0009,447
0071PP0017,446
0030PP0007,446
0069PP0163,443
0071PP0049,441
0132PP0030,441
0071PP0054,440
0129PP0008,440
0073PP0068,440
0073PP0027,439
0073PP0020,439
0119PP0031,437
0016PP0006,437
0062PP0046,437
0069PP0066,435
0083PP0007,434
0044PP0015,433
0032PP0050,431
0032PP0069,431
0045PP0037,429
0032PP0059,429
0083PP0047,428
0071PP0074,428
0111PP0077,428
0001PP0083,427
0071PP0058,427
0001PP0062,426
0069PP0124,426
0067PP0014,426
0131PP0023,425
0085PP0032,424
0129PP0010,423
0069PP0041,422
0062PP0085,422
0001PP0050,421
0004PP0037,421
0032PP0009,419
0083PP0004,418
0069PP0191,416
0132PP0015,416
0069PP0201,415
0129PP0003,415
0030PP0002,415
0083PP0035,415
0073PP0031,415
0130PP0005,414
0030PP0017,414
0071PP0005,412
0069PP0172,410
0004PP0082,409
0032PP0039,409
0001PP0063,409
0130PP0002,409
0030PP0054,408
0071PP0039,408
0071PP0068,405
0069PP0110,404
0073PP0015,404
0062PP0067,404
0111PP0035,402
0030PP0005,401
0069PP0076,401
0001PP0052,400
0004PP0049,399
0069PP0127,399
0071PP0064,398
0069PP0213,397
0085PP0033,397
0030PP0018,397
0083PP0034,396
0083PP0041,396
0073PP0039,396
0073PP0056,396
0129PP0002,396
0069PP0175,395
0044PP0016,394
0055PP0018,393
0044PP0001,393
0004PP0023,393
0001PP0116,392
0030PP0050,392
0130PP0014,392
0130PP0022,392
0071PP0071,391
0071PP0021,391
0069PP0011,389
0071PP0069,388
0132PP0017,387
0073PP0082,387
0073PP0067,387
0133PP0028,386
0085PP0080,384
0030PP0004,384
0073PP0043,384
0069PP0139,384
0099PP0001,383
0071PP0025,383
0073PP0066,383
0073PP0010,382
0063PP0009,382
0085PP0011,381
0045PP0075,381
0004PP0004,380
0071PP0020,380
0071PP0012,379
0083PP0015,379
0001PP0048,379
0062PP0095,379
0069PP0187,378
0062PP0065,378
0069PP0103,378
0132PP0004,377
0005PP0069,376
0071PP0072,376
0111PP0056,375
0071PP0059,375
0069PP0108,374
0004PP0070,374
0083PP0010,373
0062PP0043,372
0071PP0078,372
0083PP0024,372
0044PP0013,372
0071PP0024,371
0004PP0076,370
0032PP0057,370
0073PP0063,369
0069PP0193,369
0132PP0023,368
0069PP0204,368
0004PP0033,368
0132PP0024,367
0123PP0004,366
0032PP0062,366
0069PP0032,366
0083PP0039,366
0055PP0005,366
0073PP0052,365
0073PP0081,365
0005PP0008,364
0062PP0011,364
0004PP0009,362
0114PP0006,362
0083PP0033,362
0129PP0009,361
0071PP0067,361
0071PP0046,361
0123PP0003,360
0001PP0020,360
0119PP0025,360
0099PP0012,359
0071PP0050,358
0062PP0063,358
0069PP0056,358
0073PP0057,357
0133PP0007,356
0073PP0026,356
0085PP0001,355
0001PP0013,355
0132PP0040,354
0073PP0002,354
0069PP0157,354
0131PP0032,353
0071PP0013,353
0055PP0054,352
0001PP0057,352
0116PP0010,351
0083PP0048,351
0130PP0018,351
0099PP0023,351
0062PP0082,350
0005PP0051,350
0129PP0011,349
0045PP0013,348
0133PP0027,348
0069PP0077,348
0071PP0077,346
0123PP0010,346
0001PP0058,346
4129PP0861,346
0032PP0063,345
0004PP0044,345
0083PP0005,345
0083PP0011,345
0004PP0073,344
0001PP0040,344
0085PP0057,342
0073PP0032,342
0069PP0039,341
0004PP0036,341
0069PP0063,341
0119PP0014,340
0085PP0087,340
0083PP0013,339
0071PP0065,339
0073PP0055,338
0083PP0017,338
0030PP0046,338
0069PP0183,337
0030PP0055,337
0130PP0010,337
0030PP0041,336
0119PP0012,336
0085PP0052,335
0130PP0020,335
0119PP0010,335
0001PP0042,335
0062PP0087,334
0030PP0037,333
0071PP0006,332
0073PP0061,332
0073PP0034,332
0001PP0032,332
0131PP0017,331
0132PP0022,331
0069PP0055,331
0004PP0051,331
0073PP0042,331
0071PP0037,330
0069PP0129,329
0132PP0032,329
0062PP0086,328
0030PP0042,328
0083PP0009,327
0124PP0002,327
0030PP0026,326
0032PP0027,326
0069PP0203,326
0073PP0003,325
0085PP0062,325
0133PP0006,325
0073PP0040,325
0131PP0001,324
0073PP0008,323
0004PP0054,323
0071PP0033,322
0132PP0038,321
0133PP0008,321
0071PP0023,321
0062PP0018,321
0131PP0011,320
0073PP0021,320
0001PP0056,320
0032PP0067,319
0069PP0078,319
0073PP0072,319
0116PP0027,319
0119PP0007,319
0071PP0066,318
0055PP0053,318
0069PP0068,317
0085PP0053,317
0032PP0043,315
0133PP0026,314
0116PP0005,314
0069PP0141,314
0032PP0030,313
0071PP0026,313
0071PP0019,313
0132PP0010,312
0005PP0032,312
0032PP0054,312
0073PP0001,312
0116PP0024,311
0030PP0048,311
0130PP0013,311
0073PP0065,311
0131PP0034,310
0083PP0020,310
0005PP0055,310
0133PP0029,309
0083PP0012,309
0032PP0018,309
0073PP0080,309
0069PP0133,308
0069PP0069,308
0062PP0088,308
4085PP0485,308
0083PP0036,307
0116PP0009,307
4069PP3146,307
0001PP0019,307
0083PP0028,307
0067PP0016,306
0069PP0145,306
0116PP0006,306
0069PP0014,306
0099PP0026,306
0073PP0079,306
0055PP0019,306
0001PP0027,305
0083PP0016,305
0069PP0058,304
0071PP0016,304
0130PP0017,304
0004PP0074,304
0032PP0026,304
0045PP0049,304
0116PP0035,303
0032PP0012,303
0131PP0013,303
0062PP0090,303
0111PP0037,301
0044PP0002,301
0133PP0014,301
0124PP0004,300
0001PP0003,299
0119PP0054,299
0069PP0158,299
0085PP0084,298
0004PP0008,298
0085PP0042,298
0132PP0001,298
0083PP0032,298
0085PP0072,297
4069PP0370,297
0001PP0059,297
0069PP0095,297
0085PP0078,296
0132PP0003,296
0004PP0068,296
0099PP0008,296
0133PP0011,296
0069PP0169,295
0132PP0029,294
0071PP0076,294
0069PP0208,294
0113PP0024,293
0085PP0059,293
0071PP0040,293
0083PP0049,293
0071PP0052,293
0062PP0053,292
0132PP0034,292
0069PP0099,291
0083PP0046,291
0030PP0019,291
0043PP0033,291
0083PP0044,291
0069PP0156,291
0044PP0023,290
0132PP0012,290
0100PP0080,290
0055PP0028,290
0067PP0002,290
0123PP0001,290
0055PP0004,290
0133PP0021,290
0085PP0068,289
0045PP0028,288
4062PP7669,288
0116PP0013,287
0033PP0001,286
0071PP0063,286
0073PP0070,286
0004PP0003,286
0085PP0027,286
0030PP0015,286
0032PP0031,286
0045PP0050,285
0062PP0058,285
0100PP0102,285
0062PP0078,285
0004PP0060,285
0069PP0186,284
0130PP0008,284
0069PP0059,284
4062PP0932,284
0069PP0034,284
0083PP0038,283
0069PP0160,283
0083PP0027,282
0032PP0055,282
0062PP0098,282
0099PP0027,282
0069PP0006,282
0071PP0027,281
0069PP0188,281
0062PP0077,281
0116PP0026,281
0116PP0012,281
0085PP0076,281
0032PP0056,280
0073PP0073,280
0067PP0001,280
0136PP0014,280
0030PP0012,280
0132PP0036,280
0069PP0018,280
0062PP0012,279
0085PP0048,278
0004PP0066,278
0055PP0025,278
0069PP0081,278
0099PP0004,278
0132PP0028,278
0004PP0038,278
0073PP0048,278
0069PP0211,278
0030PP0016,278
0085PP0050,277
0032PP0020,277
0062PP0060,277
0062PP0083,277
0005PP0063,276
0004PP0072,276
0044PP0017,276
0001PP0016,275
0117PP0041,275
0135PP0031,275
0071PP0062,274
0032PP0049,274
0119PP0003,274
0133PP0025,274
0004PP0010,274
0069PP0121,273
0032PP0046,273
0073PP0033,272
0073PP0036,272
0071PP0036,272
0081PP0004,272
0062PP0093,272
0123PP0005,272
0116PP0015,272
0119PP0022,271
0016PP0011,271
0111PP0053,271
4132PP1946,271
0133PP0020,271
0073PP0018,270
0073PP0005,270
0071PP0034,270
0116PP0007,269
0044PP0011,269
0055PP0041,269
0005PP0020,268
0069PP0198,268
0001PP0011,268
0043PP0071,268
0069PP0002,268
0085PP0043,268
0030PP0021,267
0113PP0017,267
0133PP0031,267
0001PP0029,267
0113PP0008,267
0043PP0050,266
0071PP0001,265
0045PP0080,264
0001PP0075,264
0125PP0006,264
0085PP0002,264
0001PP0008,264
0069PP0148,264
0062PP0025,264
0004PP0018,264
0043PP0038,264
0001PP0023,264
0067PP0017,264
0069PP0164,263
0069PP0185,263
0044PP0022,263
0099PP0029,263
0045PP0024,263
0111PP0039,263
0001PP0121,263
0095PP0015,263
0069PP0090,263
0130PP0028,263
0032PP0010,263
0117PP0038,262
0069PP0212,262
0073PP0049,262
0085PP0008,262
0069PP0152,262
0004PP0043,261
4119PP0126,261
0030PP0032,260
0062PP0059,260
0129PP0014,260
0116PP0018,260
0131PP0027,260
0032PP0002,260
0004PP0061,260
0133PP0001,259
0001PP0001,259
0069PP0074,258
0132PP0002,257
0069PP0128,257
0130PP0001,257
0116PP0017,257
0073PP0007,257
0073PP0009,256
0132PP0026,256
0062PP0021,256
0083PP0045,256
0131PP0031,256
0004PP0064,255
0116PP0001,255
0004PP0045,255
0001PP0049,255
0130PP0011,255
0129PP0006,255
0119PP0001,255
0032PP0001,254
0043PP0047,254
0073PP0078,254
0032PP0038,254
0055PP0051,254
0055PP0052,254
0069PP0022,254
0119PP0005,253
0085PP0021,253
0068PP0008,253
0055PP0027,253
0001PP0068,253
0043PP0074,253
0085PP0034,253
0062PP0023,253
0069PP0149,253
0119PP0023,253
0069PP0065,252
0069PP0168,252
0073PP0024,252
0081PP0001,252
0030PP0013,251
0083PP0002,251
0071PP0075,251
0100PP0035,250
0116PP0019,250
0131PP0025,250
0045PP0031,250
0045PP0033,250
4069PP1723,250
0062PP0084,250
4062PP5436,249
0005PP0001,249
0081PP0053,249
0085PP0014,249
0001PP0045,249
0085PP0020,249
0071PP0035,249
0032PP0060,248
0131PP0004,248
4032PP1957,248
0123PP0009,248
0135PP0027,248
0083PP0022,248
0117PP0030,248
0032PP0033,247
0062PP0056,247
0113PP0025,247
0085PP0010,247
0133PP0030,247
0004PP0035,246
0073PP0076,246
0083PP0031,246
0063PP0002,246
0069PP0171,246
0004PP0022,246
0032PP0005,246
0123PP0007,246
0085PP0004,245
0131PP0030,245
0069PP0178,245
0030PP0043,245
0071PP0030,244
0069PP0046,244
0073PP0017,244
0067PP0005,244
0030PP0006,244
0131PP0016,244
0111PP0026,244
0131PP0009,243
0032PP0021,243
0083PP0029,243
0062PP0061,243
0071PP0031,242
3043PP0840,242
0133PP0023,242
0055PP0034,242
0069PP0136,242
0071PP0043,242
0016PP0033,242
0116PP0002,242
0133PP0040,242
0071PP0079,242
0069PP0075,242
0055PP0031,242
0069PP0015,241
0043PP0007,241
0043PP0063,241
0062PP0029,241
0055PP0056,241
0119PP0004,241
0044PP0019,241
0069PP0050,241
0062PP0044,240
0062PP0057,240
0047PP0015,240
0069PP0167,239
0085PP0086,239
0116PP0016,239
0069PP0096,239
0111PP0041,239
0055PP0033,239
0073PP0004,238
0055PP0032,238
0062PP0038,238
0119PP0002,237
0032PP0006,237
0069PP0150,237
0069PP0174,237
0055PP0006,236
0043PP0075,236
0100PP0071,236
0071PP0029,235
0005PP0052,235
0125PP0002,235
0016PP0028,235
0085PP0007,235
0015PP0019,235
0085PP0079,234
0004PP0021,234
0069PP0054,234
0032PP0052,234
3043PP1613,234
0111PP0060,234
0001PP0035,234
0001PP0010,233
0099PP0006,233
0085PP0019,233
0085PP0063,233
0073PP0030,232
0083PP0025,232
0004PP0057,232
0004PP0017,232
0062PP0073,231
0096PP0016,231
0119PP0009,231
0001PP0072,231
4073PP3782,231
0111PP0001,230
0030PP0008,230
0073PP0060,230
0071PP0008,230
0069PP0070,230
3043PP1388,230
0073PP0083,229
4131PP0249,228
0004PP0048,228
0095PP0008,228
0032PP0019,228
0116PP0028,228
0083PP0001,227
0132PP0007,227
0073PP0037,227
0045PP0021,227
0117PP0042,227
0085PP0071,226
0119PP0017,226
0119PP0038,226
0045PP0034,226
0071PP0009,226
0130PP0023,226
0069PP0125,226
0133PP0032,225
0030PP0047,225
0032PP0015,225
0133PP0016,225
0004PP0067,225
0071PP0003,225
0071PP0002,225
0130PP0021,225
0045PP0001,225
0067PP0015,224
0016PP0003,224
0001PP0125,224
0016PP0035,224
0016PP0025,224
0055PP0026,223
0073PP0059,223
0063PP0021,223
0062PP0026,223
3043PP1951,223
0111PP0018,223
0071PP0011,223
4004PP1834,223
0069PP0135,222
0055PP0002,222
0132PP0019,222
0073PP0071,221
0043PP0022,221
0032PP0025,221
0111PP0006,221
0111PP0074,221
0133PP0022,221
0083PP0050,221
0069PP0019,221
0032PP0011,221
0004PP0028,220
0055PP0047,220
0133PP0024,220
0005PP0061,220
3043PP0845,220
0004PP0040,220
0047PP0009,219
0055PP0020,219
0030PP0014,219
0085PP0037,219
0073PP0075,219
4032PP0921,219
0069PP0217,218
0132PP0039,218
0043PP0036,218
0099PP0031,218
0071PP0057,218
0004PP0046,218
0100PP0048,218
0085PP0085,218
4062PP7960,218
0047PP0029,217
0136PP0001,217
0043PP0045,217
0069PP0134,217
0004PP0019,217
0117PP0036,217
0032PP0023,217
0131PP0022,216
0113PP0022,216
0083PP0021,216
4069PP0368,216
0069PP0094,216
0110PP0011,215
0095PP0037,215
0075PP0025,215
0055PP0021,215
0063PP0014,215
0045PP0015,215
0043PP0019,215
0069PP0064,215
0119PP0043,214
0085PP0018,214
0073PP0023,214
0102PP0001,214
0004PP0020,214
0043PP0056,213
0133PP0039,213
0045PP0007,213
0067PP0012,213
0085PP0030,213
0069PP0170,213
0114PP0001,213
0085PP0054,213
0073PP0074,212
0062PP0068,212
0044PP0018,212
0085PP0017,212
0071PP0045,212
0111PP0048,212
0043PP0067,212
0116PP0030,212
0005PP0010,212
0069PP0084,212
0069PP0154,212
0004PP0078,211
0098PP0006,211
0136PP0004,211
0073PP0011,211
0085PP0055,211
0136PP0010,211
0135PP0009,211
0069PP0111,211
0043PP0034,210
0005PP0046,210
0085PP0064,210
0055PP0029,210
0030PP0024,210
0055PP0015,210
4100PP3733,210
0061PP0001,210
0111PP0066,209
0001PP0005,208
4030PP0163,208
0069PP0092,208
0047PP0026,208
4071PP3750,208
0116PP0003,208
0013PP0010,208
0124PP0007,208
0125PP0001,207
4116PP1705,207
4071PP2571,207
0099PP0025,207
4083PP1242,207
0005PP0016,207
3043PP1612,207
0062PP0001,207
4073PP5106,206
0081PP0010,206
0070PP0002,206
0001PP0102,205
0085PP0075,205
4069PP5982,205
0085PP0077,205
0063PP0031,205
0131PP0039,204
0083PP0018,204
0069PP0028,204
0069PP0117,204
0030PP0033,204
0119PP0013,204
0085PP0031,204
0085PP0056,204
0119PP0027,204
4069PP5610,204
0136PP0019,204
0119PP0035,204
0062PP0079,203
0131PP0002,203
0135PP0029,203
0098PP0001,203
4005PP0098,203
0079PP0002,203
0123PP0013,202
0085PP0069,202
0032PP0065,202
0010PP0003,202
0119PP0046,202
4096PP0520,202
0059PP0002,202
0069PP0132,202
0111PP0019,201
0001PP0012,201
0069PP0009,201
0135PP0003,201
3043PP1610,201
0004PP0012,200
0001PP0024,200
0069PP0085,200
0032PP0058,200
4004PP0833,200
0032PP0014,200
0132PP0025,200
0032PP0047,200
0113PP0003,199
0063PP0033,199
0045PP0065,199
0005PP0036,199
4073PP3169,199
4133PP2419,199
0032PP0048,199
0099PP0028,198
0005PP0021,198
0045PP0026,198
4045PP1098,198
0062PP0066,198
0004PP0065,198
0116PP0032,198
0044PP0009,198
0095PP0003,198
0117PP0045,197
0043PP0057,197
0116PP0014,197
0030PP0053,197
0098PP0003,197
0062PP0064,197
0032PP0068,197
0073PP0006,197
0125PP0003,197
0131PP0010,197
0085PP0074,197
0085PP0045,197
0004PP0052,196
0073PP0012,196
0004PP0032,196
0032PP0022,196
0123PP0008,196
0110PP0009,196
4004PP2583,195
0083PP0037,195
0124PP0001,195
0063PP0001,195
0032PP0053,194
0081PP0042,194
0069PP0093,194
0069PP0073,194
0043PP0031,194
0040PP0001,194
0045PP0003,194
0131PP0033,194
0069PP0182,194
0110PP0033,193
0085PP0028,193
0097PP0006,193
0114PP0007,193
0001PP0009,192
0096PP0018,192
0001PP0128,192
4073PP2210,192
0043PP0059,192
0073PP0054,192
0069PP0119,191
0001PP0018,191
0001PP0071,191
0069PP0215,191
0045PP0009,191
0030PP0001,191
0131PP0029,191
0096PP0023,191
0106PP0001,191
4069PP2775,190
0095PP0017,190
0081PP0002,190
0133PP0017,190
0095PP0021,190
0085PP0009,190
0069PP0189,190
0095PP0009,190
0114PP0003,189
0043PP0026,189
0001PP0022,189
0043PP0013,189
0073PP0045,189
4069PP3125,189
4069PP2427,188
0073PP0038,188
0001PP0033,188
0055PP0001,188
0085PP0060,188
0055PP0022,188
0073PP0044,188
0085PP0073,188
0001PP0089,187
0069PP0001,187
0085PP0025,187
0032PP0042,187
0117PP0034,187
0116PP0034,187
0022PP0003,187
4085PP0479,187
0061PP0002,187
0053PP0001,186
0062PP0014,186
4062PP0318,186
4062PP1182,186
0083PP0003,186
0111PP0052,186
0047PP0005,186
0062PP0037,186
0069PP0151,186
0085PP0082,186
0043PP0021,186
0067PP0009,185
4032PP2599,185
0005PP0025,185
0005PP0066,185
4043PP2915,185
0043PP0041,185
0062PP0051,185
0032PP0024,185
0119PP0032,185
0004PP0081,184
0097PP0034,184
0133PP0033,184
0097PP0049,184
0119PP0030,184
0083PP0026,184
0069PP0027,183
0055PP0011,183
0014PP0001,183
0044PP0024,183
0032PP0004,183
0073PP0077,183
0123PP0012,183
0047PP0036,183
0045PP0085,183
0111PP0043,183
0069PP0177,183
0119PP0055,182
0005PP0006,182
0045PP0006,182
0032PP0037,182
0111PP0057,182
0097PP0045,181
0069PP0140,181
0095PP0007,181
0045PP0051,181
0133PP0012,181
0055PP0038,181
0001PP0015,181
0133PP0015,181
0113PP0006,181
0009PP0004,181
0032PP0016,181
0044PP0005,181
0055PP0003,181
0055PP0044,180
0111PP0027,180
0008PP0024,180
0069PP0115,180
0111PP0046,180
0136PP0012,180
0004PP0011,180
0055PP0037,180
0099PP0016,180
0133PP0010,180
0030PP0009,180
0005PP0003,180
0119PP0024,180
0062PP0070,179
0075PP0001,179
0097PP0029,179
0085PP0083,179
0055PP0036,179
0004PP0069,179
0045PP0087,179
0057PP0001,178
0111PP0058,178
4131PP2309,178
0100PP0039,178
0066PP0027,178
4073PP1328,177
0131PP0036,177
0075PP0002,177
0069PP0083,177
0072PP0016,176
0052PP0001,176
0001PP0002,176
0001PP0046,176
4069PP2351,175
0135PP0016,175
0015PP0012,175
0004PP0027,174
0004PP0014,174
0047PP0007,174
0096PP0024,174
0069PP0131,174
0136PP0018,174
0063PP0007,174
0001PP0038,174
0043PP0060,174
0095PP0035,174
0004PP0026,173
0001PP0107,173
0132PP0011,173
0095PP0005,173
0004PP0079,173
0055PP0035,173
0119PP0036,173
0119PP0041,173
0062PP0096,173
0005PP0064,173
0131PP0006,173
0071PP0047,173
0075PP0019,172
0111PP0067,172
0085PP0046,172
0119PP0052,172
0069PP0118,172
0062PP0041,172
0032PP0051,172
3043PP0842,172
4111PP0959,171
0114PP0005,171
0136PP0003,171
0083PP0043,171
0119PP0047,171
0033PP0017,171
0062PP0091,171
0045PP0086,170
0004PP0041,170
0062PP0080,170
0043PP0001,170
0055PP0030,170
0133PP0002,170
0062PP0097,170
0132PP0035,170
0032PP0029,170
0085PP0013,169
0004PP0006,169
0119PP0020,169
0117PP0020,169
0073PP0025,169
0055PP0042,169
0116PP0004,168
4085PP0491,168
0062PP0030,168
0001PP0037,168
0027PP0002,168
4085PP2053,168
0061PP0037,168
0119PP0053,168
4069PP3472,168
0095PP0001,168
4069PP8518,168
0116PP0031,168
0030PP0051,168
0001PP0055,167
0053PP0012,167
0133PP0037,167
0119PP0040,167
0043PP0018,167
0069PP0166,167
0005PP0068,167
0136PP0007,167
0062PP0047,167
0119PP0026,167
0069PP0007,167
0047PP0028,166
0098PP0013,166
0133PP0013,166
0111PP0032,166
4132PP0240,166
0085PP0081,166
3043PP0839,165
4085PP0475,165
0130PP0003,165
0016PP0001,165
0005PP0035,165
4069PP2587,165
0111PP0064,165
0001PP0127,165
0119PP0029,165
0011PP0002,165
0133PP0009,164
4069PP2126,164
0001PP0079,164
4132PP5064,164
3043PP1667,164
0063PP0028,164
0005PP0050,164
0014PP0010,164
0073PP0013,164
0111PP0004,164
0031PP0004,164
4069PP3138,163
0130PP0015,163
0043PP0064,163
0004PP0058,163
0004PP0083,163
0045PP0084,163
0043PP0010,163
0015PP0018,163
0001PP0070,162
0069PP0181,162
4069PP2654,162
0001PP0043,162
0097PP0011,162
0077PP0080,162
0107PP0014,162
0117PP0052,161
0048PP0007,161
4045PP0233,161
0069PP0091,161
0055PP0024,161
0067PP0013,161
4119PP2326,160
0111PP0022,160
0092PP0018,160
3043PP1954,160
0062PP0034,160
4095PP0504,160
0078PP0011,160
0095PP0028,160
0004PP0029,160
0030PP0020,160
0092PP0001,160
0055PP0040,160
3043PP3669,160
0098PP0007,159
0043PP0054,159
0043PP0006,159
4071PP2381,159
0095PP0036,159
4062PP0967,159
0045PP0079,159
0136PP0017,159
0069PP0123,159
0124PP0005,158
0099PP0022,158
4032PP1746,158
0069PP0013,158
0100PP0058,158
0055PP0014,158
0069PP0153,158
0053PP0041,158
0069PP0116,157
0133PP0038,157
0078PP0008,157
4071PP3780,157
0070PP0003,157
0062PP0031,157
0008PP0030,157
0069PP0082,157
0102PP0002,157
0043PP0078,157
4132PP0912,157
0062PP0075,157
0083PP0006,157
0069PP0008,156
0133PP0035,156
4069PP2701,156
0071PP0060,156
0062PP0081,156
0069PP0112,156
0092PP0026,156
0136PP0011,156
0069PP0109,156
0043PP0023,156
4069PP0363,156
0043PP0043,155
4062PP6407,155
0074PP0001,155
0062PP0024,155
0063PP0011,155
0043PP0048,155
0073PP0058,155
0032PP0028,155
0114PP0002,155
0111PP0014,155
4069PP0362,155
4069PP1853,154
0111PP0072,154
0001PP0093,154
0085PP0066,154
4071PP0387,154
4133PP1118,154
0032PP0032,154
0098PP0047,154
0136PP0013,154
0071PP0048,154
0005PP0045,154
0135PP0018,153
4073PP1189,153
0133PP0018,153
0086PP0003,153
0073PP0028,152
0062PP0062,152
0007PP0028,152
0123PP0002,152
0004PP0047,152
0081PP0050,152
0001PP0120,152
0096PP0020,152
0028PP0023,152
4071PP5494,152
0111PP0062,151
0116PP0020,151
0098PP0043,151
4062PP1134,151
0005PP0009,151
4062PP2031,151
0095PP0006,151
0043PP0080,151
0004PP0050,151
4062PP1009,151
0111PP0050,151
0135PP0020,151
4069PP2432,151
0055PP0016,151
0071PP0061,150
4069PP3931,150
4131PP8183,150
4111PP0290,150
0123PP0015,150
0011PP0007,150
0062PP0076,150
0062PP0048,150
0069PP0190,150
0043PP0051,150
0005PP0018,150
0119PP0057,150
0069PP0147,150
0045PP0046,150
0110PP0006,150
0132PP0014,150
0131PP0024,149
0085PP0047,149
0043PP0028,149
4030PP3928,149
0097PP0048,149
0086PP0026,149
0004PP0015,149
0086PP0001,149
0093PP0001,149
0030PP0023,149
0069PP0087,149
0007PP0002,149
0085PP0040,149
0004PP0075,149
0130PP0009,148
0117PP0037,148
0098PP0010,148
0008PP0061,148
0078PP0014,148
0062PP0015,148
0012PP0002,148
0130PP0026,148
0119PP0018,148
0081PP0063,148
0085PP0067,148
0004PP0016,147
0131PP0037,147
0097PP0038,147
0081PP0008,147
0069PP0047,147
0102PP0036,147
0069PP0044,147
0111PP0030,147
0085PP0005,147
0117PP0017,147
0069PP0214,147
0069PP0162,147
4131PP3819,147
4083PP2637,147
0043PP0014,147
0001PP0129,147
0119PP0037,146
0097PP0044,146
0005PP0022,146
0069PP0043,146
0069PP0061,146
0114PP0009,146
0005PP0007,146
0028PP0033,146
0111PP0063,146
0028PP0006,146
4083PP3657,146
0001PP0092,145
4069PP2705,145
0098PP0004,145
0125PP0004,145
0004PP0071,145
4071PP1089,145
0069PP0102,144
0026PP0010,144
4132PP8495,144
0097PP0046,144
0096PP0001,144
0136PP0002,144
0111PP0013,144
0119PP0044,144
0102PP0037,144
0073PP0046,144
0113PP0007,144
4132PP2685,144
0069PP0098,143
0006PP0007,143
0032PP0066,143
0045PP0073,143
4069PP3470,143
0062PP0005,143
0133PP0041,143
0069PP0072,143
0041PP0001,143
0081PP0062,143
0001PP0031,143
0108PP0001,143
0069PP0060,143
0132PP0005,143
4004PP2094,142
0096PP0003,142
4131PP3427,142
0040PP0002,142
0102PP0068,142
0111PP0003,142
0004PP0077,142
0043PP0015,142
0007PP0017,142
0032PP0040,142
0100PP0026,142
0081PP0022,142
0008PP0011,142
0111PP0070,142
0030PA0022,142
4069PP1076,142
0102PP0021,141
0096PP0007,141
0062PP0008,141
4073PP0924,141
0119PP0008,141
0069PP0142,141
0110PP0053,141
4132PP5121,141
0005PP0037,141
0043PP0076,141
0076PP0003,141
0004PP0034,141
0031PP0011,141
4135PP0999,141
0047PP0023,141
0069PP0026,141
0005PP0028,141
0136PP0020,140
0135PP0006,140
4069PP2436,140
0043PP0042,140
0030PP0031,140
0014PP0008,140
4130PP8358,140
0001PP0017,139
0131PP0012,139
0012PP0006,139
0099PP0030,139
0007PP0067,139
0008PP0033,139
0031PP0001,139
0015PP0010,139
4069PP2383,139
4004PP3482,138
0135PP0022,138
0113PP0002,138
0066PP0030,138
0001PP0076,138
0071PP0022,138
0119PP0028,138
3096PP1335,138
0062PP0069,138
0059PP0064,138
0067PP0006,138
0100PP0055,138
0087PP0001,138
4069PP2631,138
0077PP0004,138
4069PP1208,137
3109PP0894,137
4032PP2580,137
4071PP3687,137
0062PP0039,137
0015PP0029,137
0004PP0080,137
0069PP0146,137
0062PP0019,137
0085PP0023,137
4095PP6444,137
0117PP0026,137
0055PP0055,137
0071PP0042,137
0045PP0005,137
0079PP0013,137
0106PP0002,136
4111PP1055,136
4004PP3356,136
0066PP0006,135
0001PP0124,135
4001PP0036,135
4085PP0482,135
0070PP0037,135
0062PP0027,135
0024PP0001,135
0009PP0002,135
0069PP0155,135
0073PP0035,135
0069PP0143,135
4117PP2516,135
0001PP0025,135
0009PP0001,134
0135PP0008,134
0135PP0023,134
4119PP1570,134
4100PP1559,134
0136PP0015,134
0097PP0043,134
0015PP0022,134
0085PP0051,134
3043PP1611,134
4131PP1755,134
0049PP0046,134
0043PP0032,134
0062PP0017,134
0111PP0011,134
4045PP1797,134
4133PP0254,134
0077PP0076,133
0107PP0001,133
0062PP0032,133
4132PP2563,133
0020PP0035,133
0133PP0004,133
0053PP0021,133
0111PP0005,133
0043PP0040,133
0008PP0050,133
0136PP0008,133
0066PP0007,133
0077PP0053,133
0111PP0049,133
0133PP0005,133
0119PP0045,133
4085PP0480,132
0062PP0010,132
0020PP0001,132
0028PP0068,132
0135PP0004,132
4004PP9168,132
0005PP0033,132
0108PP0062,131
0005PP0023,131
0095PP0040,131
0005PP0038,131
4085PP0763,131
4117PP1241,131
4119PP4969,131
0113PP0005,131
0076PP0055,131
3043PP2153,131
0075PP0004,131
0062PP0052,131
0069PP0180,131
0026PP0050,130
0113PP0018,130
0069PP0071,130
0131PP0035,130
0116PP0029,130
0098PP0011,130
0019PP0006,130
0111PP0010,130
0047PP0011,130
3043PP2274,130
0116PP0008,129
0032PP0034,129
0001PP0006,129
0111PP0034,129
4131PP0634,129
0111PP0017,129
0031PP0012,129
0078PP0012,129
0043PP0016,128
0045PP0027,128
0075PP0049,128
0063PP0012,128
0133PP0036,128
0077PP0032,128
4043PP5069,128
0119PP0049,128
0061PP0006,128
0047PP0033,128
4100PP0410,128
0124PP0003,128
0047PP0017,128
0075PP0051,127
0005PP0013,127
0055PP0049,127
0049PP0001,127
0099PP0033,127
0063PP0029,127
4045PP0216,127
4032PP0884,127
0062PP0033,127
0071PP0028,126
4004PP3648,126
0085PP0015,126
0111PP0033,126
4069PP2783,126
0070PP0001,126
0071PP0038,126
4111PP0285,126
0013PP0021,126
4062PP0325,126
0008PP0037,126
4071PP0386,126
0079PP0020,126
0117PP0016,126
0053PP0018,126
0117PP0029,126
0102PP0014,125
0001PP0065,125
0085PP0035,125
0111PP0055,125
0008PP0073,125
0131PP0005,125
0132PP0041,124
4133PP5374,124
0062PP0013,124
0055PP0048,124
4071PP5029,124
0071PP0051,124
4071PP5037,124
0097PP0031,124
0111PP0031,124
0097PP0002,124
4069PP3328,124
0109PP0020,124
0136PP0021,124
0079PP0054,123
0071PP0053,123
0119PP0050,123
4083PP2818,123
0049PP0017,123
0047PP0001,123
0028PP0049,123
0076PP0030,123
0043PP0065,123
0016PP0026,123
0063PP0034,123
0043PP0035,123
0111PP0045,122
0015PP0014,122
0131PP0015,122
4131PP0263,122
0063PP0024,122
0096PP0017,122
0028PP0007,122
0100PP0015,122
0095PP0022,122
4129PP2914,122
0135PP0002,122
0075PP0052,122
0119PP0048,121
0062PP0054,121
0096PP0006,121
4111PP1837,121
0004PP0013,121
4117PP0214,121
4100PP0438,121
0117PP0023,121
4043PP3627,121
4004PP0071,121
0001PP0073,121
0028PP0005,121
0059PP0001,121
4133PP3113,120
0040PP0003,120
0113PP0004,120
0119PP0019,120
0102PP0056,120
0080PP0001,120
0027PP0055,120
0030PP0003,120
0100PP0001,120
4069PP3185,120
0097PP0004,120
0008PP0035,119
0017PP0029,119
0008PP0052,119
0135PP0010,119
0001PP0030,119
0043PP0046,119
0095PP0032,119
0117PP0028,119
0098PP0048,119
0075PP0010,119
0043PP0072,119
0005PP0058,119
0119PP0042,119
0069PP0036,119
4133PP0241,119
4073PP3661,119
4043PP2969,118
0102PP0059,118
0045PP0011,118
4083PP1217,118
4069PP8746,118
0075PP0003,118
0024PP0040,118
0130PP0025,118
0119PP0006,118
0085PP0003,118
0055PP0043,118
0133PP0019,118
0135PP0021,118
4069PP2382,118
0135PP0028,117
0043PP0062,117
0097PP0042,117
0016PP0027,117
0071PP0044,117
0008PP0060,117
0073PP0016,117
0004PP0039,117
0093PP0012,117
0062PP0002,117
4055PP2776,117
0134PP0006,117
0027PP0005,117
0111PP0036,117
4100PP1053,117
0058PP0002,117
4030PP0164,116
0100PP0108,116
0117PP0007,116
0135PP0030,116
0131PP0026,116
0133PP0003,116
0004PP0007,116
0053PP0016,116
4062PP1662,116
0069PP0048,116
0066PP0002,115
4069PP2570,115
4133PP2455,115
0015PP0017,115
0109PP0018,115
4055PP1188,115
0062PP0028,115
0047PP0035,115
0045PP0040,115
0069PP0037,115
0001PP0064,115
4129PP8517,114
0096PP0012,114
4069PP0345,114
0031PP0021,114
0135PP0001,114
4117PP0584,114
0117PP0004,114
0055PP0039,114
0095PP0004,114
0069PP0035,114
4133PP0237,114
4062PP1348,114
4004PP2451,114
4055PP0557,114
4130PP0838,114
0081PP0005,113
0014PP0019,113
0008PP0066,113
0069PP0089,113
0043PP0008,113
4073PP2413,113
0069PP0113,113
4062PP2437,112
0093PP0026,112
0070PP0007,112
4032PP8821,112
0113PP0021,112
0069PP0051,112
0069PP0033,112
0091PP0003,112
0055PP0050,112
4073PP0393,112
4069PP6270,112
4069PP0344,111
0008PP0059,111
4005PP0088,111
0070PP0038,111
0005PP0024,111
0117PP0011,111
4004PP4064,111
0032PP0013,111
0031PP0019,111
4030PP5582,111
0126PP0002,111
0095PP0027,111
4069PP3493,110
0053PP0019,110
0008PP0023,110
4116PP2117,110
0062PP0050,110
0095PP0023,110
0069PP0159,110
0043PP0020,110
4045PP0225,110
0043PP0061,110
0021PP0001,110
0004PP0001,110
0111PP0025,110
0063PP0035,110
4069PP3858,109
0111PP0044,109
0008PP0057,109
4071PP0384,109
0096PP0015,109
0100PP0021,109
0008PP0045,109
0013PP0007,109
0029PP0004,109
0001PP0044,109
0056PP0010,109
0063PP0013,109
4133PP0255,109
4055PP1047,108
0068PP0030,108
0117PP0053,108
0095PP0038,108
0043PP0079,108
0045PP0025,108
4069PP2537,108
0131PP0008,108
4116PP5087,108
0033PP0004,108
4085PP3966,108
0119PP0051,108
0135PP0012,108
0058PP0001,108
4117PP1117,108
4071PP1616,107
0055PP0007,107
4069PP0364,107
0100PP0012,107
0049PP0045,107
0131PP0003,107
0135PP0005,107
0135PP0026,107
0045PP0048,107
4116PP5091,107
4005PP1704,107
0010PP0007,106
0085PP0036,106
0045PP0045,106
0111PP0028,106
0096PP0021,106
0045PP0036,106
4073PP3655,106
0070PP0013,106
0008PP0065,106
0114PP0014,106
0014PP0007,106
0008PP0036,106
4131PP0852,106
0062PP0009,106
0111PP0020,106
4073PP3660,106
0107PP0016,105
4073PP8596,105
4032PP5800,105
0063PP0010,105
0036PP0001,105
0045PP0061,105
0064PP0009,105
0004PP0055,105
0135PP0013,105
0014PP0002,105
4062PP2963,105
0079PP0015,105
0111PP0042,105
0114PP0010,105
0109PP0017,104
0024PP0002,104
0111PP0059,104
0100PP0098,104
4069PP8535,104
0136PP0009,104
0004PP0005,104
0008PP0022,104
0035PP0001,104
0135PP0024,104
0069PP0080,104
0008PP0048,104
0008PP0006,103
0045PP0047,103
0013PP0005,103
0077PP0049,103
0001PP0036,103
0033PP0007,103
4032PP0167,103
0047PP0027,103
0075PP0028,103
0047PP0024,103
0085PP0039,103
0023PP0001,103
0062PP0006,103
0075PP0012,103
0055PP0045,103
4113PP0049,102
0117PP0035,102
0100PP0057,102
0008PP0016,102
0100PP0017,102
0085PP0016,102
0085PP0058,102
0130PP0027,102
4132PP0260,102
4083PP0257,102
0100PP0023,102
4001PP0048,102
4133PP0244,102
0015PP0004,102
0016PP0016,102
0069PP0021,102
0077PP0059,101
0085PP0006,101
0015PP0020,101
4132PP0245,101
4005PP0091,101
0093PP0003,101
0125PP0007,101
0124PP0006,101
0055PP0023,101
0060PP0006,101
0072PP0005,101
0063PP0023,100
0053PP0002,100
0100PP0053,100
0006PP0001,100
4032PP5470,100
0085PP0029,100
0062PP0049,100
0011PP0005,100
0008PP0046,100
0015PP0023,100
0077PP0051,100
4083PP6155,100
0004PP0059,100
0045PP0014,100
0015PP0016,100
0045PP0023,99
4131PP3445,99
4099PP8716,99
0005PP0027,99
0131PP0028,99
0095PP0002,99
0005PP0011,99
0008PP0055,99
0085PP0024,98
0097PP0020,98
4111PP0283,98
4005PP0834,98
0135PP0025,98
0108PP0003,98
0053PP0024,98
0070PP0020,98
0107PP0015,98
0076PP0004,98
0015PP0013,98
4069PP3198,98
0043PP0077,98
4071PP2479,98
0014PP0017,98
4132PP1507,98
0119PP0021,97
4045PP0219,97
0076PP0005,97
4119PP5154,97
0043PP0044,97
0053PP0003,97
0117PP0031,97
0088PP0001,97
0047PP0003,97
4083PP2019,97
0026PP0001,97
0075PP0007,97
3043PP0844,97
0069PP0176,97
0045PP0044,97
4073PP3837,97
4117PP0817,97
0001PP0060,97
0015PP0007,97
4069PP1886,97
4132PP1550,97
4045PP1019,97
0075PP0040,97
0011PP0016,97
4001PP0028,97
0053PP0022,97
4069PP8554,97
4111PP1301,96
0090PP0001,96
0085PP0022,96
0005PP0040,96
4095PP0512,96
0098PP0027,96
0072PP0001,96
0097PP0018,96
0016PP0020,96
0109PP0010,96
4043PP0202,96
0015PP0001,96
0043PP0002,96
0098PP0012,95
4135PP1964,95
4085PP1747,95
0097PP0001,95
0114PP0011,95
0043PP0055,95
0005PP0031,95
0008PP0068,95
0060PP0046,95
4085PP0489,95
0026PP0014,95
4069PP0353,94
0083PP0019,94
4032PP5181,94
0085PP0012,94
0102PP0034,94
0008PP0067,94
0111PP0054,94
4001PP0001,94
0102PP0042,94
0069PP0016,94
4069PP1961,94
0043PP0069,94
4133PP2982,93
0008PP0075,93
0004PP0030,93
0119PP0016,93
0054PP0003,93
4111PP0284,93
4045PP0218,93
0111PP0024,93
0069PP0024,93
0055PP0012,93
0085PP0026,93
0076PP0002,93
0087PP0015,93
4069PP8977,93
0069PP0005,93
4032PP5777,93
0135PP0014,93
0119PP0039,92
0069PP0104,92
0010PP0026,92
0026PP0012,92
0029PP0031,92
0065PP0018,92
0101PP0001,92
0026PP0003,92
0022PP0022,92
4117PP0591,92
4131PP5391,92
4045PP0236,92
0111PP0007,92
4055PP1036,92
0111PP0015,92
0069PP0038,92
0094PP0005,92
0029PP0001,92
4043PP3924,92
4132PP5333,92
0099PP0032,91
0100PP0025,91
0053PP0040,91
4071PP5331,91
0062PP0040,91
0088PP0009,91
0100PP0109,91
4069PP8630,91
0028PP0008,91
0089PP0001,91
0008PP0010,91
0083PP0008,91
4125PP1658,91
0085PP0070,91
0112PP0014,91
0015PP0003,91
4119PP0123,90
0016PP0034,90
0091PP0005,90
0078PP0021,90
0131PP0014,90
0077PP0008,90
4073PP6096,90
0096PP0022,90
4117PP0797,90
4069PP1163,90
4069PP1219,90
0045PP0062,90
4096PP0532,90
0039PP0022,90
0005PP0015,90
0117PP0027,90
4132PP2443,90
0086PP0006,90
4073PP5375,90
0129PP0004,90
4032PP3109,89
0075PP0031,89
0062PP0007,89
0085PP0038,89
4135PP0402,89
0111PP0040,89
0011PP0032,89
0040PP0031,89
0036PP0009,89
4062PP0679,89
0111PP0009,89
0045PP0010,89
4055PP2822,89
4069PP2227,89
4117PP0647,89
0102PP0011,89
0074PP0021,89
4096PP0533,88
4095PP0507,88
0067PP0020,88
0086PP0004,88
0017PP0002,88
0128PP0001,88
0098PP0044,88
0123PP0016,88
0027PP0045,88
0005PP0043,88
0069PP0086,88
0008PP0047,88
4117PP0586,88
4119PP0128,88
0077PP0001,88
0085PP0049,88
0011PP0033,88
0112PP0009,87
0001PP0067,87
0043PP0049,87
4073PP0397,87
0033PP0011,87
4005PP0716,87
0119PP0034,87
0119PP0015,87
0017PP0001,87
4131PP0259,87
4071PP5573,87
0001PP0014,87
0044PP0008,87
0045PP0016,87
0064PP0012,87
0005PP0041,87
4131PP5303,87
0045PP0032,87
0005PP0005,87
4073PP3875,87
0012PP0009,86
0112PP0022,86
0007PP0062,86
0047PP0006,86
0086PP0023,86
0001PP0117,86
0085PP0061,86
4069PP3522,86
4133PP3429,86
0100PP0040,86
0081PP0011,86
4133PP1289,86
0112PP0011,86
4041PP0181,86
0025PP0005,86
0108PP0020,86
0062PP0004,86
4044PP0265,86
0069PP0010,86
0047PP0010,86
0043PP0003,86
0085PP0044,86
0069PP0100,86
4032PP1052,85
0027PP0009,85
0081PP0018,85
0052PP0003,85
0071PP0014,85
0055PP0010,85
0043PP0068,85
0119PP0033,85
0077PP0050,85
0048PP0027,85
0132PP0008,85
0026PP0004,84
0135PP0011,84
0117PP0025,84
0135PP0019,84
4133PP0242,84
4043PP0198,84
0043PP0005,84
0004PP0025,84
4069PP1008,84
4005PP0094,84
4131PP0258,83
0031PP0014,83
0107PP0008,83
0001PP0007,83
0070PP0008,83
4032PP0169,83
4069PP1703,83
0019PP0001,83
0045PP0018,83
0136PP0005,83
0043PP0029,83
4069PP1846,83
0117PP0021,83
4085PP1058,83
0090PP0002,83
4131PP3885,83
4111PP0287,83
0008PP0014,83
0076PP0015,83
0100PP0004,83
0045PP0054,83
0007PP0019,83
4055PP2666,83
4085PP2515,83
0096PP0025,83
4055PP0889,83
4083PP2438,83
4119PP3563,83
0095PP0033,82
4133PP0256,82
0096PP0034,82
4062PP0309,82
0005PP0014,82
4073PP3829,82
4055PP7951,82
0112PP0023,82
4083PP0467,82
4119PP1574,82
0114PP0016,82
0055PP0046,82
4069PP0356,82
4055PP1168,82
0117PP0050,82
0074PP0011,82
4111PP0279,82
4100PP3652,82
0096PP0030,82
0123PP0011,81
0043PP0073,81
4133PP0261,81
4062PP0860,81
0010PP0028,81
4111PP0958,81
0047PP0004,81
0131PP0020,81
0100PP0075,81
0057PP0008,81
0135PP0015,81
0062PP0074,81
0096PP0027,81
4123PP0179,81
0026PP0022,81
4016PP0139,81
4083PP0466,80
4001PP0041,80
0043PP0053,80
0004PP0042,80
0005PP0070,80
0092PP0002,80
4069PP8779,80
0062PP0072,80
0053PP0047,80
4062PP0979,80
4055PP0560,80
0117PP0049,80
0102PP0058,80
4001PP0013,80
0100PP0007,80
0043PP0027,80
0005PP0004,80
0068PP0029,80
0062PP0071,80
0113PP0019,80
0121PP0001,79
4119PP3439,79
0062PP0035,79
3043PP2350,79
0043PP0004,79
4004PP0939,79
0076PP0001,79
0015PP0002,79
4085PP0484,79
0112PP0002,79
0089PP0008,79
4062PP2843,79
0015PP0015,79
4004PP0083,79
4004PP0919,79
0116PP0033,79
0069PP0053,79
4001PP0025,79
4071PP0383,79
0126PP0001,79
0117PP0024,79
4033PP0649,79
0008PP0013,79
4073PP2826,79
0066PP0003,79
0061PP0007,79
0131PP0007,79
0001PP0078,79
4131PP2221,79
0101PP0006,79
4073PP5314,78
0008PP0034,78
0069PP0023,78
4130PP1639,78
0081PP0041,78
0008PP0076,78
0062PP0045,78
0127PP0001,78
0117PP0005,78
4119PP0125,78
0114PP0004,78
4074PP0643,78
0012PP0040,78
0111PP0002,78
4073PP2422,77
0001PP0069,77
4131PP3060,77
4043PP0192,77
0081PP0017,77
4133PP2421,77
0031PP0008,77
4069PP2403,77
0085PP0041,77
0064PP0003,77
0127PP0002,77
0100PP0056,77
4001PP0003,77
0008PP0062,77
4069PP0367,77
0027PP0001,77
4133PP2592,77
0006PP0006,76
0136PP0006,76
0063PP0032,76
0058PP0006,76
0130PP0029,76
4111PP6182,76
0086PP0005,76
4131PP2715,76
4071PP0382,76
0069PP0004,76
0132PP0018,76
4133PP3637,76
0093PP0005,76
4043PP7304,76
4130PP2544,76
0017PP0008,76
0011PP0029,76
0031PP0006,76
4045PP1177,76
0047PP0022,76
0133PP0034,76
4109PP0627,76
4032PP0168,76
0016PP0015,76
0112PP0010,75
0077PP0052,75
0068PP0001,75
0045PP0020,75
0067PP0004,75
0089PP0015,75
4131PP4319,75
0063PP0015,75
4073PP1054,75
0069PP0020,75
4095PP3248,75
0005PP0067,75
0009PP0003,75
0022PP0001,75
0111PP0023,75
0106PP0005,74
4135PP6499,74
0062PP0036,74
0081PP0016,74
4069PP1709,74
4083PP2114,74
0128PP0003,74
0015PP0005,74
0096PP0019,74
4085PP1223,74
0100PP0099,74
0038PP0001,74
0109PP0019,74
0011PP0001,74
4062PP2645,73
4119PP0724,73
0107PP0011,73
0096PP0031,73
0107PP0004,73
4033PP0172,73
0094PP0003,73
0061PP0009,73
0005PP0059,73
0076PP0024,73
4032PP1172,73
4073PP3087,73
4071PP3710,73
0125PP0005,73
4136PP2067,73
0070PP0030,73
0056PP0001,73
4055PP5833,73
0096PP0010,73
0047PP0012,72
0015PP0021,72
0121PP0004,72
4062PP3995,72
0004PP0063,72
4045PP0903,72
4033PP0171,72
0008PP0038,72
0084PP0007,72
0028PP0010,72
0135PP0017,72
4032PP3560,72
0063PP0019,72
0117PP0051,72
0007PP0064,72
4071PP3735,72
0001PP0034,72
0029PP0007,72
0045PP0057,72
0045PP0039,72
4069PP1087,72
0008PP0002,72
0055PP0008,72
4062PP1132,71
4044PP5313,71
0043PP0037,71
0049PP0003,71
0100PP0050,71
0059PP0018,71
4004PP0072,71
0020PP0010,71
0011PP0018,71
4032PP5220,71
4117PP1122,71
0094PP0008,71
4069PP2186,71
4136PP0431,71
0010PP0004,71
4055PP0562,71
4043PP1135,70
4071PP3742,70
0097PP0012,70
0023PP0019,70
0109PP0030,70
0044PP0020,70
4069PP3907,70
0025PP0007,70
0111PP0016,70
0001PP0081,69
4069PP3204,69
0109PP0004,69
4004PP3906,69
0043PP0012,69
4030PP2063,69
4085PP1194,69
4069PP5082,69
0131PP0038,69
4069PP5865,69
0061PP0019,69
4119PP5144,69
4133PP2650,69
0077PP0065,69
0069PP0101,69
0096PP0033,69
0100PP0024,69
0113PP0009,68
0111PP0012,68
0107PP0002,68
4073PP5914,68
0036PP0010,68
0043PP0025,68
0064PP0001,68
0019PP0008,68
4100PP0425,68
0069PP0062,68
4117PP0589,68
4085PP0487,68
0043PP0024,68
0002PP0001,67
0076PP0052,67
4055PP2710,67
0108PP0032,67
0008PP0074,67
4004PP3058,67
0008PP0078,67
0043PP0052,67
0065PP0008,67
4135PP2976,67
4119PP2363,67
0054PP0001,67
0031PP0020,67
0094PP0001,67
0121PP0013,67
4055PP9106,66
0099PP0005,66
0059PP0003,66
4111PP3698,66
4069PP1166,66
0078PP0002,66
4132PP8803,66
0008PP0069,66
0053PP0048,66
0110PP0001,66
0045PP0068,66
0076PP0050,66
0029PP0005,66
4004PP3534,66
0062PP0042,66
4030PP3579,66
4069PP0361,66
4096PP0524,66
0004PP0002,66
4130PP8582,66
0009PP0045,66
0097PP0030,66
0027PP0017,66
0113PP0001,66
4069PP1958,66
0033PP0015,66
4132PP2758,66
0117PP0019,66
0010PP0001,65
0083PP0042,65
4045PP1524,65
4133PP2540,65
4085PP0486,65
0069PP0114,65
4085PP3556,65
4116PP0941,65
0063PP0022,65
4075PP2548,65
0022PP0002,65
4095PP3192,65
0119PP0011,65
0004PP0056,65
4071PP0379,65
0100PP0005,65
4055PP2314,65
4067PP3271,65
0096PP0005,65
4071PP2429,65
0034PP0024,65
0008PP0084,65
0016PP0024,65
0105PP0001,65
0075PP0006,65
0069PP0173,65
0005PP0060,65
0097PP0047,64
0007PP0014,64
4130PP3486,64
4062PP2037,64
4043PP0201,64
0013PP0001,64
0043PP0058,64
4044PP0264,64
0033PP0005,64
0007PP0027,64
0005PP0017,64
4125PP1065,64
4133PP1183,64
4005PP0100,63
0005PP0042,63
0008PP0003,63
0059PP0025,63
0071PP0010,63
0069PP0003,63
0025PP0032,63
4083PP5141,63
4004PP5278,63
0077PP0060,63
0107PP0056,63
4073PP3324,63
0068PP0005,63
4125PP7998,63
0008PP0005,63
0029PP0030,63
0075PP0009,63
0007PP0013,63
0102PP0004,63
0077PP0006,63
4043PP0194,63
4069PP0358,63
4073PP3059,63
4117PP1070,63
0045PP0063,63
0062PP0055,62
0013PP0020,62
0004PP0053,62
4099PP0550,62
0088PP0022,62
4062PP0305,62
4032PP1131,62
0072PP0022,62
4133PP2220,62
4085PP3061,62
0031PP0003,62
4095PP1024,62
4062PP0322,62
0047PP0037,62
4132PP1377,62
0009PP0013,62
0109PP0007,62
0010PP0029,62
4045PP1710,62
0096PP0028,62
0100PP0036,62
0090PP0003,62
0108PP0025,62
0097PP0007,61
0097PP0040,61
0100PP0022,61
4032PP3119,61
0074PP0007,61
4073PP0396,61
0077PP0022,61
0066PP0001,61
0048PP0009,61
4132PP1942,61
4043PP0208,61
0078PP0038,61
4045PP2687,61
0096PP0002,61
0118PP0001,61
0102PP0053,61
4071PP3026,61
0005PP0057,61
4132PP0243,60
0097PP0035,60
4077PP1699,60
0106PP0045,60
0053PP0030,60
0012PP0051,60
0109PP0014,60
0070PP0036,60
0106PP0047,60
0028PP0011,60
4119PP3525,60
0010PP0016,60
0036PP0016,60
0008PP0054,60
0100PP0003,60
4111PP0289,60
4117PP4917,60
4030PP0165,60
4096PP6047,60
0107PP0024,60
0115PP0019,60
0026PP0045,60
0096PP0013,60
4073PP8941,59
0009PP0008,59
0009PP0009,59
0077PP0056,59
4001PP0031,59
4073PP6488,59
0026PP0007,59
4004PP2564,59
0056PP0043,59
4132PP1227,59
4069PP5922,59
0077PP0011,59
0028PP0043,59
0040PP0015,59
4043PP3473,59
4131PP0251,59
0098PP0035,59
0014PP0020,59
0107PP0054,59
4119PP5497,59
0103PP0028,59
4069PP0369,59
0092PP0003,59
4116PP5919,59
0028PP0003,59
0058PP0003,59
4033PP5644,59
0034PP0001,58
4032PP2620,58
0008PP0001,58
0025PP0001,58
4100PP0415,58
4123PP1154,58
0097PP0017,58
0069PP0029,58
0097PP0019,58
0022PP0004,58
0028PP0012,58
0079PP0001,58
4073PP2714,58
0050PP0001,58
0117PP0003,58
4116PP3546,58
4004PP3601,58
4069PP0965,58
0008PP0009,58
0001PP0080,58
4119PP3360,58
0069PP0045,58
4131PP3037,57
0075PP0050,57
0028PP0030,57
0077PP0002,57
0105PP0006,57
0106PP0003,57
4108PP7924,57
4004PP1576,57
0053PP0049,57
0092PP0038,57
4116PP2827,57
0111PP0069,57
0069PP0049,57
4062PP0302,57
4116PP3428,57
0014PP0003,57
0107PP0003,57
4062PP3665,57
0015PP0008,57
4069PP1707,57
0111PP0021,57
0069PP0192,56
0134PP0012,56
0117PP0015,56
4045PP0230,56
4125PP2808,56
0056PP0021,56
4001PP0016,56
0101PP0008,56
4043PP0200,56
4129PP2523,56
4071PP3264,56
4085PP2402,56
0005PP0002,56
0102PP0025,56
0064PP0021,56
4131PP3964,56
0117PP0032,56
0100PP0047,56
0103PP0001,56
4004PP2663,56
0033PP0012,56
4083PP3249,56
0067PP0019,56
0115PP0001,56
0061PP0026,56
4095PP0650,56
0110PP0059,56
0113PP0020,56
4071PP0385,56
0108PP0014,56
4133PP5502,56
0102PP0022,55
0008PP0040,55
4069PP3208,55
4131PP0856,55
0008PP0063,55
4133PP6073,55
4001PP3530,55
0096PP0009,55
0075PP0048,55
0100PP0008,55
0111PP0038,55
0109PP0028,55
0045PP0019,55
0015PP0009,55
0054PP0006,55
3027PP2401,55
4133PP3373,55
0064PP0016,55
4005PP0095,55
0012PP0001,55
0013PP0041,55
4096PP0529,55
4109PP0615,55
0070PP0011,55
0013PP0035,55
0049PP0012,54
4001PP0017,54
0045PP0008,54
4100PP5879,54
4005PP0099,54
4069PP0371,54
0102PP0067,54
0097PP0008,54
0019PP0007,54
0042PP0035,54
0109PP0031,54
0015PP0027,54
4136PP0873,54
0017PP0003,54
0001PP0066,54
4071PP0390,54
4062PP5031,54
0033PP0013,54
4032PP5548,54
0117PP0013,54
4057PP0178,53
0096PP0026,53
0100PP0029,53
0013PP0036,53
4130PP3614,53
4069PP5489,53
4083PP7493,53
4004PP1332,53
4030PP0944,53
0079PP0006,53
0056PP0008,53
0045PP0029,53
4004PP3233,53
0014PP0018,53
4073PP2825,53
0018PP0003,53
0008PP0007,53
4073PP7454,53
4085PP2481,53
0049PP0002,53
4077PP0448,53
0117PP0012,53
0096PP0004,53
0088PP0004,52
0097PP0033,52
4030PP0166,52
0045PP0030,52
0008PP0018,52
4111PP1948,52
0028PP0004,52
0107PP0027,52
4109PP0604,52
0047PP0002,52
0063PP0018,52
0070PP0035,52
0100PP0014,52
0005PP0053,52
4081PP5909,52
0045PP0004,52
0077PP0081,52
4119PP0122,52
4073PP0395,52
0035PP0003,52
0088PP0006,52
0009PP0010,52
4083PP2589,52
0117PP0009,52
0007PP0066,52
0106PP0004,52
0044PP0004,52
4030PP7465,52
4069PP0366,52
4116PP8966,51
0008PP0008,51
0108PP0005,51
0097PP0015,51
0077PP0058,51
0086PP0024,51
4133PP0248,51
0016PP0017,51
0079PP0009,51
4062PP3333,51
0008PP0004,51
4043PP3951,51
0136PP0016,51
0012PP0007,51
0102PP0032,51
0109PP0002,51
0028PP0002,51
0053PP0007,51
0024PP0030,51
4096PP1976,51
0094PP0004,51
0106PP0046,51
0045PP0069,51
0109PP0009,51
0089PP0011,51
0013PP0014,51
0008PP0070,51
4085PP1745,51
0121PP0005,51
0102PP0005,51
0091PP0014,51
0111PP0029,51
0108PP0007,51
4131PP0253,51
0016PP0014,50
0114PP0013,50
4131PP0252,50
4133PP8144,50
0117PP0046,50
0096PP0008,50
4136PP3025,50
4131PP8357,50
4132PP5327,50
0075PP0035,50
0016PP0030,50
0109PP0005,50
4062PP3309,50
4061PP0301,50
0081PP0052,50
0107PP0007,50
4007PP5862,50
0117PP0048,50
4111PP0278,50
4100PP0419,50
4001PP0007,50
4045PP1012,50
0118PP0002,50
4083PP0464,50
0062PP0003,50
0117PP0014,50
0069PP0012,50
0135PP0007,50
4119PP0681,50
0003PP0001,50
4004PP0080,50
0061PP0005,50
0057PP0011,49
0070PP0012,49
0001PP0077,49
0112PP0025,49
4119PP5471,49
0102PP0047,49
0081PP0064,49
4069PP0365,49
0028PP0065,49
4095PP0509,49
0100PP0078,49
0066PP0029,49
4085PP0473,49
0036PP0015,49
0052PP0010,49
0029PP0015,49
4071PP0388,49
4043PP9000,49
0053PP0029,49
0064PP0014,49
4136PP0423,49
0061PP0011,49
0033PP0008,49
4043PP0190,49
0062PP0020,48
0112PP0008,48
4073PP3897,48
0089PP0003,48
0110PP0035,48
0102PP0010,48
0089PP0030,48
4001PP8967,48
0070PP0010,48
4055PP2018,48
0022PP0014,48
4004PP2411,48
3027PP1364,48
4043PP0733,48
4100PP0428,48
4123PP6434,48
4044PP0266,48
4133PP2662,48
0008PP0012,48
4001PP1099,48
0009PP0016,48
4055PP0558,48
0100PP0018,47
4043PP5393,47
4132PP5288,47
4111PP0280,47
0106PP0008,47
0059PP0022,47
4023PP0662,47
4044PP3263,47
0019PP0004,47
0117PP0008,47
0016PP0004,47
0063PP0004,47
0008PP0029,47
0050PP0020,47
4075PP0300,47
0069PP0052,47
4083PP3873,47
0117PP0047,47
4130PP5226,47
0052PP0011,47
4043PP0936,47
0012PP0018,47
4069PP0350,47
0016PP0021,47
0007PP0007,47
0115PP0002,47
0026PP0002,47
0056PP0004,47
4085PP2924,46
4117PP0585,46
4062PP1073,46
0049PP0013,46
3094PP2606,46
4045PP1064,46
0095PP0014,46
4081PP0463,46
4117PP0580,46
4136PP0411,46
4119PP3223,46
0022PP0006,46
4085PP3325,46
4119PP5562,46
3001PP9167,46
4073PP3752,46
0003PP0004,46
4067PP8159,46
4069PP1253,46
4055PP2683,46
0053PP0017,46
4131PP2399,46
0042PP0002,46
4030PP3613,46
0097PP0010,46
0064PP0005,46
4008PP0114,46
0056PP0018,46
4062PP7739,46
4095PP1286,46
4085PP0876,46
4055PP0765,45
0078PP0007,45
4119PP5077,45
4043PP5190,45
4063PP0329,45
0043PP0066,45
4059PP0295,45
4096PP0537,45
0060PP0001,45
4004PP0076,45
0027PP0008,45
4062PP3662,45
4062PP5600,45
4001PP8064,45
0065PP0001,45
4047PP0629,45
0027PP0003,45
4062PP0313,45
0113PP0010,45
4069PP8279,45
0025PP0012,45
4096PP0534,45
4035PP0175,45
0015PP0025,44
4004PP2665,44
4131PP5951,44
4116PP1565,44
4100PP0429,44
0025PP0009,44
4022PP0144,44
4100PP0871,44
4117PP1237,44
4123PP9003,44
4059PP0296,44
4069PP2118,44
4001PP2934,44
4004PP0074,44
4062PP3917,44
0067PP0008,44
0036PP0005,44
0100PP0105,44
4119PP1497,44
4073PP6204,44
0040PP0020,44
0024PP0007,43
4032PP2560,43
0002PP0040,43
0042PP0001,43
4004PP5132,43
4005PP0085,43
4096PP5046,43
4004PP3330,43
4071PP5039,43
4045PP0224,43
4032PP2980,43
4069PP3574,43
0013PP0006,43
0033PP0002,43
0025PP0002,43
4032PP7643,43
4135PP0437,43
4071PP2830,43
0016PP0032,43
4030PP0943,43
0081PP0048,43
0081PP0054,43
0008PP0025,43
4069PP1020,43
0041PP0002,43
0077PP0057,42
0096PP0029,42
0008PP0015,42
0077PP0012,42
0077PP0017,42
4045PP0222,42
4004PP2439,42
4133PP3265,42
4062PP0319,42
0131PP0019,42
4005PP2844,42
4067PP5027,42
0106PP0017,42
4062PP1342,42
0009PP0006,42
0098PP0022,42
0002PP0041,42
0121PP0011,42
4001PP8327,42
4096PP0523,42
0040PP0008,42
0123PP0014,42
0008PP0072,42
0042PP0030,42
0038PP0007,42
4073PP0392,42
0137PP0001,42
4063PP0331,42
0008PP0032,42
4100PP0406,42
0044PP0003,41
0029PP0010,41
0100PP0100,41
4030PP8672,41
4111PP1130,41
4062PP8108,41
4055PP3600,41
0001PP0126,41
0015PP0006,41
4043PP3458,41
0043PP0009,41
0003PP0014,41
0075PP0027,41
4069PP1083,41
4109PP0619,41
0025PP0046,41
4004PP3193,41
4136PP3664,41
0007PP0022,41
0107PP0005,41
0053PP0008,41
0100PP0081,41
4073PP5239,41
4062PP2573,41
4133PP3018,41
0026PP0027,41
0007PP0056,41
4009PP1103,41
0092PP0008,41
4001PP0026,41
0024PP0006,41
0100PP0063,41
0048PP0001,41
4119PP5135,41
4106PP0565,40
4001PP0032,40
4069PP3974,40
4032PP5586,40
0063PP0003,40
0026PP0049,40
0105PP0002,40
0068PP0021,40
0109PP0012,40
0108PP0009,40
4069PP0357,40
0098PP0046,40
0055PP0017,40
0018PP0033,40
4030PP3993,40
0109PP0011,40
4004PP0069,40
4069PP8892,40
4071PP1698,40
4111PP0858,40
4085PP1553,40
4100PP0430,39
4083PP0468,39
4043PP2722,39
4022PP0143,39
4097PP0548,39
0017PP0009,39
0079PP0019,39
4005PP0893,39
4075PP0443,39
0025PP0015,39
4117PP0582,39
0001PP2301,39
0039PP0018,39
4136PP1769,39
0109PP0003,39
4004PP3419,39
4123PP8083,39
4073PP5384,39
4083PP7485,39
4131PP0914,39
4109PP0595,39
4001PP0029,39
0056PP0002,39
4001PP0006,39
4005PP0096,39
0081PP0006,39
0118PP0003,39
0109PP0016,38
0048PP0003,38
0081PP0003,38
4083PP5509,38
4083PP6359,38
0053PP0035,38
0117PP0022,38
4071PP0380,38
4097PP1845,38
0018PP0001,38
0097PP0013,38
0006PP0003,38
4100PP1228,38
0112PP0007,38
4045PP0212,38
0116PP0011,38
0075PP0041,38
0087PP0004,38
4001PP0035,38
0086PP0007,38
0008PP0021,38
0023PP0021,38
0106PP0048,38
4071PP0381,38
4096PP1010,38
0103PP0002,38
4001PP5177,37
0102PP0013,37
0050PP0004,37
4135PP0961,37
4085PP0483,37
0025PP0020,37
4083PP9117,37
0007PP0023,37
0019PP0005,37
4030PP0920,37
4071PP0389,37
4043PP3459,37
4005PP5189,37
0051PP0002,37
4111PP1046,37
4005PP2441,37
4071PP2858,37
4085PP0476,37
0117PP0002,37
0021PP0013,37
4069PP0934,37
4062PP0311,37
4040PP0180,37
0090PP0024,37
0028PP0027,37
0010PP0011,36
4033PP1075,36
4045PP0918,36
4113PP0057,36
0008PP0028,36
0059PP0024,36
4075PP0444,36
0061PP0004,36
0116PP0022,36
4050PP0270,36
4116PP2861,36
4001PP0039,36
4032PP5234,36
0076PP0013,36
0120PP0006,36
4123PP1032,36
4136PP1410,36
4067PP0338,36
4069PP1702,36
0024PP0011,36
4004PP0078,36
0072PP0007,36
4001PP0021,36
4031PP3332,36
0007PP0018,36
4071PP5035,35
0064PP0006,35
4119PP3869,35
4001PP8494,35
4083PP0465,35
4100PP0404,35
4008PP5419,35
0057PP0003,35
0026PP0026,35
4107PP0994,35
4116PP5545,35
0076PP0021,35
0055PP0013,35
0005PP0047,35
0079PP0048,35
4117PP0575,35
4093PP0501,35
4055PP1626,35
0094PP0013,35
0064PP0034,35
4113PP0055,35
4044PP8867,35
4045PP0228,35
4005PP0090,35
4069PP1326,35
4085PP5183,35
0092PP0004,35
4001PP0004,35
4055PP0559,35
0039PP0001,35
0002PP0045,35
0068PP0022,35
0033PP0003,35
0117PP0006,35
0100PP0011,34
0016PP0008,34
4055PP9017,34
4043PP2365,34
4073PP3167,34
0001PP0108,34
0063PP0030,34
4044PP5068,34
0097PP0032,34
0110PP0005,34
0067PP0010,34
4045PP0217,34
0100PP0067,34
4043PP1001,34
0059PP0019,34
4133PP2512,34
0086PP0016,34
0100PP0019,34
4081PP0462,34
4133PP3062,34
0111PP0008,34
0041PP0004,34
0006PP0004,34
0109PP0015,34
4117PP0574,34
0016PP0031,34
4001PP7488,34
4004PP5554,34
0024PP0022,34
0014PP0013,33
0123PP3031,33
4005PP3867,33
4110PP0628,33
0008PP0017,33
0108PP0004,33
4056PP0292,33
4059PP0297,33
0093PP0010,33
0045PP0022,33
4070PP8287,33
4096PP0544,33
0028PP0056,33
0084PP0001,33
4069PP1843,33
0082PP0012,33
0006PP0047,33
4071PP2484,33
0109PP0008,33
0060PP0007,33
0077PP0055,33
0066PP0016,33
0095PP0020,33
4083PP5026,33
0047PP0014,33
4114PP0058,32
4062PP0323,32
4116PP2792,32
4085PP3593,32
0010PP0017,32
0098PP0026,32
0093PP0002,32
4102PP0887,32
4011PP0121,32
0093PP0008,32
0033PP0009,32
0108PP0021,32
0075PP0047,32
0109PP0013,32
0026PP0009,32
0070PP0017,32
0112PP0026,32
4069PP1571,32
4096PP1069,32
4069PP0348,32
4055PP1167,32
0103PP0011,32
4069PP0360,32
4116PP0162,32
4070PP0378,32
4048PP0268,32
0108PP0039,32
0025PP0003,32
4063PP1174,32
0018PP0004,32
0063PP0026,32
0088PP0005,32
0069PP0030,32
4083PP5756,31
4123PP3444,31
0053PP0026,31
0100PP0031,31
4097PP3435,31
4063PP0333,31
0012PP0022,31
4100PP1092,31
0051PP0031,31
4055PP2513,31
0078PP0009,31
0134PP0008,31
4043PP3197,31
4135PP2846,31
0007PP0008,31
4047PP1888,31
4109PP0598,31
0109PP0032,31
4096PP0540,31
4025PP1567,31
0035PP0010,31
4052PP0272,31
4007PP0718,31
4002PP0061,31
4133PP1696,31
0060PP0011,31
4081PP0460,30
0069PP0042,30
0024PP0008,30
0109PP0006,30
0068PP0002,30
0031PP0007,30
4001PP1057,30
0059PP0012,30
0047PP0021,30
4130PP5552,30
4107PP0570,30
4136PP0420,30
4030PP8098,30
0050PP0008,30
4069PP3133,30
4043PP3148,30
0049PP0006,30
4110PP1201,30
0130PP0004,30
4007PP0102,30
0050PP0009,30
4108PP0594,30
4061PP1673,30
4062PP1949,30
0028PP0018,30
4117PP0588,30
4045PP2575,30
4083PP5365,29
4096PP0535,29
0128PP0004,29
0112PP0004,29
4069PP1761,29
4101PP5523,29
4045PP1943,29
4111PP1748,29
0082PP0002,29
0020PP0034,29
0027PP0013,29
0107PP0025,29
4098PP0645,29
4043PP1044,29
0034PP0027,29
4095PP0506,29
4062PP2681,29
0063PP0006,29
4083PP3386,29
4100PP0407,29
0042PP0011,29
4125PP8283,29
0108PP0008,29
0060PP0003,29
0079PP0034,29
4004PP2058,29
0098PP0016,29
4117PP0590,29
0107PP0018,29
0096PP0011,29
4001PP0018,29
0097PP0014,29
0067PP0003,29
0079PP0004,29
4119PP5783,29
4008PP1006,29
4043PP0206,29
4069PP0354,29
4083PP5553,28
4131PP3686,28
4001PP0002,28
4007PP0105,28
4067PP8850,28
0008PP0064,28
0068PP0012,28
4097PP0547,28
4001PP0010,28
4005PP0087,28
0081PP0056,28
4030PP8244,28
0086PP0027,28
0025PP0008,28
0009PP0012,28
0025PP0011,28
0117PP0044,28
0047PP0018,28
0015PP0026,28
4070PP0376,28
0110PP0055,28
4108PP0659,28
4072PP5599,28
0092PP0011,28
4135PP5942,28
4008PP3300,28
0110PP0038,28
0137PP0011,28
0075PP0014,28
0098PP0023,28
0130PP0012,28
4016PP8928,28
4117PP0576,28
3001PP9148,28
4001PP0830,28
4069PP0372,28
4001PP0828,28
4099PP8791,28
0043PP0039,28
0024PP0003,27
0107PP0048,27
0112PP0018,27
0013PP0004,27
0096PP0014,27
0058PP0022,27
4111PP3541,27
4045PP0210,27
4004PP1899,27
0077PP0014,27
4008PP3515,27
0070PP0026,27
4071PP0766,27
0077PP0024,27
0038PP0009,27
4106PP1067,27
4130PP8426,27
0053PP0010,27
4087PP0493,27
4073PP3898,27
4055PP3845,27
0061PP0021,27
4069PP3247,27
0058PP0021,27
4102PP0552,27
4053PP0739,27
0100PP0093,27
4073PP0746,27
4106PP0564,27
0041PP0014,27
0107PP0026,27
4136PP0652,27
0107PP0021,26
0060PP0012,26
0117PP0001,26
0063PP0008,26
4001PP0829,26
4083PP2591,26
4136PP0440,26
0112PP0019,26
4017PP5372,26
0010PP0027,26
4097PP5543,26
4055PP2568,26
0047PP0013,26
4083PP2295,26
4032PP3562,26
3027PP0803,26
0100PP0083,26
4059PP1170,26
0026PP0011,26
4095PP0503,26
0008PP0058,26
0047PP0019,26
4114PP1298,26
3111PP8772,26
0120PP0007,26
4102PP2839,26
4096PP5522,26
4045PP0226,26
4062PP5887,26
0048PA0002,26
4105PP0563,26
4111PP0683,26
4043PP1101,26
4135PP0426,26
4001PP0022,25
4094PP0502,25
4055PP8372,25
4020PP0836,25
4062PP0321,25
0053PP0004,25
4045PP0227,25
0062PP0022,25
0002PP0006,25
4131PP5804,25
0081PP0012,25
0107PP0034,25
4111PP1138,25
0002PP0003,25
4005PP0089,25
4001PP0038,25
4001PP0011,25
4096PP0516,25
4131PP3505,25
4001PP0023,25
4004PP3603,25
4001PP0024,25
4096PP0530,25
4083PP3784,25
0067PP0007,25
4113PP0054,25
0095PP0012,25
4062PP0316,25
0040PP0030,25
0093PP0019,25
4097PP0549,25
4097PP0546,25
0075PP0042,24
0042PP0005,24
0008PP0026,24
4043PP5229,24
4045PP0215,24
0002PP0017,24
4116PP3839,24
4004PP0067,24
4136PP3746,24
4001PP0009,24
4063PP7484,24
0098PP0015,24
0068PP0010,24
4111PP3629,24
4062PP0310,24
0079PP0008,24
4028PP0837,24
0017PP0007,24
4081PP8237,24
4073PP0800,24
0070PP0014,24
0041PP0011,24
0035PP0004,24
0028PP0020,24
4133PP6087,24
4072PP0865,24
4073PP8880,24
4008PP0113,24
4069PP5157,24
0102PP0008,24
0109PP0001,24
0015PP0030,24
4055PP3230,24
0051PP0004,24
0120PP0001,24
0068PP0027,23
4069PP3111,23
4062PP0317,23
0106PP0035,23
0007PP0001,23
0100PP0016,23
0091PP0001,23
0051PP0001,23
4060PP0298,23
4030PP3615,23
0012PP0020,23
4043PP7662,23
0048PP0006,23
4133PP3387,23
0117PP0043,23
4117PP0587,23
4045PP5857,23
4043PP3456,23
4107PP0567,23
4095PP0511,23
0067PP0011,23
0107PP0022,23
0134PP0007,23
0070PP0024,23
4088PP5594,23
0078PP0004,23
0002PP0012,23
4065PP0336,23
4030PP3927,23
0055PP0009,23
4100PP0991,23
0098PP0018,23
0007PP0021,23
0047PP0016,23
0114PP0015,23
0130PP0006,23
0047PP0008,22
4109PP0605,22
4030PP3485,22
4085PP5114,22
0081PP0015,22
0092PP0014,22
4085PP1838,22
4100PP0436,22
4009PP0116,22
4100PP1575,22
4131PP3381,22
4085PP6034,22
0028PP0061,22
0093PP0024,22
0047PP0032,22
4097PP1110,22
4111PP0674,22
4069PP0347,22
0023PP0007,22
0029PP0014,22
4083PP8658,22
4097PP1877,22
0081PP0019,22
4102PP0554,22
0077PP0077,21
4005PP7529,21
0081PP0024,21
0070PP0019,21
0134PP0004,21
4070PP0636,21
0025PP0004,21
0008PP0044,21
0003PP0015,21
0104PP0001,21
4080PP0668,21
4005PP5320,21
4018PP0140,21
4008PP0107,21
4008PP0136,21
4044PP7448,21
0107PP0020,21
4071PP3688,21
0063PP0016,21
4068PP0341,21
0126PP0003,21
4025PP0147,21
0077PP0015,21
4047PP8010,21
0031PP0009,21
4136PP0439,21
4062PP0312,21
0011PP0023,21
0059PP0007,21
0049PP0011,21
0112PP0003,21
0097PP0016,21
4116PP2229,21
4071PP6000,21
4077PP0450,21
0010PP0005,21
4085PP6160,20
4111PP5184,20
0105PP0028,20
4074PP5495,20
4005PP1836,20
0047PP0031,20
4062PP0320,20
4072PP2100,20
0042PP0021,20
4001PP0012,20
0006PP0012,20
0057PP0007,20
4116PP8869,20
4004PP0068,20
4053PP0274,20
4096PP0539,20
4028PP1752,20
0035PP0006,20
4111PP0276,20
4117PP8170,20
0061PP0032,20
0023PP0008,20
0008PP0019,20
4097PP2647,20
4109PP0911,20
0074PP0018,19
4043PP0205,19
4001PP9026,19
4001PP0030,19
4071PP8749,19
4005PP7461,19
4131PP5870,19
0075PP0016,19
0028PP0040,19
0106PP0007,19
4004PP5921,19
4116PP8823,19
0112PP0001,19
0074PP0019,19
0102PP0007,19
0012PP0054,19
0076PP0017,19
0012PP0011,19
4053PP1327,19
4043PP2410,19
4085PP5174,19
4077PP0453,19
4117PP0989,19
0079PP0024,19
4109PP0623,19
4027PP0156,19
4015PP0847,19
4069PP0342,19
4131PP3779,19
4111PP0281,19
4063PP0671,19
4027PP0154,19
0081PP0009,19
4119PP7614,19
0066PP0008,18
4069PP1436,18
4043PP3859,18
0052PP0026,18
4029PP0159,18
4111PP0985,18
4001PP1218,18
4043PP7601,18
0051PP0005,18
4033PP2953,18
4107PP0569,18
4100PP0747,18
0107PP0012,18
4075PP0442,18
4131PP0855,18
0077PP0045,18
4136PP0409,18
4043PP8843,18
4077PP0454,18
0120PP0002,18
4124PP8860,18
4119PP0127,18
0052PP0018,18
4043PP0189,18
4083PP3666,18
0035PP0023,18
0038PP0008,18
4111PP0291,18
0016PP0012,18
0031PP0005,18
4098PP3050,18
4118PP0271,18
4096PP3044,18
0077PP0013,18
4007PP2485,18
4119PP0130,18
0016PP0009,17
0014PP0011,17
4030PP5675,17
4119PP1561,17
4063PP6589,17
0011PP0009,17
4062PP0315,17
0013PP0018,17
0064PP0011,17
4030PP0945,17
4053PP0273,17
0107PP0017,17
4062PP2412,17
0023PP0032,17
0017PP0025,17
0026PP0017,17
4083PP8920,17
0114PP0008,17
4133PP3584,17
4099PP8624,17
4131PP3377,17
0028PP0032,17
0053PP0009,17
4076PP0446,17
4053PP5962,17
4098PP0646,17
4001PP0014,17
4008PP0112,17
4097PP2093,17
4043PP5227,17
4116PP5413,17
0048PP0010,17
4111PP0286,17
4062PP0328,17
4045PP0917,17
4101PP0551,17
4028PP8026,17
0127PA0001,17
4100PP0403,17
0020PP0008,17
4129PP8825,17
0070PP0025,17
0060PP0015,17
0058PP0004,17
4062PP0678,17
4096PP0543,17
4109PP0626,16
4043PP0188,16
0094PP0009,16
4078PP0456,16
0029PP0018,16
4043PP0185,16
0095PP0011,16
0081PP0034,16
0080PP0024,16
0076PP0018,16
4117PP0579,16
4097PP1557,16
0095PP0026,16
4069PP5143,16
0023PP0004,16
0031PP0016,16
0076PP0007,16
4136PP3282,16
4010PP0119,16
0089PP0002,16
4081PP0461,16
4008PP0108,16
0112PP0016,16
0075PP0017,16
0075PP0005,16
4001PP9174,16
0035PP0002,16
4084PP0470,16
4073PP7469,16
4112PP0150,16
0026PP0018,16
0084PP0003,16
4100PP0641,16
0017PP0017,16
4096PP0780,16
4055PP6195,16
4005PP3405,16
4083PP6614,16
0019PP0011,16
4001PP0027,15
0108PP0031,15
4113PP0053,15
4111PP0926,15
4130PP8591,15
0008PP0039,15
4062PP8655,15
0077PP0079,15
4085PP0663,15
4102PP8246,15
4116PP0161,15
4015PP7324,15
0070PP0023,15
4085PP8721,15
0093PP0016,15
4116PP2819,15
4014PP3986,15
4043PP0732,15
4007PP2079,15
4047PP7403,15
4007PP0103,15
4099PP3199,15
0056PP0022,15
4085PP0490,15
4109PP0811,15
4116PP8106,15
4117PP0592,15
4136PP5405,15
0079PP0016,15
4131PP8579,15
4131PP0238,15
4043PP1050,15
4030PP8397,15
4136PP0872,15
0113PP0023,15
0075PP0018,15
0010PP0010,15
4055PP6057,15
0022PP0012,15
4015PP8855,15
4066PP0499,14
4077PP0452,14
4043PP1288,14
4043PP0209,14
4043PP0187,14
4043PP2520,14
0081PP0059,14
0036PP0006,14
0041PP0005,14
4008PP1066,14
4069PP0654,14
4010PP8485,14
4097PP1614,14
4083PP8876,14
4117PP0578,14
4004PP2519,14
4069PP3172,14
4113PP0056,14
4008PP0115,14
0007PP0026,14
0013PP0013,14
0028PP0028,14
0053PP0020,14
4077PP8797,14
4107PP0566,14
0041PP0017,14
4105PP5418,14
4111PP2417,14
4095PP0505,14
0112PP0017,14
4109PP0890,14
4005PP5304,13
4086PP1847,13
4069PP5150,13
4043PP1160,13
0081PP0020,13
0052PP0019,13
0010PP0014,13
0037PP0005,13
0072PP0006,13
0076PP0012,13
4075PP0445,13
4100PP0432,13
4069PP2188,13
0120PP0003,13
0034PP0014,13
4062PP0308,13
4100PP0424,13
0056PP0019,13
0014PP0004,13
0101PP0003,13
0079PP0007,13
0112PP0015,13
0001PP2300,13
0008PP0027,13
0016PP0023,13
4084PP5477,13
4024PP0146,13
4001PP5858,13
0051PP0032,13
0054PP0023,13
4014PP1129,13
0102PP0019,12
4004PP6456,12
4030PP1569,12
0121PP0009,12
0090PP0007,12
0108PP0041,12
4075PP7467,12
0079PP0005,12
0095PP0016,12
0028PP0019,12
4096PP5581,12
4005PP6322,12
4078PP0457,12
4047PP8897,12
0077PP0010,12
0102PP0031,12
4091PP0496,12
4064PP0335,12
4009PP0117,12
0091PP0002,12
4004PP3772,12
0068PP0026,12
4005PP7731,12
0051PP0029,12
0087PP0007,12
4043PP0193,12
0089PA0001,12
0098PP0024,12
4111PP8875,12
4001PP6137,12
4137PP0155,12
4057PP5662,12
4136PP0748,12
0086PP0025,12
4055PP8608,12
4008PP0111,12
4001PP2020,12
0092PP0013,12
4001PP0008,12
0009PP0011,12
4062PP8082,12
4073PP0391,12
4001PP0020,11
4102PP3080,11
4015PP7591,11
4016PP5575,11
0003PP0021,11
0066PP0014,11
4053PP9002,11
4001PP0019,11
0041PP0022,11
0074PP0017,11
0027PP0021,11
4109PP0655,11
0018PP0002,11
0031PP0015,11
0084PP0004,11
4001PP6045,11
4111PP7747,11
0079PP0011,11
0108PP0015,11
0057PP0006,11
4043PP6509,11
0098PP0034,11
4119PP0124,11
4016PP8960,11
0021PP0016,11
0091PP0006,11
4036PP0177,11
0063PP0017,11
0105PP0021,11
0108PP0023,11
4043PP0199,11
4005PP5666,11
0068PP0015,11
4043PP1171,11
4114PP0060,11
0081PP0007,11
0059PP0016,11
4073PP8131,11
4010PP0120,11
4001PP9104,11
4135PP0434,11
4131PP5559,11
3062PP8822,11
0038PP0002,10
4130PP8726,10
0061PP0017,10
0058PP0008,10
0102PP0046,10
0088PP0007,10
0102PP0033,10
0038PP0005,10
0007PP0006,10
0050PP0005,10
4012PP0131,10
0077PP0005,10
4069PP8438,10
0128PP0002,10
4098PP0644,10
0072PP0003,10
0098PP0019,10
4100PP1022,10
4085PP5992,10
0061PP0008,10
0052PP0008,10
0106PP0044,10
4097PP3002,10
0095PP0018,10
0070PP0027,10
0052PP0006,10
0074PP0032,10
0102PP0028,10
0027PP0025,10
4015PP2499,10
0054PP0008,10
4023PP0145,10
4100PP0435,10
4076PP0447,10
4123PP3509,10
4092PP0498,10
4028PP0157,10
0084PP0009,10
4117PP0572,10
4015PP3954,10
4069PP2916,10
4111PP8912,10
4100PP9000,10
0097PP0041,10
4043PP0183,10
4005PP9009,9
3109PP8894,9
0090PP0021,9
0018PP0005,9
4043PP5609,9
0092PP0007,9
4001PP9116,9
0009PP0024,9
4001PP0703,9
0049PP0004,9
0107PP0006,9
0016PP0018,9
0091PP0008,9
0095PP0019,9
0099PP0003,9
0065PP0013,9
0049PP0005,9
4045PP0234,9
0092PP0005,9
4033PP7763,9
4109PP0625,9
0007PP0036,9
0134PP0003,9
0014PP0005,9
0080PP0006,9
4062PP0743,9
0091PP0007,9
0108PP0013,9
0002PP0018,9
4083PP8896,9
4084PP0471,9
0092PP0009,9
4100PP0869,9
0112PP0024,9
0059PP0017,9
4053PP0275,9
0093PP0015,9
0051PP0010,9
0026PP0020,9
0081PP0023,9
4077PP0451,9
0026PP0034,9
0060PP0026,9
0066PP0005,9
4005PP0092,9
4131PP5653,9
0009PP0019,9
4083PP3851,9
4043PP2311,9
0081PP0031,9
4116PP6478,9
4083PP6208,9
4028PP8134,9
0018PP0009,8
4111PP9002,8
4075PP3315,8
0099PP0010,8
4073PP3231,8
0072PP0002,8
4107PP1041,8
0036PP0008,8
4100PP0750,8
0038PP0003,8
0012PP0013,8
4116PP5635,8
4002PP0063,8
4001PP0708,8
4075PP1051,8
0013PP0003,8
0079PP0010,8
4111PP0277,8
0059PP0023,8
0093PP0004,8
0064PP0025,8
0016PP0013,8
4085PP0758,8
4008PP9004,8
0027PP0031,8
0093PP0018,8
4047PP5603,8
0026PP0013,8
0065PP0007,8
0006PP0011,8
0011PP0014,8
0010PP0012,8
4130PP7930,8
4099PP8865,8
4027PP2745,8
4001PP8605,8
4001PP2030,8
0076PP0016,8
0077PP0030,8
0098PP0045,8
0092PP0023,8
4021PP0142,7
0061PP0015,7
4045PP0220,7
0013PP0008,7
4062PP9016,7
4001PP0015,7
4069PP0745,7
0134PP0011,7
0037PP0001,7
0060PP0037,7
0134PP0005,7
0090PP0004,7
0042PP0034,7
0057PP0005,7
4045PP5534,7
4043PP0182,7
0086PP0002,7
4043PP1767,7
0023PP0035,7
4004PP8255,7
4026PP7398,7
4008PP0109,7
4055PP5351,7
0074PP0010,7
0113PP0015,7
0060PP0029,7
0015PP0028,7
4069PP8475,7
4043PP0196,7
0026PP0005,7
0022PP0013,7
0107PP0047,7
4109PP8157,7
0054PP0002,7
4030PP0946,7
4096PP0774,7
0097PP0039,7
0061PP0016,7
4047PP5948,7
0081PP0014,7
4085PP0478,7
4005PP0866,7
4004PP0065,7
4063PP8676,7
4069PP5149,7
0001PP0130,7
0021PP0003,7
4062PP5781,7
0061PP0003,7
0107PP0013,7
4052PP6075,7
0089PP0007,7
4100PP6158,7
4077PP1220,7
4062PP8784,7
4070PP0375,7
0003PP0010,7
0026PP0019,7
4062PP8361,7
4047PP1268,7
0006PP0002,7
0101PP0002,7
0102PP0044,7
4063PP5998,6
4044PP8135,6
0027PP0011,6
4085PP0481,6
0041PP0003,6
4022PP2239,6
4005PP5482,6
4025PP0148,6
4013PP0133,6
4116PP8901,6
0061PP0023,6
0058PP0020,6
4131PP0857,6
0049PP0007,6
0037PP0016,6
4083PP1778,6
4093PP5305,6
4133PP8428,6
4066PP5191,6
0017PP0028,6
4130PP8806,6
4077PP8155,6
4136PP0949,6
4069PP5918,6
0076PP0010,6
4075PP8945,6
4003PP0064,6
4001PP8559,6
4001PP8903,6
0076PP0008,6
0079PP0003,6
4100PP2960,6
4070PP2797,6
0102PP0015,6
4004PP3673,6
0102PP0009,6
4135PP7705,6
4091PP0495,6
0106PP0028,6
4073PP7530,6
0010PP0006,6
0103PP0008,6
0088PP0003,6
0031PP0010,6
0039PP0010,6
0066PP0010,6
4008PP2642,6
0053PP0045,6
4043PP3374,6
4001PP8645,6
0090PP0013,6
0061PP0014,6
4043PP3984,6
4031PP8398,6
0041PP0008,6
4047PP6162,6
4079PP0459,6
4100PP0414,6
4128PP2048,6
4109PP0621,6
0017PP0010,6
0014PP0006,6
4062PP5778,6
4109PP3840,6
4035PP0174,6
0026PP0008,6
4116PP1889,6
4116PP0160,6
0022PP0005,6
4006PP0101,6
4008PP3841,5
0095PP0013,5
4077PP0449,5
4008PP0110,5
0098PP0039,5
4030PP6040,5
4081PP5802,5
0017PP0013,5
0074PP0022,5
0121PP0002,5
4102PP8932,5
0037PP0003,5
4117PP3674,5
4040PP8052,5
0078PP0015,5
4053PP8744,5
4100PP3756,5
4001PP8714,5
4073PP3228,5
0094PP0011,5
4083PP6220,5
4096PP0541,5
0053PP0034,5
0102PP0003,5
4043PP0734,5
4116PP8343,5
4034PP0173,5
4001PP2157,5
4045PP3783,5
0106PP0040,5
0106PP0037,5
0128PP0006,5
0086PP0013,5
4005PP0955,5
4001PP8142,5
4015PP8962,5
4096PP1195,5
0029PP0016,5
4012PP0132,5
0068PP0014,5
4085PP0760,5
4131PP8656,5
0108PP0024,5
0053PP0005,5
0098PP0030,5
0110PP0018,5
4117PP0581,5
4073PP7615,5
0010PP0022,5
0019PP0014,5
4100PP9144,5
0014PP0014,5
4095PP3500,5
0033PP0010,5
4047PP2760,5
4111PP3317,5
0099PP0007,5
4096PP0528,5
0094PP0010,5
0090PP0015,5
4075PP8552,5
0027PP0007,5
0025PP0006,5
4001PP8765,5
0023PP0011,5
0070PP0021,5
0059PP0028,5
4085PP8640,5
0076PP0009,5
4085PP2985,5
4135PP3617,5
4083PP8193,5
0015PP0024,5
0064PP0022,5
0025PP0025,5
4056PP7326,5
0106PP0014,5
0053PP0025,5
4078PP0458,5
4109PP5590,5
4109PP0610,5
0015PP0011,5
0079PP0025,5
0008PP0041,5
0047PP0025,5
4063PP0330,5
0074PP0024,5
0013PP0040,5
4096PP5075,4
0095PP0031,4
0090PP0025,4
4025PP0149,4
0102PP0048,4
4055PP1950,4
4062PP5643,4
0087PP0006,4
4111PP2925,4
4043PP8264,4
0020PP0002,4
0012PP0005,4
0027PP0027,4
4004PP3981,4
0076PP0022,4
0025PP0014,4
4117PP5658,4
0036PP0014,4
0028PP0014,4
4117PP8816,4
0021PP0006,4
0086PP0020,4
0049PP0008,4
0098PP0041,4
4031PP9112,4
4116PP2842,4
4100PP8773,4
4001PP2060,4
4102PP5540,4
0012PP0015,4
0077PP0029,4
4055PP8321,4
0007PP0024,4
0070PP0040,4
0110PP0062,4
0016PP0029,4
0049PP0014,4
0028PP0041,4
0017PP0005,4
0088PP0008,4
0102PP0006,4
4083PP3787,4
0034PP0007,4
0036PP0017,4
0028PP0024,4
4001PP8747,4
4001PP1708,4
4004PP3483,4
0006PP0016,4
0089PP0005,4
4093PP8781,4
4109PP5336,4
4089PP0494,4
0019PP0009,4
0098PP0042,4
0026PP0043,4
0041PP0010,4
0053PP0043,4
4043PP8851,4
4061PP8277,4
0053PP0015,4
0097PP0025,4
0105PP0003,4
4094PP8758,4
4001PP8593,4
4102PP9179,4
0110PP0010,4
0026PP0044,4
4100PP0688,4
4109PP8842,4
0003PP0023,4
0052PP0005,4
0112PP0006,4
0088PP0011,4
0075PP0026,4
0013PP0011,4
0070PP0031,4
0006PP0032,4
0072PP0014,4
4109PP1754,4
0054PP0010,4
4102PP3152,4
0035PP0016,4
0112PP0005,4
4109PP0600,4
4108PP1498,4
0017PP0026,4
0057PP0010,4
4131PP0247,4
4112PP0151,4
4063PP9001,4
0072PP0012,4
0098PP0020,4
0091PP0012,4
0048PP0022,4
0070PP0006,4
4109PP0812,4
4085PP6185,4
4102PP2607,4
4069PP8641,4
4131PP6380,4
4014PP5645,4
0020PP0032,4
4049PP0269,4
0094PP0007,4
4028PP3289,4
0060PP0014,4
4062PP8893,4
0059PP0046,4
0020PP0026,3
0064PP0024,3
4076PP8094,3
0074PP0023,3
0078PP0030,3
0010PP0025,3
0110PP0040,3
0068PP0018,3
0093PP0014,3
0054PP0012,3
0110PP0014,3
4083PP7404,3
0086PP0009,3
4117PP0583,3
0108PP0002,3
0074PP0026,3
0082PP0005,3
0036PP0003,3
4063PP8847,3
0002PP0021,3
4096PP0517,3
4083PP6398,3
0118PP0005,3
0118PP0004,3
0090PP0009,3
0027PP0034,3
0072PP0011,3
4001PP2224,3
4031PP5112,3
0094PP0012,3
4062PP3358,3
0007PP0016,3
0076PP0006,3
0058PP0007,3
4130PP8214,3
0102PP0038,3
4016PP5578,3
0041PP0007,3
4062PP0077,3
0029PP0029,3
0091PP0018,3
4006PP8752,3
0102PP0060,3
4071PP8793,3
4015PP8248,3
4116PP7585,3
0108PP0052,3
0074PP0005,3
0103PP0013,3
0036PP0004,3
0040PP0007,3
0095PP0025,3
4030PP5997,3
0103PP0014,3
0087PP0014,3
4111PP2518,3
0134PP0010,3
3116PP9173,3
0077PP0009,3
0009PP0027,3
0052PP0030,3
0006PP0024,3
0011PP0008,3
0063PP0020,3
4112PP5513,3
0019PP0016,3
0041PP0016,3
4099PP8720,3
0059PP0011,3
0101PP0004,3
4055PP3476,3
0040PP0026,3
4102PP8943,3
0009PP0037,3
0020PP0019,3
0060PP0030,3
4043PP2966,3
0093PP0013,3
0078PP0013,3
0059PP0021,3
0056PP0013,3
0053PP0031,3
0011PP0024,3
0027PP0038,3
0003PP0017,3
0074PP0031,3
0038PP0004,3
4109PP2659,3
0028PP0053,3
0091PP0009,3
0029PP0011,3
0098PP0014,3
0006PP0034,3
4131PP0262,3
0090PP0014,3
0057PP0015,3
0019PP0019,3
4062PP0684,3
4096PP6570,3
0077PP0040,3
0018PP0019,3
0029PP0024,3
0070PP0028,3
4096PP1023,3
0017PP0011,3
4008PP8871,3
4131PP5531,3
4062PP0742,3
4019PP6358,3
4109PP0805,3
4060PP0299,3
0110PP0015,3
0021PP0007,3
4109PP1097,3
0072PP0010,3
0093PP0006,3
4097PP1701,3
4062PP0686,3
4083PP6084,3
0121PP0006,3
4116PP8414,3
0043PP0030,3
4117PP1795,3
0088PP0010,3
0093PP0023,3
0056PP0039,3
0068PP0017,3
4055PP6140,3
0108PP0036,3
0093PP0017,3
4100PP0416,3
0057PP0012,3
4001PP8824,3
0002PP0026,3
0009PP0005,3
0060PP0041,3
4009PP0118,3
0086PP0014,3
4097PP9153,3
4113PP5968,3
0010PP0019,3
4116PP8922,3
0049PP0016,3
0009PP0034,3
4130PP8800,3
4008PP8453,3
4001PP7525,3
0020PP0005,3
4063PP8620,3
0029PP0006,3
4026PP0152,3
0011PP0010,3
0050PP0002,3
0021PP0005,3
0102PP0064,3
0066PP0013,3
0020PP0003,3
0039PP0026,3
4001PP3296,3
0018PP0020,3
0074PP0009,3
0049PP0027,3
4070PP0374,3
4085PP3453,3
0084PP0008,3
4001PP0005,3
0104PP0002,3
0115PP0004,3
0088PP0016,3
4045PP1369,3
4073PP6464,3
0088PP0020,3
0028PP0036,3
0040PP0010,3
4015PP2506,3
4070PP6629,3
4111PP0675,3
4109PP0614,3
4069PP2704,3
4096PP1127,3
4069PP5156,3
4096PP0542,3
0108PP0030,3
0075PP0037,3
4069PP8141,3
0057PP0004,3
4062PP2442,3
0074PP0014,3
0017PP0012,3
0050PP0012,3
4015PP5791,3
0106PP0010,3
0013PP0015,3
0034PP0019,3
0059PP0038,3
4116PP8378,3
0034PP0008,3
0024PP0009,3
0081PP0021,3
4001PP8628,3
0027PP0019,3
4043PP8182,3
0056PP0031,3
4053PP1759,3
0070PP0041,2
4109PP0808,2
0070PP0032,2
0102PP0030,2
0134PP0001,2
0017PP0006,2
0077PP0047,2
0014PP0009,2
0077PP0021,2
0081PP0026,2
0092PP0025,2
0061PP0029,2
4009PP2315,2
0074PP0025,2
0012PP0024,2
0056PP0032,2
4117PP0571,2
0070PP0016,2
0076PP0011,2
0080PP0020,2
0134PP0002,2
0090PP0010,2
0008PP0051,2
0023PP0006,2
0034PP0015,2
4096PP1849,2
4001PP8878,2
0012PP0012,2
0107PP0010,2
0051PP0022,2
0016PP0019,2
0012PP0038,2
0007PP0004,2
0051PP0016,2
0086PP0011,2
0082PP0006,2
0115PP0009,2
0093PP0021,2
0074PP0015,2
0003PP0013,2
0104PP0003,2
0074PP0012,2
0074PP0004,2
0108PP0049,2
0107PP0023,2
0006PP0025,2
4001PP5127,2
0134PP0014,2
0086PP0017,2
0024PP0038,2
0074PP0016,2
0028PP0015,2
0070PP0004,2
0108PP0044,2
4055PP2759,2
4102PP9003,2
0108PP0034,2
0075PP0039,2
4111PP0916,2
0039PP0005,2
0105PP0010,2
0106PP0018,2
0077PP0068,2
0038PP0020,2
4015PP3139,2
0002PP0009,2
4102PP8846,2
0104PP0007,2
0040PP0009,2
0019PP0010,2
0064PP0036,2
0121PP0008,2
0090PP0018,2
0115PP0010,2
0058PP0012,2
0013PP0002,2
0074PP0003,2
0053PP0033,2
0025PP0022,2
4109PP1944,2
0066PP0021,2
4136PP3900,2
4109PP2787,2
0078PP0020,2
0024PP0031,2
4085PP1169,2
0039PP0027,2
0006PP0021,2
0041PP0026,2
4106PP3716,2
0020PP0016,2
4069PP1841,2
4085PP3097,2
0098PP0028,2
4014PP8325,2
0061PP0024,2
0106PP0015,2
0061PP0030,2
0079PP0051,2
0059PP0020,2
0105PP0025,2
4016PP2676,2
4085PP0691,2
0061PP0028,2
4116PP3383,2
0110PP0058,2
0077PP0020,2
0092PP0029,2
4001PP1305,2
0049PP0022,2
0007PP0055,2
4116PP3132,2
0017PP0016,2
4063PP8525,2
0049PP0026,2
4081PP3131,2
0092PP0019,2
0028PP0025,2
0090PP0019,2
0057PP0009,2
4053PP1084,2
0079PP0032,2
4131PP2445,2
0041PP0012,2
0020PP0004,2
0081PP0029,2
0023PP0010,2
0115PP0007,2
0063PP0005,2
4062PP0303,2
0007PP0025,2
4109PP1043,2
0060PP0004,2
0077PP0041,2
0012PP0014,2
0007PP0037,2
0056PP0026,2
0097PP0024,2
4059PP2945,2
4043PP7471,2
0079PP0031,2
0059PP0061,2
4015PP9004,2
0054PP0022,2
0018PP0018,2
0019PP0012,2
0034PP0013,2
4096PP1361,2
0028PP0057,2
0088PP0002,2
4096PP3211,2
0027PP0030,2
0056PP0029,2
0026PP0016,2
0041PP0025,2
0098PP0029,2
4096PP0784,2
0065PP0004,2
0089PP0025,2
0007PP0043,2
0016PP0007,2
0010PP0008,2
0007PP0032,2
0058PP0017,2
0034PP0002,2
0065PP0009,2
0063PP0027,2
0089PP0009,2
0092PP0017,2
0002PP0007,2
0060PP0039,2
0056PP0014,2
4124PP1661,2
4083PP3544,2
0026PP0028,2
0103PP0003,2
0079PP0038,2
0098PP0021,2
0009PP0021,2
4004PP0084,2
4083PP5598,2
4002PP0062,2
4004PP0680,2
0016PP0002,2
0059PP0008,2
0108PP0011,2
0118PP0009,2
0050PP0007,2
4085PP8607,2
0081PP0044,2
0057PP0013,2
0009PP0047,2
0079PP0021,2
0103PP0027,2
0007PP0065,2
4131PP8634,2
0082PP0009,2
0128PP0005,2
4001PP5956,2
0056PP0003,2
4001PP0704,2
4069PP2064,2
0019PP0017,2
0021PP0002,2
4133PP2949,2
0064PP0010,2
4083PP8563,2
0068PP0004,2
4088PP3095,2
0092PP0015,2
0009PP0007,2
4043PP0195,2
0019PP0003,2
0040PP0013,2
0014PP0016,2
0041PP0019,2
0028PP0017,2
0086PP0012,2
0106PP0020,2
0011PP0015,2
0078PP0026,2
0010PP0015,2
0006PP0028,2
4079PP3451,2
4117PP3051,2
0053PP0032,2
0010PP0023,2
0076PP0029,2
0012PP0010,2
4097PP1111,2
0051PP0007,2
0061PP0025,2
4096PP2016,2
4109PP0624,2
0108PP0029,2
0041PP0013,2
0058PP0009,2
0108PP0038,2
0056PP0027,2
0072PP0013,2
4070PP8505,2
4045PP8986,2
0087PP0008,2
0028PP0031,2
4043PP9024,1
0060PP0019,1
4015PP8514,1
0102PP0017,1
0087PP0005,1
0028PP0046,1
0121PP0012,1
0017PP0021,1
0108PP0040,1
0034PP0011,1
0027PP0020,1
4062PP0685,1
0108PP0016,1
0037PP0002,1
0025PP0036,1
0097PP0005,1
4109PP0597,1
0074PP0029,1
0025PP0026,1
0034PP0029,1
4131PP2214,1
0042PP0016,1
0034PP0010,1
4100PP1573,1
0103PP0023,1
0108PP0051,1
0102PP0012,1
0077PP0035,1
0108PP0053,1
0066PP0026,1
0110PP0003,1
4001PP8548,1
0041PP0015,1
4085PP3244,1
4055PP0561,1
0036PP0013,1
0137PP0004,1
4106PP9001,1
0019PP0018,1
4001PP8930,1
4096PP5137,1
0101PP0012,1
0012PP0056,1
0061PP0010,1
0084PP0017,1
4062PP5991,1
4096PP1657,1
0034PP0003,1
0128PP0009,1
0105PP0027,1
0094PP0006,1
0028PP0039,1
0106PP0043,1
0006PP0026,1
0108PP0056,1
4001PP8595,1
0101PP0013,1
0077PP0039,1
0110PP0020,1
0034PP0005,1
0042PP0007,1
0042PP0012,1
4077PP6212,1
0011PP0011,1
4043PP2994,1
0023PP0002,1
0008PP0056,1
0024PP0014,1
0075PP0022,1
0013PP0039,1
0012PP0016,1
4062PP0327,1
0012PP0004,1
0060PP0013,1
0049PP0033,1
0009PP0022,1
0006PP0018,1
0051PP0026,1
0028PP0047,1
0064PP0023,1
0027PP0015,1
0110PP0028,1
0059PP0033,1
0101PP0011,1
0072PP0008,1
0009PP0014,1
0081PP0035,1
4008PP3201,1
0099PP0011,1
0025PP0042,1
0012PP0047,1
0092PP0024,1
0089PP0016,1
4096PP0878,1
0082PP0011,1
0108PP0026,1
0028PP0045,1
4131PP5535,1
0025PP0039,1
0086PP0010,1
0092PP0027,1
4095PP3150,1
4083PP5504,1
4001PP8190,1
0137PP0007,1
0012PP0039,1
0056PP0025,1
0034PP0020,1
0081PP0057,1
4136PP2967,1
4111PP2566,1
0137PP0009,1
0102PP0018,1
0018PP0007,1
0059PP0056,1
0043PP0011,1
0105PP0008,1
0102PP0051,1
0021PP0008,1
4055PP6238,1
0090PP0012,1
4096PP5338,1
0057PP0002,1
0079PP0018,1
0072PP0009,1
0009PP0040,1
0024PP0020,1
0051PP0013,1
0023PP0005,1
0007PP0033,1
0007PP0020,1
0091PP0016,1
0059PP0013,1
0056PP0020,1
0051PP0018,1
4045PP0211,1
0056PP0007,1
4130PP5794,1
0081PP0030,1
0034PP0025,1
0056PP0023,1
0016PP0005,1
4001PP3806,1
4075PP0441,1
4083PP1555,1
0134PP0009,1
0107PP0028,1
0090PP0023,1
0010PP0020,1
0092PP0012,1
0082PP0015,1
0006PP0044,1
4094PP2390,1
0118PP0008,1
0107PP0032,1
4117PP0573,1
0061PP0036,1
0108PP0033,1
0070PP0039,1
4001PP8661,1
0092PP0006,1
0050PP0018,1
0092PP0041,1
0080PP0018,1
0090PP0017,1
4001PP9044,1
4083PP2609,1
0048PP0011,1
0103PP0025,1
0088PP0013,1
0078PP0022,1
4083PP6113,1
0106PP0042,1
0043PP0017,1
0127PP0003,1
0068PP0011,1
0023PP0013,1
0093PP0022,1
0082PP0018,1
0006PP0020,1
0042PP0014,1
0026PP0040,1
4005PP0097,1
0060PP0021,1
4096PP2795,1
4116PP8887,1
4096PP0779,1
0103PP0009,1
0059PP0027,1
0007PP0057,1
0006PP0038,1
0018PP0013,1
0106PP0025,1
0019PP0013,1
0095PP0039,1
0011PP0027,1
0076PP0025,1
0065PP0016,1
0048PP0008,1
0018PP0016,1
0050PP0021,1
0049PP0034,1
0106PP0031,1
0074PP0008,1
0017PP0004,1
4096PP1850,1
0092PP0039,1
0006PP0041,1
0027PP0041,1
0006PP0027,1
0007PP0044,1
0077PP0018,1
0050PP0013,1
0012PP0057,1
0086PP0015,1
0079PP0047,1
0115PP0003,1
0020PP0030,1
0110PP0012,1
0079PP0030,1
0006PP0009,1
4096PP3236,1
4092PP8427,1
0074PP0013,1
0034PP0004,1
0086PP0021,1
0090PP0027,1
0034PP0023,1
0087PP0035,1
0105PP0020,1
0012PP0041,1
0024PP0035,1
0028PP0058,1
0040PP0017,1
0090PP0016,1
0021PP0011,1
0009PP0018,1
0101PP0016,1
0103PP0006,1
0020PP0017,1
0056PP0024,1
0082PP0010,1
4102PP3455,1
0041PP0021,1
0094PP0014,1
4062PP7607,1
0089PP0021,1
0025PP0033,1
0075PP0029,1
0092PP0043,1
0002PP0034,1
0137PP0008,1
0093PP0020,1
4001PP5648,1
4136PP5321,1
0087PP0042,1
0007PP0031,1
4001PP0033,1
4096PP0696,1
0092PP0016,1
0115PP0011,1
0017PP0014,1
0106PP0029,1
0088PP0018,1
0102PP0029,1
0094PP0017,1
0106PP0011,1
0090PP0005,1
4008PP3220,1
0077PP0046,1
0006PP0022,1
0049PP0021,1
0106PP0024,1
0007PP0035,1
0042PP0029,1
0006PP0013,1
0103PP0012,1
0017PP0015,1
0106PP0019,1
4109PP9009,1
0108PP0028,1
0018PP0011,1
4109PP3413,1
0098PP0017,1
0106PP0032,1
0081PP0049,1
0002PP0023,1
4124PP7457,1
0029PP0019,1
0103PP0022,1
0025PP0010,1
0091PP0011,1
0038PP0019,1
0060PP0043,1
0041PP0009,1
0056PP0005,1
0081PP0043,1
0105PP0024,1
0068PP0016,1
0038PP0006,1
0128PP0012,1
0092PP0030,1
4001PP6377,1
0077PP0037,1
0038PP0013,1
4109PP2874,1
0061PP0022,1
0041PP0006,1
4109PP0930,1
0024PP0013,1
0090PP0022,1
0108PP0061,1
0103PP0005,1
4073JI2320,0
4069MM2952,0
3117JI1252,0
0093JS0008,0
0047JI0922,0
0030JI0935,0
0040JI0901,0
4117MS6873,0
0131MS0032,0
4111JI2906,0
4117MS6871,0
4023MS6534,0
0016JI0905,0
4069JI3623,0
4069MS8492,0
0067MA0001,0
4130MS4189,0
0058MS0004,0
4073JI3807,0
0119JI0902,0
4057JI6507,0
0070JI0909,0
4001JI8558,0
4069JI6059,0
0016JI0908,0
4124JI8929,0
4030JI1893,0
0069JI0985,0
0130MA0001,0
0011JI0903,0
3062JI8328,0
4111JI9029,0
0113JI0902,0
4073JI5889,0
0015JI0920,0
0060JI0910,0
0116MS0002,0
4005JI1711,0
0045JI0945,0
4063JI5985,0
0062JI0939,0
4055JI3499,0
0026MS0004,0
0073JI0938,0
4131JI7459,0
0116MS0014,0
4001JI8448,0
4072MS7934,0
0069JI0925,0
0004JI0938,0
4111MS7695,0
0103PP0030,0
0006JI0905,0
4096JM2559,0
0071MS0064,0
0133JI0912,0
0110PP0032,0
0012MA0001,0
0069MS0068,0
0114JI0908,0
4111JI2649,0
0001JI0974,0
0135MS0005,0
4009MA4133,0
0116JI0922,0
0116MS0001,0
0079JI0912,0
0083JI0942,0
0044JI0909,0
4083JI1540,0
0053JI0917,0
0073MS0029,0
0071JI0933,0
4001MS7011,0
4043MS6265,0
0025JI0901,0
3043JI6313,0
4043JI2928,0
4100MS6763,0
0069MS0009,0
4043JI1830,0
4073MS3023,0
0096JI0910,0
0121MS0002,0
4011MS4138,0
0025JS0010,0
0004JI0918,0
4022MS4157,0
0119JI0948,0
0067JI0912,0
0037JI0902,0
0040JI0903,0
0073JI0922,0
0012JS0004,0
0059JS0005,0
4085JI1926,0
0010MS0007,0
0072JI0901,0
0069MS3811,0
0069JU0036,0
0135JI0919,0
0136JI0912,0
0095MS0014,0
0103PP0010,0
0019JS0006,0
4062MS4399,0
0079JI0915,0
0001MS0016,0
4132JI9012,0
4085JI2750,0
4102JI2786,0
0093JI0904,0
4001MS4008,0
4016JI5209,0
4001MS8623,0
0085JI0939,0
4036MS7245,0
0026PP0039,0
4053MS4345,0
4043JI8546,0
0017MS0005,0
0032JI0911,0
4071JI2913,0
4004MS8819,0
4131MS7329,0
0114MS0004,0
4031JI8399,0
4132JI5924,0
0096MS0010,0
0088JI0906,0
0071MS0047,0
4059JI1965,0
0001MS0027,0
4004MS6962,0
0102JI0913,0
0107JI0909,0
0038PP0016,0
0001JI0901,0
4069JU7421,0
0085JI0976,0
0005JI0934,0
0090JS0009,0
0028JI0902,0
0077JS0013,0
3043JI1079,0
0062JU0001,0
0136JI0910,0
0071MS0044,0
3062JI8015,0
4062JI1221,0
0099MS3061,0
3001JM8293,0
0001JI0966,0
4096PP0514,0
0032JI0903,0
4004JI5404,0
4085JI2099,0
3005JI2253,0
3055JI8756,0
0082PP0021,0
0100JI0923,0
4055MS7086,0
4114JI1552,0
0108JI0904,0
0048MC0021,0
4116JI3700,0
0043MS0041,0
0081MS0015,0
0055MS0044,0
0108MS0006,0
0043JI0938,0
0069JI0912,0
0005MS0023,0
0001MS3921,0
0070MT0001,0
4070JI8192,0
0100JI0932,0
0136JI0905,0
0089JI0904,0
4069JI7343,0
0133JI0913,0
0061JI0904,0
0081JI0904,0
0105JS0001,0
4111JI6077,0
0069MS0005,0
0093JI0910,0
0071MT0002,0
0020JS0006,0
0096MS0025,0
0084PP0021,0
4109PP0613,0
4001JI0044,0
0050JS0002,0
4085MS4596,0
0076PP0026,0
4102JI1580,0
0095JI0907,0
4016MS8944,0
4055JI6058,0
4097MS4717,0
0064PP0020,0
0027JI0907,0
0077JI0919,0
0113JI0903,0
4070MS7911,0
4087MA2208,0
4133MS6845,0
0005JI0918,0
0028MS0004,0
4132MS4312,0
0071JI0919,0
0105JI0909,0
4043MS2728,0
4071JI2222,0
3069JI6282,0
4069MS6668,0
0102JI0915,0
0077MS2200,0
4100MS8119,0
0102JM0002,0
4004JI1371,0
3117JI6371,0
3096JI1267,0
0030JI0925,0
0055MS0039,0
0119JI0901,0
0027JI0901,0
4001MS7650,0
4063MS8621,0
0009PP0030,0
0001MS0081,0
4071JI2262,0
0066MS0003,0
4043MS5720,0
4109JI6168,0
4111JI5971,0
4069JI8663,0
4136JI9108,0
0084JI0903,0
4004MM4078,0
0093JS0011,0
0073MT0002,0
0032MS0023,0
0032MS0027,0
4041MS7356,0
4069JI2119,0
0053JI0922,0
4069MS6560,0
4083MS8638,0
4043MS7887,0
0062MS0039,0
0054MS0002,0
0132JI0914,0
0034PP0012,0
0095MS0009,0
0004MS0005,0
4073MS5699,0
0077JI0920,0
0013JI0902,0
0015JI0909,0
4083MS8036,0
0134JI0903,0
0106PP0023,0
0083JI0914,0
0133MS0038,0
0069MS0098,0
0014MS0011,0
0110JS0009,0
0001MS0085,0
0131MS0014,0
4131JI1780,0
4073MS4518,0
0069JI0961,0
0069MS0109,0
0004MS0048,0
0044MS2120,0
4096MS4691,0
3093JM7405,0
4109MS5718,0
4001MS7685,0
0027JI0911,0
0071JI0927,0
0047MS0005,0
0076PP0051,0
4062JI2340,0
0076JS0006,0
0010JI0903,0
4111MS8111,0
0116MT0004,0
3032JI1805,0
3043JI2594,0
0069JI0932,0
0059PP0045,0
0014MS0001,0
0093JS0004,0
0119JI0932,0
4119JI1494,0
0043MS0035,0
4053JI6584,0
0062MS0075,0
0055JI0908,0
4085MS4592,0
0025PP0043,0
0075PP0023,0
0031JI0901,0
4053MS7791,0
0110JS0005,0
4043MS7877,0
0011PP0026,0
0005JI0914,0
0073MS0051,0
4130MS8862,0
0033JI0910,0
0117JI0912,0
0090JS0003,0
4043JI1923,0
4073MS4520,0
0008MS0016,0
0111MS0034,0
4133MS6842,0
0085JI0919,0
4096MS3337,0
0052MS0004,0
0044JI0926,0
0106PP0022,0
4085JI1722,0
0116MS0018,0
0062JI0914,0
4135MM4782,0
4116JI8499,0
4079JI8268,0
0008MS0005,0
0135MS0001,0
0014MS0010,0
0131MS3041,0
0119MS0033,0
4062JI1652,0
0048JI0907,0
0103JS0003,0
3001JI7987,0
0073JI0935,0
0045MS0007,0
0007JI0908,0
4001MS7656,0
4097JI2667,0
0025PP0023,0
0130MS0014,0
0004MS3031,0
0027MS0001,0
4116MM5118,0
0069JI0994,0
0132MS0020,0
3043JI6316,0
4092MS8727,0
4073MS7235,0
4043JI3161,0
0084JS0002,0
0047JI0913,0
0076JI0901,0
0044MS0018,0
0071MS0081,0
4043MS7029,0
0029PP0023,0
3131JI2035,0
0069MS0185,0
0014MS0007,0
0043MS0051,0
4069JI1481,0
3109JM8027,0
4043MS7888,0
0020JI0905,0
3136JI2774,0
0102JI0922,0
4119MS4968,0
4069JI1641,0
0012PP0059,0
3085JI8754,0
0045MS0006,0
0004MS3241,0
0007MS0006,0
0106MS0002,0
0069MS0041,0
0031JI0907,0
4111JI2397,0
3069JI6303,0
0013JI0906,0
0113JI0901,0
0067JI0913,0
0043AS0001,0
4055JI5806,0
4117MS8788,0
4024MS4160,0
0032JI0942,0
0067JI0904,0
0132MS3261,0
0031JS0005,0
4091MS4632,0
0079MS0009,0
0109MS0010,0
4109PP0804,0
0131MT0002,0
0018JI0907,0
0040JI0906,0
4059JI1544,0
0070JI0905,0
4004JI3545,0
4085MS6784,0
0133MS3021,0
0112PP0021,0
0056JI0903,0
4071MS4503,0
0127MS0001,0
0014MS0003,0
0008JI0930,0
0069MS0063,0
0038JI0906,0
4069MS7713,0
0059PP0030,0
0036MT0001,0
4001JI2810,0
4062JI2371,0
0020PP0011,0
0005MS0029,0
0023MT0001,0
4043JM7365,0
0116MS0024,0
0051MS0002,0
4043MS2829,0
0009MS0009,0
4081JM8729,0
0008MS0006,0
0075JI0908,0
0045JI0931,0
0025PP0019,0
4085MS8007,0
0055JI0910,0
0085JI0972,0
0043MS0060,0
0123JI0902,0
0030JI0907,0
0129MS0005,0
0119MS0018,0
0119JI0942,0
0043JI0948,0
4069MS7708,0
4004JM8263,0
4124MS4974,0
0026MS0009,0
0052JI0905,0
0098JS0002,0
0070PP0033,0
0040JS0002,0
4117MS7213,0
0001JI0957,0
0034JS0003,0
4131JI8502,0
0119MS0037,0
0117MS0009,0
0045JI0903,0
0005JI0932,0
0135AS0001,0
0073JI0955,0
0076JI0907,0
0045MS0031,0
0130JI0902,0
0097MS0009,0
0084JI0902,0
0069MS0081,0
4001JI8969,0
4055JU7410,0
0135JI0903,0
4001MS4005,0
3117JI1786,0
3043JI2460,0
0060MS0006,0
0096MS0003,0
0062MS0070,0
3119JI6342,0
0133MS0007,0
0060MS0005,0
0116JI0912,0
4008MS5750,0
4132MS5213,0
0062MS0023,0
0108JS0001,0
0102JS0004,0
4032JI5311,0
0043MS0036,0
3069JI6294,0
4043JI1395,0
4130JI3194,0
0069MS0114,0
4130MS7964,0
0040MA0001,0
0030JI0922,0
0068JS0008,0
4131JI8446,0
0062JI0933,0
4069MS4467,0
0029JI0904,0
0126JI0903,0
4131JI8415,0
0073MS0071,0
0047JI0920,0
0117JI0904,0
4117MS4934,0
0004MS0055,0
0032MS0059,0
0045JI0918,0
0069MS0016,0
0045MS0010,0
4071JI2500,0
4073MS7847,0
4117JI1465,0
0119JI0934,0
0029MS0004,0
0131MS0006,0
4136MS6772,0
0030MS0063,0
4028JI6495,0
3043JI2521,0
0027JS0005,0
0116JI0930,0
0076PP0046,0
0030MS0039,0
0077JI0910,0
0085JI0924,0
4002MS4053,0
0077JI0922,0
3075JM8222,0
0130JI0928,0
0030JI0915,0
3111JI6423,0
0117JI0907,0
0001MS0095,0
0020JS0003,0
0060PP0040,0
4043MS7878,0
0045JI0913,0
0059MS2011,0
0021PP0019,0
4085MS7805,0
0024JI0908,0
4055JI2605,0
0070MS0001,0
0071JI0914,0
4045MT4991,0
0110PP0004,0
0083JI0907,0
3108JM6603,0
0075JI0921,0
0044MS0017,0
4062MS4416,0
4062MS7966,0
4111JI1924,0
0009PP0028,0
0047MT0004,0
0085JI0905,0
4116MS7893,0
4136MS6773,0
4053JI1793,0
4069JU8682,0
0035JI0906,0
0077JS0007,0
0069JI1001,0
3043MS7959,0
0062MS0047,0
3094MS6884,0
4096JI2144,0
0063JI0912,0
4032MT4193,0
4130JI8512,0
3005JI1262,0
0019MS0003,0
4109JI2488,0
4131MS5754,0
4085MS6805,0
0016JS0001,0
0077JI0904,0
0098JI0918,0
4043JI2007,0
0023PP0025,0
0097JI0920,0
0112JI0909,0
0107JI0913,0
0015MS0023,0
0097JI0914,0
0110MS0002,0
0036JS0005,0
0023PP0003,0
4055JU7409,0
0085JI0934,0
0066JS0002,0
0016JI0901,0
0043MS0048,0
0065JS0004,0
0090JS0010,0
0066MT0001,0
4055JI8382,0
0004MS0008,0
0136JI0903,0
0091JI0906,0
0048JI0904,0
0005MS3281,0
0034JS0008,0
3096JI2163,0
0064PP0027,0
0117MS0016,0
0001MS0052,0
4100MS7339,0
0037PP0006,0
0075JI0917,0
0015MS0018,0
4005MS4986,0
4111MS4901,0
4005JI2134,0
0063MS0014,0
0134JS0002,0
0011JS0002,0
0132MT0001,0
0012MS0007,0
0120JI0904,0
0060MA0001,0
4100JI2043,0
4096MS7812,0
0043JI0907,0
0064JI0905,0
4008JI8637,0
3085JI5356,0
4063JI6156,0
4117MT4951,0
3005JI1028,0
0137PP0010,0
4073JI6405,0
4005JI8299,0
0007JS0004,0
0092MS0006,0
0001JM0003,0
0084MS0005,0
4132JI8147,0
0111JI0930,0
4085JI2071,0
0008JI0950,0
0071JI0921,0
4085MS6787,0
0068MS0004,0
3027JI1489,0
4133MS3096,0
0071MS0035,0
4043JI8980,0
0069JI0990,0
0033JI0909,0
4005JI1355,0
4032JI2113,0
3117JI6370,0
0043JI0921,0
0112JI0915,0
4071JI1438,0
0116JI0913,0
0100MS0035,0
0053MS0018,0
0071JI0953,0
4067JI2420,0
4004JI9111,0
0069JI0930,0
0016MS2030,0
0001JI0951,0
3005JI1029,0
0116JI0923,0
0085MT0008,0
0004MS0021,0
0099JI0905,0
0047MT0001,0
0085MS0014,0
4111MS7181,0
0131JI0909,0
0016JI0907,0
0085JI0922,0
4069JI6004,0
0131MS0011,0
4045JI5308,0
4069MS5694,0
4081JI1663,0
4043JI1417,0
4135JI2342,0
4001JI6090,0
4097MS6883,0
0048PP0018,0
0002PP0036,0
0026JI0901,0
4109JI0909,0
0085MS0013,0
0008MS0027,0
0069MT0003,0
0006MS0001,0
0096JI0909,0
0107MS0007,0
0085MS0080,0
4069JI7742,0
4085MS5733,0
0041JS0002,0
4096MS6604,0
0063MS0002,0
0110JS0012,0
0071MS0069,0
0075JI0915,0
0045MS0004,0
0008MS0042,0
0004MS0030,0
0116MS0019,0
0062JI0935,0
0097JI0902,0
0085MS0012,0
0069JI0941,0
0073MS0049,0
0132MS0009,0
0053MS0001,0
0001JI0923,0
4069JI3501,0
0010PP0018,0
0111JM0001,0
0071JI0903,0
4001JI6512,0
0056PP0040,0
0069MS2510,0
0044JI0915,0
0079JI0901,0
0079MS0006,0
0130MT0001,0
4001MS8697,0
0031JS0004,0
0010MS0001,0
4116MS4914,0
4001JI3349,0
4043JI7953,0
4096MS6277,0
4001JI1102,0
3005JI1720,0
0053JS0002,0
4109JI6261,0
0111JI0924,0
0004MS0042,0
4043JI3704,0
0043MS0018,0
0116MS0032,0
0071MS0046,0
0018MS0001,0
0001MS0044,0
3085JI5617,0
0004JI0945,0
0110PP0057,0
0131MS0005,0
0099JI0918,0
4047JI2738,0
0069JU0006,0
0008JI0912,0
4055JI6056,0
0018JM0001,0
0043JI0923,0
4130JI8739,0
0030MS0028,0
0005JI0908,0
4117JI2091,0
0013JI0908,0
4114MT5232,0
0085JI0944,0
0116JI0926,0
0002JI0906,0
4049JI2255,0
0108JI0910,0
0069MS0099,0
4069MS5737,0
0069JI0967,0
4085MS8004,0
0045JI0941,0
0114JI0909,0
4047JI7802,0
0087JS0005,0
0106PP0027,0
0073JI0931,0
0093JI0905,0
4043JI3549,0
0076JI0914,0
0083MS0025,0
4033MS4202,0
0089MS0004,0
0135MS0023,0
0063JI0903,0
0125MS0005,0
4069MS5691,0
0073JI0909,0
4007JI2968,0
0045MS0051,0
0133MS0028,0
4062MS5712,0
0059JS0011,0
0025MS0001,0
4027JI1693,0
0132MS0002,0
0044JI0908,0
0116JI0917,0
0087JS0003,0
0001JI0913,0
0030MS0020,0
4078MS7788,0
0093MS0007,0
0071MS0002,0
4032MS6819,0
0069JI1016,0
0069JI0940,0
0086JI0904,0
4096PP1848,0
4055JI8273,0
0111MS3161,0
4109JI6489,0
0066JI0904,0
3111JI6429,0
0111JI0933,0
0051JS0009,0
4136JI1456,0
0097JI0915,0
0005JI0930,0
0085MS0005,0
0071MS0019,0
0131JI0919,0
0045JI0906,0
4100JI6166,0
3117JI2193,0
4119MS4956,0
3043JI2200,0
4052JI5204,0
0026JI0905,0
0059JI0905,0
0130MS0001,0
0063MS0010,0
4045MS4282,0
0114MT0002,0
0113MS0004,0
4043JI3221,0
3001MS9172,0
4043JI9169,0
0001MS0031,0
0009MS2080,0
0018MS0004,0
0086MT0001,0
0060JS0003,0
3092JI1788,0
4043MS3625,0
4081JI1310,0
0069MS0001,0
0008JI0916,0
0098JI0914,0
0008MT0003,0
0135JI0904,0
0037JS0001,0
4001JI6325,0
4100JI2271,0
0071MT0003,0
4032MS6818,0
4043JI7360,0
4113JI2109,0
4062MS6986,0
0069MS0160,0
4027JI2152,0
0090JS0012,0
0111MS0042,0
4043JI7749,0
0013JI0911,0
4055MS4347,0
0026JI0916,0
0007JS0007,0
3062JI8020,0
4109JI2534,0
0009MS2100,0
4044MS8615,0
0124JI0901,0
0043MS0079,0
4069MM4466,0
0069JI0993,0
0001MS2280,0
0062JI0942,0
0062JI0913,0
0073MS0068,0
3062JI8022,0
4043MS4223,0
0008JI0931,0
0030MS0025,0
0012JI0906,0
4109MS4864,0
4064MS4438,0
0044MS0003,0
4131JI8527,0
4016JI0138,0
0053MA0001,0
0135JI0922,0
4043JI1112,0
0070JS0009,0
0053JI0903,0
4133MS7095,0
0034JI0901,0
0055MS0007,0
0045MS0032,0
0075JS0001,0
4069JU7420,0
0090MS0005,0
4055MS7828,0
0030MS0021,0
3005JI2256,0
1119MS9001,0
4032MS3252,0
0069JU0019,0
0004JI0955,0
3100JM7660,0
0069JI0946,0
0044MS0019,0
4031MS8077,0
0073MS0038,0
4117JI1357,0
0135JI0912,0
4109MS4850,0
0008JI0901,0
0084MS0004,0
0092MS0003,0
0004JI0965,0
0070MS0012,0
0030MS0011,0
0001MS0067,0
4069MS4470,0
0119JI0904,0
0047MS0021,0
3111JI9030,0
0030JI0929,0
4096JI5498,0
0073JI0940,0
0062MS0065,0
4109MS4826,0
4071JI1897,0
4117MS7836,0
4062JI8735,0
0069JI0952,0
0030MS0001,0
0084JI0904,0
4131MS7852,0
0006JS0009,0
0045JI0938,0
0102JS0003,0
0135JI0902,0
0032MS0052,0
0106JS0001,0
0001MS0094,0
4005JI3280,0
0005MS0013,0
0070JI0901,0
4105MS4809,0
0022JI0906,0
0069MS0163,0
4062MS8384,0
0062JI0908,0
3028JM8813,0
0136JI0919,0
0119JI0930,0
0031JI0909,0
0134JI0901,0
0044JI0912,0
4071JI2293,0
4117MS7863,0
0095JI0911,0
0037PP0004,0
0116MS0022,0
0133MS0009,0
0069JI0910,0
0071JI0943,0
0069MS0121,0
0025JS0016,0
0108JI0914,0
0069MS0101,0
0114JI0911,0
4131MS2632,0
0044JI0901,0
4073MS7845,0
4135JI5932,0
4025MS6733,0
4069MM4474,0
0077JI0915,0
4001JI7582,0
4071JI2477,0
0108JS0004,0
0078JI0907,0
0085MS0070,0
0002PP0005,0
0069MS0024,0
4088MS4628,0
0047MS0012,0
0033JI0904,0
0069JI1024,0
0042MS0004,0
4111JI2291,0
0006PP0036,0
0044JI0905,0
4096MS8040,0
0035MS0005,0
4100JI8258,0
0050JS0003,0
0020PP0031,0
4136JI2036,0
0038JS0002,0
0004MS0031,0
0032MS0010,0
0135JI0917,0
0016MS0018,0
3119JI6331,0
4062MS7140,0
0001MS0009,0
0111MS0010,0
4071MS3747,0
0055MS0006,0
0069JI0907,0
0069JI0956,0
0013MS0002,0
4108JI3424,0
0009JI0907,0
3116MS8566,0
0054JS0006,0
0009JI0915,0
3119JI6333,0
0022JS0001,0
3010JI3570,0
4132MS7229,0
4092JI8432,0
0001JI0984,0
0067MS0010,0
4005JI1715,0
0068JS0002,0
4069MS6667,0
0119MS0053,0
4098MS4729,0
0089JM0001,0
0103PP0029,0
0110JI0910,0
0102MS3021,0
0044JI0922,0
0097JS0002,0
4028MS2801,0
0117MS0020,0
4055MS7822,0
0116MS0028,0
4001MS6950,0
0045MS0045,0
0028JI0918,0
4062JI1278,0
4115JI2740,0
0065MS0003,0
4055JI8866,0
0085MT0005,0
4028MS2550,0
0083JI0944,0
0027PP0047,0
4131MS8785,0
0100MS0034,0
0076PP0020,0
4062MS6750,0
4062MS7689,0
0001MS0054,0
0069MS0075,0
4073MS3181,0
0111MS0003,0
4091JI3817,0
0017MS0001,0
0081MS0020,0
4001MS7696,0
0130JI0917,0
0135JI0907,0
0043JI0924,0
0096MS0023,0
0067JI0902,0
0001MS0045,0
4055MS7829,0
0086MS0005,0
0054MS0001,0
0038JS0001,0
4096JM9004,0
4069JI2447,0
4083PP1367,0
4043MS4239,0
0027JS0001,0
4035MS4206,0
0106MT0001,0
0095MS0022,0
0077JS0010,0
0135MS0021,0
0114JI0906,0
0074JI0902,0
4109JM7602,0
0006PP0043,0
4069MS5690,0
0069MS0020,0
3005JI1027,0
0012JS0012,0
0113MS0008,0
0119MS0001,0
0069JI1026,0
0081JI0926,0
3043MS6916,0
0006JS0002,0
4040MS4209,0
0132MS0017,0
0097MS0019,0
4055JI6496,0
0020JI0904,0
0102JS0009,0
0007JS0009,0
0015MS0001,0
0069MS0156,0
3096JI1200,0
4006MS6754,0
4055JI5878,0
0014JS0001,0
0098JI0912,0
4055JI3609,0
4069JI1861,0
0069JI1011,0
0001MS0074,0
0020JI0901,0
4004MS6893,0
0070JI0913,0
0026MS0008,0
0085JI0913,0
4043MM4218,0
0053MS0017,0
4109MS4846,0
4117MS7873,0
4117JI1496,0
4081JI6012,0
0093JI0902,0
4119JI8202,0
0119JI0906,0
0069JI0999,0
0012JI0905,0
0109JI0905,0
4119JI1265,0
0077JI0903,0
4131JI5080,0
0061JS0008,0
0058JI0904,0
4005JM8259,0
0008MS0035,0
0053JI0923,0
3111JI8342,0
0087JI0902,0
4095JM6396,0
4001MS4001,0
0116JI0908,0
0083MS0034,0
0111JI0947,0
3028JI1749,0
4015JI5178,0
0037JI0901,0
0030MS0024,0
0130MS0022,0
0059JS0010,0
0079MS0007,0
4111MS4878,0
4055MM4362,0
0043JI0911,0
3117JI1258,0
0101JI0905,0
3032JI2581,0
0045JI0911,0
0088JI0903,0
0111JI0941,0
0099MS0006,0
0087MT0001,0
0004MS0012,0
4045JI6361,0
0043MS0069,0
4008MS4120,0
0006MS0003,0
0055JI0941,0
4062JI6187,0
0012JI0910,0
4001JI2616,0
0086MS0004,0
0047MS0016,0
0083JI0902,0
0061MS0002,0
0128MS0001,0
4113MS6982,0
4085JI5180,0
4055JI3552,0
4001PP8565,0
4099JI3277,0
4095JI7464,0
4044MS9002,0
0001JI0902,0
4119MS4965,0
0045MT0005,0
0082PP0014,0
4133JI6615,0
4131MS5701,0
0105JS0007,0
3098JI3090,0
0069MS3231,0
0044JI0907,0
0045JI0940,0
3043MT6365,0
0111MS0007,0
4056MS3913,0
3092JM9131,0
4132MS4326,0
0049JS0005,0
0085JI0957,0
0026MS0011,0
0092JI0901,0
4075MS6775,0
0084MC0030,0
4053MS5160,0
0064PP0026,0
4100MS4798,0
0131MS0035,0
0032JI0926,0
0108MS0003,0
0077JI0902,0
0116MS0004,0
4100JI1654,0
0091MS0003,0
0061PP0020,0
0111JI0912,0
0111JI0916,0
4085JI2636,0
0072JI0905,0
0129MS0002,0
0069MS0042,0
4069JI5890,0
0043JI0943,0
0062MS0064,0
4083JI3379,0
0119JI0944,0
0043JI0904,0
0010JI0907,0
0117MS0021,0
0136MS0018,0
0032MS0018,0
0050JI0901,0
0012JS0017,0
4102MS4805,0
4096JI5669,0
0090JS0008,0
0004MS0002,0
0007MS0005,0
0083MS0033,0
0069JI0934,0
4075MS7833,0
0134JM0001,0
0030MS0023,0
0061PP0034,0
0114MS0002,0
4071MS5724,0
0050JS0006,0
4008JI7986,0
0017JI0901,0
0102JI0907,0
0001MS0042,0
0107JI0914,0
4030MS4179,0
4045MS6867,0
4100JI2480,0
4095JI1447,0
0106JS0006,0
4043JI2646,0
0004JI0956,0
4109MS6097,0
0071JI0955,0
0135JI0914,0
0105JI0906,0
0047MS0022,0
0071MS0029,0
0043MS0015,0
0032MS0001,0
0078JI0910,0
0027MS0006,0
4108JI7938,0
0117MS0008,0
0111JI0936,0
0005MS0021,0
4136MS4749,0
0114JI0907,0
0051JS0002,0
0017MS0007,0
0073JI0913,0
0071MS0009,0
0073JI0944,0
3043JI7429,0
0032MS3641,0
0074JS0006,0
0117JI0926,0
0003MT0001,0
0112JI0906,0
0056PP0015,0
4010JI8133,0
0071JI0910,0
0071MT0004,0
0109MS0011,0
0002JS0010,0
0036JI0904,0
0051JS0005,0
0071JI0930,0
0043JI0927,0
4047MS4331,0
0100MS0039,0
0073MS0072,0
0093JI0915,0
0074JI0905,0
0015JI0912,0
4001JI2742,0
0083JI0934,0
0063JI0920,0
0107PP0038,0
0108JS0011,0
4056MS4367,0
0003JI0902,0
0072MT0001,0
4102JI1934,0
0117MS0035,0
0053MT0001,0
0024PP0012,0
0129MS3081,0
0004JI0916,0
0071MS0058,0
0026JS0010,0
4062MS7239,0
0119MS0056,0
0068JS0006,0
0116MS0033,0
4095MS4643,0
4060JI2226,0
4010JI3911,0
0044JI0914,0
3062JI8017,0
0072MS0003,0
0069MT0008,0
3043JI3619,0
0119MS0049,0
0125JI0903,0
0013JI0914,0
4096JI6159,0
4071MS8354,0
0107JI0921,0
0024JI0904,0
0071MS0022,0
0079JI0910,0
0117JI0923,0
0031MS0006,0
0030MS0013,0
0106JI0907,0
4096MS6188,0
4030JI5367,0
0008JI0935,0
4007MS4106,0
0058MS0006,0
4132JI8486,0
0055JI0948,0
0070JI0911,0
0095JI0930,0
0006PP0045,0
0062MS0034,0
4136MM4751,0
0087PP0043,0
4045MS7875,0
0012JI0907,0
0119MT0005,0
0091JI0902,0
4130MS8809,0
0011JI0909,0
0023JS0009,0
4106MS8477,0
0060JI0903,0
0038JI0905,0
0123MS0002,0
0027JS0006,0
0119MS0042,0
0001MS0082,0
0106JI0916,0
0020MC0027,0
0045MS0046,0
0112JI0910,0
0112MS0006,0
4083MS8262,0
4100JI6608,0
4045MS7869,0
0085JI0904,0
4069JI3930,0
0073MS0047,0
0062JI0943,0
3032JI3344,0
4073JI3936,0
0032MS0036,0
4043JI1892,0
4069MS7715,0
0043MS2220,0
4001MS9016,0
0119MS0027,0
0045MT0003,0
0081JI0905,0
4109JI1607,0
0074MT0001,0
4130MT4182,0
4085MS4617,0
4131JI3129,0
0069JI1007,0
4075JI9000,0
0063JI0915,0
4132JI1537,0
0001JI0953,0
0110MS0004,0
0055MS0032,0
4109PP3054,0
0015JI0907,0
0055JI0918,0
0025MT0001,0
0135JI0920,0
4100MS7920,0
4044JI7473,0
0069MS0073,0
0102MS0004,0
4117MS4921,0
0133JI0924,0
0068JI0903,0
0113MS0002,0
3043JI2723,0
3070JM8695,0
0030JI0921,0
0015MS0022,0
4055JI2179,0
0053JI0901,0
4099JI9006,0
4008MT4116,0
0117MS3011,0
0026MT0001,0
4030MS6194,0
0015MS0027,0
0106JS0013,0
0008MT0002,0
4062MS4412,0
0069JI0975,0
4055MS7744,0
0103JS0001,0
0004JI0949,0
3094JM7402,0
0087JS0010,0
4044JI5974,0
4073JI7743,0
0063JI0930,0
0008JI0928,0
0107JI0901,0
4096PP1842,0
0073MS0052,0
4130MS5408,0
0100JI0904,0
0001JI0938,0
0061MS0005,0
0097MS0015,0
0081JI0909,0
0083MS0005,0
0083JI0938,0
0124MS0005,0
4071JI2956,0
4043JI1548,0
4100MT4741,0
3062JI8023,0
4100JI1453,0
0119MT0003,0
0135MS0009,0
0032MS0024,0
0036MC0001,0
4133MS4316,0
0077MS0002,0
4069MS6682,0
4043MS4219,0
0106MS0009,0
0062MS0061,0
0100MS0056,0
0062MS0043,0
0136MS0006,0
0108JS0012,0
0047MS0019,0
0069MS0059,0
0124JI0902,0
4001JI2125,0
4004JI1422,0
0098JI0917,0
0069MS0188,0
0012JS0007,0
0063JI0901,0
0053JI0906,0
0068PP0009,0
0060PP0034,0
0004JI0927,0
0048MT2010,0
0004JI0901,0
0043MS0013,0
4071MS8671,0
0120JI0901,0
4106JI7756,0
0043MS0071,0
0008JI0946,0
0085JI0940,0
0119MS0020,0
0134MS0004,0
0045MS0048,0
0085MS0036,0
0013MS0009,0
0078PP0027,0
4083MS8196,0
4136MS4746,0
0059PP0051,0
0133MS0017,0
0047MS0010,0
0045MT0001,0
4083MS6399,0
0004JI0911,0
0048JS0002,0
4069MS7712,0
4001MS4040,0
0004JI0923,0
0073JI0956,0
4030JI1499,0
4069MS6557,0
4100JI5102,0
0084MS0002,0
0044JI0917,0
0091MA0001,0
3096JI1814,0
0073MS0061,0
0083JI0937,0
0105MS2010,0
4077MS8103,0
4095MS3695,0
4062JI8931,0
0121JI0906,0
0022MS0001,0
0131MS0004,0
4004MS7810,0
0119MT0004,0
4100MS7918,0
0032MS0032,0
0082JI0902,0
4109PP3656,0
0041JS0008,0
4001MS4021,0
4075JI1603,0
0129JI0915,0
0097JI0924,0
4055PP8691,0
0093JS0010,0
0096MS0008,0
0057MT0001,0
0045MS0026,0
0133MS0014,0
0117MS0005,0
0035MS0004,0
4111MS7794,0
3043MS6926,0
0100JI0916,0
0008JI0914,0
0071MS0077,0
4109JI5825,0
0039JS0002,0
4119JI6585,0
4062JI2353,0
0050JI0907,0
0014JI0901,0
0111MS0005,0
0085MS0049,0
0008JI0960,0
0014JI0905,0
0092JS0007,0
0073MS0080,0
4067MS8632,0
0093JI0907,0
0135MT0002,0
0113MS0012,0
0083MS0035,0
0119JI0931,0
0001JI0910,0
0073JI0901,0
3069JI6292,0
0002JI0905,0
4135MS4784,0
0017JI0908,0
0096MS0026,0
0065MS3011,0
0009PP0041,0
0116JI0916,0
0043JI0914,0
0062MS0076,0
0083MS0028,0
0068JS0007,0
0098MS0008,0
0062MS0008,0
0025JS0003,0
0009PP0020,0
4083MS7908,0
0116JI0924,0
4102JI3359,0
4085JI1196,0
0023PP0030,0
0075MS0019,0
0092JS0010,0
4099MT4732,0
0073MS0039,0
0005JI0925,0
0047MS0004,0
0136JI0902,0
0073JI0926,0
4108MA4821,0
0055JI0903,0
0069JI0986,0
3069JI6296,0
0117MS0034,0
4062MS4998,0
4124MS8001,0
0007MS0010,0
4073JI5028,0
0060JI0904,0
4136MS7914,0
0123MS0011,0
0085MS0047,0
4111JI2357,0
0098MS0006,0
4117JI5049,0
0117MS0002,0
0066JI0905,0
0072MS0004,0
4001MS8489,0
4069MS4463,0
0077MS0018,0
0077JI0905,0
0009JS0003,0
4071JI2218,0
4053MS7032,0
0056PP0042,0
3069JI6290,0
0088PP0015,0
0073JI0942,0
0055JI0936,0
0065JI0901,0
0069JI0973,0
0135JI0918,0
0102JS0007,0
4096JI6116,0
4001MS2280,0
0032JI0938,0
0123JI0913,0
4117JI2207,0
4001JI3976,0
4066MS7755,0
0112JI0907,0
0005MS0011,0
0131JI0913,0
0097MS0008,0
0007JS0014,0
0124MS0004,0
0069MT0013,0
4045JI1679,0
4109MS4829,0
4063JI5999,0
0001MS0061,0
0007JS0006,0
0085MS0029,0
0034JS0004,0
0049JS0007,0
0133JI0903,0
3136JI2772,0
4001JI0047,0
0045JI0928,0
4096MS3777,0
0069MS0169,0
4116MS5747,0
0130MS0013,0
0103MS0001,0
4100JI2838,0
0090JS0004,0
4111JI1675,0
4069JI1477,0
0062MS0069,0
4069JI3587,0
4096MS8072,0
4111MS8631,0
0081MS3061,0
0084PP0010,0
4132MS4308,0
0001JI0949,0
0119MS0022,0
0069MT0004,0
0027MS2070,0
4005MS3983,0
4043MS7883,0
0045MS0001,0
0001MS0079,0
0132MS0033,0
0055MS0038,0
0012JI0901,0
4085JI2482,0
0050JS0005,0
0073MS0048,0
4111MS6657,0
0063JI0929,0
0111JI0927,0
0004JI0957,0
0004MS0061,0
4030MS8076,0
4085JI2828,0
0038JI0901,0
0062MS0021,0
0062JI0941,0
4069MS5740,0
0073JI0923,0
0095JI0934,0
0004JI0966,0
0113MS0013,0
4131MS3364,0
0004MS0013,0
0009JS0010,0
0001MS3141,0
0045JI0943,0
4032MS4194,0
0076MS0016,0
0093MS0004,0
0045MS0023,0
3005JI1315,0
4069JI8834,0
0133MS0026,0
4069JI2272,0
0073MS0002,0
4100JI1374,0
0064MT0001,0
0132MS0001,0
0047JI0906,0
0063JI0922,0
0133MS0034,0
4055JI5460,0
0069MS0048,0
4083MS8429,0
4069JI5240,0
0032MT0003,0
0135MS0004,0
4044MA4251,0
0022MS0004,0
0074PP0020,0
0069JI0987,0
4108MS3446,0
4062MS4379,0
4096MS4678,0
0085MS0068,0
4059MS6542,0
4004JI2335,0
0119MS0024,0
0083JI0947,0
4119PP7399,0
0026MS3011,0
0001JI0930,0
0087MS0003,0
0009PP0032,0
4073MS7332,0
0079PP0029,0
0004MS0066,0
0095MS0026,0
0092MT0001,0
4055JI7635,0
0041PP0018,0
4073JI1936,0
4045MS4274,0
0016JI0916,0
0027JS0003,0
0100JI0929,0
0030JI0923,0
0113JI0904,0
3043MS8528,0
0025MS0006,0
0006JI0902,0
0108MS2040,0
0085MS0027,0
4069MS6670,0
0047JI0902,0
0094MS0003,0
0015MS0015,0
0043JI0918,0
4069MS4459,0
4096JI3238,0
0119MS0021,0
0130JI0911,0
0011MS0002,0
0069MS0083,0
4135JI2338,0
0069MS0079,0
0058PP0018,0
0085JI0965,0
0055MS0020,0
4055MS8132,0
0052JI0901,0
0053MS0010,0
4004JI1245,0
3069JI6280,0
4071MS4500,0
0069MS0029,0
0054JS0005,0
0066JI0903,0
0005MS0004,0
4100MS7919,0
0001JI0968,0
0053MS0019,0
4043MS8053,0
0053JS0004,0
4085MS5714,0
0060MT0001,0
0001MS0066,0
4133JI8557,0
0070JI0903,0
0007PP0053,0
4100JI2644,0
0113JI0914,0
0036MS0003,0
0111MT0004,0
0032JI0945,0
0043JI0937,0
4133JI3398,0
0111MS0038,0
0099MS0008,0
0087MS0002,0
0105JI0907,0
4096MS4693,0
4073JI1870,0
4062JI2821,0
0012JS0003,0
0004MS0049,0
0045JI0914,0
0033MS0004,0
0137PP0006,0
0111MS0022,0
4135JI7978,0
4130JI6125,0
0069MS0173,0
0131MS2090,0
0079JI0907,0
0055JI0950,0
4111MS4895,0
4083MS8091,0
0062MS3241,0
4016JI5433,0
0077JI0928,0
4133JI2362,0
4062MS3144,0
0061MT0001,0
0074JS0004,0
4125MS6129,0
4043MS6528,0
0039JS0004,0
0119JI0926,0
0023MC0035,0
0019JS0003,0
0131JI0915,0
0064JS0010,0
0123JI0903,0
4015JI7477,0
3109JM7559,0
0095JI0906,0
4085JI2336,0
0032MS0061,0
0116MS0027,0
0116JI0905,0
4045MS7927,0
0045JI0932,0
0055JI0943,0
4001JI0052,0
0074MA0001,0
0001MS0043,0
4001JI1676,0
0091JI0905,0
4119JI2249,0
4131MS9001,0
0071MS0020,0
0078MS0007,0
4001MS4003,0
0085MS0034,0
4085MS7722,0
4133JI2282,0
0056MS0004,0
0136MS0019,0
0051MT0001,0
0112JI0911,0
4100JI1455,0
0097JI0905,0
0003JI0904,0
0133MS0022,0
0001MS0069,0
0095MS0013,0
0076JI0915,0
4100JI5571,0
0104JS0001,0
4131MS7854,0
0068PP0020,0
0068MS0001,0
4069MS8206,0
0072JI0906,0
0007MS3111,0
0067JS0003,0
4030JI8799,0
4045JI3553,0
0116JI0927,0
4062MS7688,0
0081JI0923,0
0062MS0050,0
4043JI1736,0
4123JI3191,0
0083JI0912,0
4096MS5053,0
0004JI0919,0
0037JS0003,0
4117JI1403,0
0074JI0904,0
0070JS0003,0
0004MS0014,0
0016MS0007,0
0063JI0924,0
0071JI0957,0
0033MS0001,0
0098MS0003,0
0054MT0001,0
0048JM0001,0
0085MT0006,0
0045JI0936,0
4032MS7293,0
4043MS4232,0
4073JI2294,0
0015JI0905,0
4045JI2734,0
4015MS8240,0
0131JI0906,0
4073JI1096,0
4023MS4158,0
0084PP0006,0
0012MS0004,0
0111MT0009,0
0026JI0914,0
0023JS0002,0
4100JI5257,0
0069JI1030,0
0102MS0005,0
0132MS0036,0
4131JI1634,0
0007JI0912,0
0060JI0908,0
4056JI2275,0
0001MT0003,0
0073JI0924,0
4026JI2316,0
0049MS0007,0
0049JI0905,0
0111JI0901,0
4116MS6245,0
0028JI0911,0
0022MT0001,0
4107MS7835,0
4069MS5742,0
0006JS0003,0
0083JI0930,0
0071MS0027,0
0060JI0905,0
0098MS0014,0
4119JI7648,0
0001JI0933,0
0132MS0027,0
4102MM9001,0
0070MS0011,0
4055PP6101,0
4096JI7575,0
4008MS4112,0
4102JM6395,0
0081MS0012,0
4032JI1282,0
0011JI0906,0
4004MS7767,0
0069MS0023,0
0043JI0906,0
0008JI0924,0
0004JU0005,0
3119JI6330,0
4111JI1462,0
0098MS0016,0
0055MS0049,0
0071MS0056,0
4069MS2762,0
4102MS8924,0
4043JI7671,0
0011JS0006,0
0095MS0012,0
0055MS0024,0
0009JI0901,0
0133JI0911,0
0030MS2220,0
0130MS0002,0
0006PP0019,0
4010MT6515,0
0005JI0905,0
0008MS0038,0
4001JI8649,0
3111JI6430,0
0069MS0054,0
4071JI1325,0
4043JI5228,0
0131MS0017,0
0108MS0002,0
4005MS6017,0
4132MS7298,0
0001MS3112,0
0127PP0009,0
4085JI3257,0
4045MS7864,0
0074JI0906,0
4111MS7205,0
0098MS0011,0
4135MT4801,0
0001MS0032,0
0053MS0014,0
0127JI0903,0
0019JS0001,0
0069MS0018,0
4004MM9019,0
4030JI2509,0
4131MS4295,0
4069JI2679,0
0117JI0910,0
0001JI0959,0
0055MS0018,0
0111MS0023,0
0016JI0906,0
4085MS4621,0
0033MC0020,0
0031JI0902,0
0073MS0045,0
4116JI8983,0
0075JI0905,0
0093PP0009,0
4062MS4394,0
0117MS0028,0
0097MT0006,0
0032MS2050,0
4095JI8547,0
4115MS4908,0
0069JI0938,0
3005JI8046,0
0081MS0014,0
4096MS4688,0
0032MS0008,0
4092JI2634,0
0083JI0903,0
0133JI0908,0
0007JI0919,0
0077JI0926,0
0032MS0055,0
0067MS0001,0
4043MS5751,0
4075MS2050,0
0063MS0018,0
4069MS8110,0
4053MS4344,0
4069MS7142,0
0062MS0044,0
0091JS0002,0
4109JI1629,0
0025JS0004,0
4062JI7371,0
0103MS3011,0
4085MS6802,0
0032JI0936,0
0088JI0901,0
4113MS7655,0
4005MS4105,0
0062MS3221,0
4004MS5298,0
0070JS0001,0
0092MC0036,0
4131JI8572,0
0128MT0001,0
4044MS8599,0
4055JI3081,0
0089MS0002,0
0047JI0915,0
0105MA0001,0
4004MS4066,0
0004JI0962,0
4085MS7549,0
0085MS0058,0
0079MS0008,0
0059JS0007,0
0030MS0012,0
4119JI3814,0
0114JI0913,0
4100JI1450,0
0108JS0015,0
0004JI0961,0
0053MS0011,0
0059JS0006,0
4005MS7681,0
0015MT0001,0
0012MS0001,0
0073JI0925,0
0095JI0921,0
0085MS0056,0
0055MS0041,0
4085MS8234,0
4045MS7050,0
0055JI0930,0
3062JI8690,0
0013MS0003,0
0022MS0003,0
0038MS0001,0
0016MS0003,0
0012JI0903,0
0106JI0912,0
0095JI0918,0
4116JI3380,0
0004MS0032,0
0112JI0912,0
0100MS0012,0
4069JI2145,0
0119MS0011,0
0093JI0909,0
3062JI8330,0
0116MS0007,0
4133JI3246,0
0083JI0936,0
0085MT0007,0
0027JS0007,0
4043JI1689,0
0071MS0084,0
0130MS3141,0
4083MM9007,0
4030JM9113,0
0012MS0010,0
4012JI2341,0
0136MS0011,0
4109MS4823,0
0005MT0001,0
0055MS0026,0
4001MS5506,0
0079JI0908,0
4004MS2938,0
0094MS0002,0
0003MS0003,0
0100MS0052,0
4004JI1530,0
4001MS4020,0
0074JI0903,0
0069MS0190,0
0032MS0017,0
0078MS0008,0
0115JS0001,0
0051MS0004,0
0096JI0915,0
4045MS6864,0
4008JI1514,0
4119MS6812,0
3117JI6374,0
4069MS2766,0
3005JI1365,0
0075MA0001,0
0073MS0037,0
0033JI0905,0
4097JI1732,0
4095JM7638,0
4032MS6993,0
4076MS4537,0
4073MS7232,0
4133MS6741,0
0071JI0912,0
4069MM9018,0
0071MS0045,0
4004JI3569,0
0012MS0006,0
0073MS0007,0
0102PP0023,0
4004MS7769,0
4001MS7033,0
0041JI0905,0
0055JI0944,0
0111MS2570,0
4117MS4915,0
0129JI0901,0
4004MS6889,0
0017JS0002,0
0019JI0907,0
0015MS0014,0
4081MS4554,0
0047JI0909,0
0118MT0001,0
0005MS0022,0
0119MT0006,0
0075JI0916,0
4085JI8810,0
4100MS7207,0
0112MS0011,0
0025MS0009,0
0001MS0047,0
0060PP0025,0
4106JI8976,0
0027MS0004,0
3001JI9124,0
0005MS0009,0
0095MS0002,0
0102MS0020,0
0090JS0007,0
0111JI0943,0
0010JS0009,0
0133MT0002,0
0010JI0905,0
0131JI0927,0
0010JI0904,0
3005JI2155,0
4110JI2367,0
0058JS0003,0
0107AS0001,0
0003MS0001,0
0003JS0003,0
0003JM0001,0
4032MS6813,0
4069MS4472,0
0001JI0964,0
0045JI0930,0
3043JI6317,0
0135JI0906,0
0110MS0003,0
0129MS3021,0
0005MS0001,0
0100MS0022,0
0015MS0017,0
0069MS2090,0
4043JI2545,0
0024JI0901,0
0110MA0001,0
0077PP0075,0
0049MS0004,0
0069MS0145,0
4080MS4551,0
0075JI0919,0
0092MS0002,0
4096JI8389,0
4015JI9007,0
4028JI2615,0
4055JI8761,0
4069JI3558,0
4119JI5221,0
4085JI6031,0
0105JS0004,0
0008MS0045,0
4117JI1632,0
0043MS0012,0
4043JI2198,0
4069MS6669,0
0044MS2180,0
4069MS8243,0
4119JI2897,0
0053JI0921,0
0130MS0020,0
4117JI1633,0
0097MS0010,0
4071JI6506,0
0108JS0002,0
0078PP0028,0
3098JI1920,0
0062JU0010,0
0127MT0001,0
0075MS0011,0
0062MS0030,0
0055JI0907,0
0032JI0944,0
4073MS7922,0
0018MS0005,0
0069MS0022,0
0057JI0904,0
0025JI0906,0
4013JI3431,0
4096JI5271,0
0099MS0002,0
4062JI3719,0
0127PP0004,0
0131JV0001,0
0059MS0006,0
4001MS9005,0
4005JI5022,0
0007MT0002,0
4071MS6975,0
0069JI0950,0
0056PP0033,0
0016JI0902,0
0008JI0952,0
4008JI8911,0
0030MS0032,0
0028PP0063,0
0119JI0911,0
0063JI0909,0
4069JI5518,0
0079JI0913,0
4132JI8909,0
4069JI1479,0
0073JI0908,0
0003JI0903,0
0100MS0046,0
0063JI0911,0
0005MS0031,0
4004JI2216,0
3043JI2458,0
0041MS0003,0
0014JI0904,0
0121JS0002,0
0111MS0043,0
0071JI0917,0
0120MS0003,0
0081JI0911,0
4083JI6492,0
4116MS9018,0
4085MS6184,0
4032MS7726,0
0132MS0024,0
0016MS0001,0
0102JI0924,0
0038MS0002,0
0085MS0007,0
0023MS2020,0
0055MS0008,0
0010MC0017,0
3005JI1026,0
4004JM6511,0
0119JI0943,0
4109MS7284,0
4069JI2878,0
4073MS7846,0
0059JI0912,0
4077JI2202,0
0030JI0902,0
4116JI5085,0
0069JI0918,0
4004JI3512,0
0102JI0912,0
0106JI0909,0
4069JI1859,0
0107MS0004,0
4106MS4810,0
4043JI1409,0
0007PP0034,0
0024JS0001,0
0048MA0001,0
0056JS0001,0
4073MS3745,0
0026JI0912,0
3045JI1382,0
4001MS8979,0
0085JI0960,0
3100JI1503,0
0117MS0022,0
4030JI3370,0
0086JI0903,0
0099MS3101,0
4055MS4348,0
4070MS4493,0
4072JI8105,0
0127MS3011,0
0095MS0020,0
0107MA0002,0
0012MS2090,0
4045JI1938,0
0032JI0916,0
0063JI0923,0
0117MS0014,0
0101JS0005,0
0008MS3121,0
0032JI0950,0
4004JI3085,0
4131JI2380,0
3136JI3261,0
0083MS0029,0
0062MS0082,0
0075MS0015,0
4081MS4553,0
0020MS0002,0
0005MT0009,0
3043MS8711,0
0001JI0932,0
0089JM0002,0
4073MS8647,0
0055JI0912,0
3108JM8238,0
0062MS0036,0
0111JI0934,0
0132MS0038,0
0067MT0001,0
4118JI7594,0
0059MA0001,0
0062JU0002,0
0079JI0903,0
0017JI0906,0
0123JI0908,0
4096JI6484,0
0041MA0001,0
4135JI1813,0
0086MS0001,0
0087JS0012,0
0015JI0913,0
0044JI0929,0
4043JI7939,0
0016JS0005,0
4069JI8536,0
0103JM0001,0
4069JU7425,0
0074MS0002,0
0069JI0997,0
0110JS0013,0
4008JI2269,0
0004MS0045,0
0083JI0939,0
0015JI0924,0
0107JI0906,0
0053JI0911,0
0085JI0945,0
4033MS4201,0
0094JS0002,0
0028JI0901,0
4083JI5056,0
0057JS0005,0
0049JI0904,0
0111JI0932,0
4136JI3159,0
4136MM3357,0
4132MS2754,0
0107MS0005,0
0078PP0034,0
0004MS0025,0
0044JI0921,0
0132JI0923,0
0055MT0002,0
4001JI1807,0
4100MS4761,0
0119JI0910,0
0056PP0017,0
0011JS0003,0
0062MS2800,0
0018PP0010,0
0117MS2130,0
0025JI0912,0
0135MT0003,0
0004MS0079,0
0131JI0926,0
0132MS0008,0
0136MS0020,0
0073MS0026,0
0136MS0012,0
4101MS4803,0
4102JI7599,0
4069JI2142,0
0071MS0013,0
0097JI0928,0
4043JI7630,0
0131JI0925,0
0131MS0010,0
0081JI0927,0
4085JM8230,0
0069MS0165,0
0109JI0902,0
0069MS0111,0
4114JI1464,0
0131MS0009,0
0032MS0002,0
4125MS7061,0
4045JI1535,0
0004MS0073,0
4095JI8760,0
4004BS7278,0
0085JI0921,0
4083JI6415,0
4015JI7670,0
0076JS0011,0
0085JI0917,0
0085MT0001,0
0008MS0046,0
4055MS7070,0
4111MS4886,0
0058JI0906,0
0132MS0029,0
3001JI1232,0
0014MS0012,0
4085JI7963,0
0066PP0024,0
4004JI2368,0
0077MS0012,0
0078JS0001,0
0053JI0907,0
4005JI2122,0
0119JI0951,0
0053JS0005,0
0037MS0002,0
4083MS8112,0
4133MS6638,0
0131MS0002,0
4111JI1463,0
0105JS0002,0
4049MS4337,0
0008MS0034,0
3055JI8751,0
0117JI0922,0
4005JI1659,0
0073MS0081,0
3096JI2292,0
0032JI0941,0
4001MA4027,0
0039MS0002,0
0074JS0011,0
4131JI2306,0
0085JI0927,0
0043MT0002,0
0069MS0006,0
4075MS4531,0
0077JS0011,0
0064JI0903,0
0014MF0002,0
0097MT0003,0
4069JU7417,0
4073MS8074,0
4116MS8161,0
0062JI0932,0
4083PP8562,0
0026JI0904,0
0045JI0916,0
4055MS4352,0
0043MS0022,0
0032JI0904,0
0083MS0011,0
0071JI0961,0
0077MS0015,0
0063JI0925,0
0049JS0004,0
0043MS0038,0
4078MS4547,0
0010JS0002,0
4032MS5682,0
4055MS7384,0
4045MS7052,0
4032MS8035,0
4085MS2689,0
4071MS8597,0
3043MS6921,0
0116MS2020,0
4001MS4015,0
4028JI8295,0
0069MS0064,0
0069JI1019,0
0024JI0909,0
0063MT0001,0
0074MS0003,0
0004JI0917,0
4032JI3158,0
0097MS0020,0
0085JI0929,0
4059MS4369,0
0010MS0010,0
0009MS3051,0
0023MS0003,0
0097MT0001,0
0117MS0003,0
0005JI0917,0
0017MS2060,0
4043MS5009,0
0113JS0001,0
0099JS0001,0
0012MS0005,0
0001JI0975,0
0032MS0009,0
4001MS4000,0
4008JI8748,0
0073MS0082,0
4113MS3401,0
0015JI0917,0
0131JI0928,0
0102JI0918,0
4055JI2010,0
0032MA0001,0
0032MS0013,0
0071MS0007,0
0025JI0902,0
0055JI0902,0
4047MS4329,0
0119MS0050,0
0055JI0949,0
4128MS6838,0
0133MS0025,0
4133JI1429,0
4001MS7075,0
4116JI8400,0
0078JS0004,0
0106PP0006,0
0073MS0070,0
4063JI1878,0
0071JI0936,0
0043MS0044,0
0118JI0901,0
4005MS4089,0
0097MS0023,0
0070MS0003,0
4109JI5335,0
0095JI0915,0
0009JS0001,0
0083JI0918,0
4096JI3372,0
0130JI0925,0
4085JI1522,0
0004MS0017,0
0075MS0012,0
0099JI0903,0
0133MS0004,0
4093MS6718,0
0070MS0007,0
0102JI0910,0
0008JI0949,0
0030JI0924,0
0119MT0001,0
0073JI0905,0
0083MS0027,0
0069JI0953,0
0018JS0002,0
0073MS0042,0
3032JI3239,0
0063JM0001,0
0073JI0941,0
0081MS0018,0
0042JS0003,0
0064MS0009,0
4071MS6809,0
0044JI0916,0
0076JI0910,0
0001JI0976,0
0076JS0001,0
4069MS6679,0
0097JI0906,0
4095JI6098,0
0086MS0003,0
0095MS0019,0
4045JI8284,0
0132JI0926,0
0059MS0004,0
0100MS0038,0
4032MS7291,0
0114MT0001,0
0009JI0914,0
4073MS5353,0
4062JI7729,0
0032JI0906,0
0101JS0006,0
0032JI0947,0
4133MS4304,0
0079JS0005,0
4053JI3011,0
4062MT4430,0
4001MS6949,0
0128MA0001,0
4109MS4859,0
0079MS0010,0
0064JS0007,0
0044MS0004,0
4043JI1666,0
4001MS3474,0
0045JI0920,0
0062JI0924,0
4073JI2406,0
0085JI0943,0
0064JS0004,0
0110MS3021,0
4004MS4061,0
4069JI2496,0
4085JI1444,0
0079JI0916,0
0014JS0002,0
0069MS0066,0
4069MS4475,0
4031MS4190,0
0004JI0937,0
4062MS4402,0
0072JI0904,0
3005JI1717,0
0109JI0913,0
4071JI1439,0
0085MS0063,0
4001JI6267,0
0069MS0104,0
4130MS5695,0
3043JI2890,0
4131MS5065,0
3096JI1210,0
0061JI0907,0
4083MS4569,0
0073MS0035,0
4111JI1460,0
0062MS0058,0
0078MT0001,0
0073JI0933,0
4083JI1430,0
3043JI1360,0
0069MS0035,0
4083JI8433,0
4131JI7510,0
0097JI0903,0
0082JI0903,0
0071JI0952,0
0112MT2010,0
0004MS0070,0
0056JS0003,0
4131JI8947,0
0109MS0009,0
4069MS7962,0
0008MS0021,0
0027MT0001,0
0069JI0995,0
0010MS0003,0
4026MS4166,0
4073MS8073,0
0045MS0027,0
4043MS7372,0
0103JI0904,0
0083JI0917,0
4085MS7806,0
4055MS8609,0
0027JI0910,0
4001JI8873,0
4133MS4301,0
0083JI0935,0
0065JS0003,0
0071MS0080,0
0079MT0001,0
0073MT0005,0
0028JI0908,0
4005JI2582,0
0077PP0048,0
0043JI0930,0
4019MS8734,0
0111MS0030,0
0070MS0009,0
0060JS0004,0
0117JI0918,0
4034MS6732,0
0098MS0001,0
0030JI0914,0
0083JI0905,0
4008MS4118,0
4069JI2958,0
0069MS0130,0
0007JI0906,0
4001JI8332,0
0040JS0007,0
0042MA0001,0
4108JI2629,0
0133MS0011,0
4109MS7814,0
4033MS8306,0
0081MS0009,0
4069JI2296,0
4069MS5689,0
4001JI8618,0
4001MS4002,0
0102MS0007,0
0107MS0010,0
0059JI0909,0
3117JI1259,0
4131MS5766,0
0079JI0919,0
3117JI1280,0
4062MS7687,0
4045MS5771,0
4131MS5396,0
0053JI0908,0
3032JI3307,0
0004JI0943,0
4096JI2767,0
0011MS3061,0
4062JI2199,0
4032JI2300,0
4117MS4919,0
0069MS0096,0
0064MS0007,0
0073MS0055,0
4069MS6558,0
0132JI0924,0
0092PP0022,0
0117MS0007,0
0043JI0947,0
0071MS0001,0
4004JI5871,0
4043MS6985,0
0087PP0038,0
4117JI1467,0
0055MS0004,0
4106MA4812,0
0038PP0015,0
0133JI0916,0
0095JI0929,0
4096JI8885,0
0025JI0916,0
4032MS8162,0
0076MS0001,0
0097MT0002,0
0111MS0047,0
4001JI2862,0
0005JI0904,0
0011MS0005,0
4075JI1387,0
0062MS0009,0
4005JI3905,0
0062MS0088,0
4097JM8430,0
0071MS0071,0
4001MS7658,0
0049JI0908,0
0028MT0001,0
0032JI0901,0
4069MS7107,0
0136MS0005,0
4001MS8833,0
0061JS0010,0
4055PP6135,0
0071JI0926,0
0100MS0044,0
4053JI2004,0
4043JI7475,0
4071MS7259,0
0087PP0010,0
0032JI0933,0
0004MS0044,0
0008JI0956,0
0107JI0916,0
0023JS0007,0
4055MS7821,0
0097MS0014,0
4045JI1635,0
0129JI0905,0
4005MS4096,0
0080JM0001,0
0040JS0010,0
0069MS0004,0
4055MS7827,0
0077JI0927,0
0069JI0976,0
0118JS0001,0
0063MS0011,0
0074JS0014,0
4069JI7389,0
0113MS0009,0
0100MS0043,0
4077JI1665,0
4073JI7506,0
0099JI0913,0
4069MS6680,0
4136JI2151,0
3001JM8570,0
0069JU0031,0
0131JI0924,0
0004JI0907,0
0105JI0901,0
4117MS4923,0
4062MS4386,0
0100JI0927,0
4012MS4139,0
0078JI0904,0
3062JI8012,0
0060MS0001,0
0030MS0027,0
0085MS0015,0
0001JI0992,0
0004MS0027,0
0043JI0931,0
0004MS0056,0
3117JI1784,0
4133JI2281,0
4043JI1330,0
0004JI0963,0
0097JI0921,0
0061JS0007,0
0043MS0045,0
0085JI0952,0
0109JI0916,0
0078JS0005,0
4136MS4745,0
3001JI2769,0
0118JS0002,0
4001JI2237,0
0097JI0918,0
0069MS0183,0
0068JS0009,0
0075MT0001,0
4043MS7882,0
4117MS4933,0
0095JI0905,0
4062MS7780,0
4070JI7583,0
0096JI0904,0
4001MS7119,0
4001MS8126,0
4001MS4030,0
0130JI0932,0
0055JI0916,0
4119MS6830,0
4083MS4564,0
0088JS0008,0
0119MS0036,0
4073MT4521,0
4097MS7798,0
0004JI0920,0
0067MS0009,0
0056JS0006,0
4062MS4388,0
4008MS3526,0
0001JI0946,0
4004JI9024,0
4027MS4167,0
0012PP0027,0
0014MC0018,0
0045MS0002,0
0045JI0919,0
0081JI0914,0
0053MS2110,0
4045JI6049,0
0067MS0002,0
0062MS0068,0
0099JI0919,0
3085JI8701,0
0062MS0054,0
4045JI1121,0
4107MS4817,0
4097JI5960,0
0093MS0006,0
0103JS0008,0
0107PP0031,0
0060JI0911,0
0026MS3052,0
0129MS0007,0
0099JI0907,0
4109JM6128,0
0070JS0002,0
0032JI0923,0
0116MS0012,0
0041MS0002,0
0103JS0005,0
4043MS7881,0
0085MS3101,0
0033JI0913,0
0100MS0047,0
0073JI0964,0
0073MT0001,0
0119MS0043,0
0025MS0004,0
0047JI0901,0
0069MS0091,0
0095MS0003,0
0007MS0008,0
0098JI0916,0
4135MS4773,0
0043MS0065,0
4133JI3371,0
0054JS0008,0
4062MS4404,0
0062JI0937,0
0100MS0051,0
0049JI0918,0
4105MS7752,0
4043JI1827,0
0028MS0006,0
0043MS0081,0
0003MS3031,0
0021JS0002,0
0080JI0901,0
4111MS4876,0
4032MS5726,0
4095JI5633,0
0075JI0909,0
0097MS0005,0
0001JI0937,0
4001JI8805,0
0080JS0002,0
4081JI0997,0
0062MT0008,0
4073MS7973,0
4100MS4754,0
4113JI8455,0
0023JI0901,0
0077JS0001,0
0001MS0080,0
0076JS0018,0
0085MS0048,0
0064MS0004,0
4069MS4489,0
0069JI0991,0
4117MS4918,0
4099JI8511,0
4117MS7870,0
0032JI0935,0
4119PP0823,0
0130MS0011,0
0004MS0081,0
4123MS6753,0
0024PP0019,0
0111MT0001,0
4069MS7809,0
0081MS0008,0
0062JI0949,0
4117JI3848,0
0028JS0001,0
4073MS8767,0
0127MC0007,0
4001JI3843,0
0093JS0005,0
4044JI8441,0
0006JI0901,0
0081JS0001,0
0055JI0905,0
0001MS0093,0
4083PP5558,0
0107JI0903,0
4069JI8985,0
4001JI8564,0
0109JI0907,0
0087JS0002,0
0069MS0092,0
0069MS0013,0
3109JM7563,0
0047JI0912,0
3109JI2539,0
0073MS0053,0
4013MA4143,0
0101JI0902,0
4001MS6834,0
0095JI0925,0
0069JU0026,0
0062MS0066,0
0083MS0010,0
0114MS0007,0
0062MS0059,0
4117MS4935,0
0113JI0912,0
0119JI0914,0
0025JI0907,0
0119MS0025,0
0002JI0901,0
0040JI0908,0
4085JI2373,0
4001JI8698,0
0121MS0004,0
0085JI0948,0
0071JI0935,0
4069JI1660,0
0069MS0187,0
0008MS0036,0
0102JI0901,0
0015MS0029,0
4062MS4393,0
0106JI0911,0
4030JI8994,0
0085MS0059,0
0025JI0914,0
3004JI9139,0
0026JI0902,0
0131JM0002,0
4133MS7002,0
0060MS0002,0
4096JI2752,0
3069JI6295,0
0063JI0907,0
0037PP0010,0
0004JI0922,0
0087PP0027,0
4055PP8425,0
0047MS0011,0
0095MS0001,0
0099JI0910,0
0096MT0003,0
4062MS4413,0
4001JI1304,0
0042JI0903,0
0073JI0934,0
0085JI0951,0
0030MS0016,0
0062JU0008,0
0094JI0903,0
4083MS8839,0
4085MS4610,0
4015MS5134,0
4001JI1238,0
4076JI8848,0
0001MS0008,0
0049MS0002,0
0002JI0909,0
0004JI0910,0
0131JI0908,0
3100JM7351,0
4109MS7816,0
0109JI0915,0
4043JI8085,0
4119JI7359,0
0083JI0906,0
0069JI0962,0
0100MS0058,0
0135MS0020,0
0108JS0013,0
4062MA8301,0
0112MS0012,0
0069JI0998,0
0069JI0969,0
0131MS0037,0
0028JI0913,0
0064JI0906,0
4062JI5987,0
0056PP0006,0
0022JI0903,0
0024JS0003,0
0098JS0004,0
0106JS0003,0
4069JI3348,0
4001MS6836,0
0083JI0904,0
4131MS8197,0
0044MS0012,0
0034MT0001,0
0073JI0966,0
4109JI7735,0
4136JI8614,0
0136MS0017,0
0093JI0913,0
3135JI6350,0
0084PP0005,0
3069JI6288,0
0136MT0002,0
0111MS0009,0
4005MS6646,0
0005JI0921,0
0019MT0001,0
4062JI1081,0
4004JI1713,0
4116MS8598,0
4055MS6203,0
0071JI0956,0
4130MS5818,0
4055JI7663,0
4096MS4663,0
4119MS4959,0
4062JI7470,0
0027PP0022,0
0071MS0049,0
0032JI0943,0
0109JI0904,0
4109MS8906,0
0098PP0036,0
4071MS7970,0
0129MS0003,0
0004JI0953,0
0069JI1017,0
4043JI6504,0
0006MS0009,0
0052JI0909,0
0037PP0011,0
0069MS0055,0
0073JI0965,0
0089JS0007,0
0004MS0010,0
4069JI2869,0
0004MS0003,0
0009MS0001,0
3062JI8329,0
0034JS0002,0
4131JI6501,0
0108PP0035,0
4109JI8209,0
0059MA0002,0
3117JI6373,0
0063JI0908,0
4069JI2092,0
0025JI0908,0
0019MS2010,0
0097MS0012,0
4053JI1939,0
0032JI0921,0
0071MS0038,0
4004MS6898,0
0043JI0919,0
0071JI0925,0
0093JI0912,0
0044JI0906,0
4131MS8177,0
4062JI5195,0
0006JI0907,0
0017JS0007,0
0030MS0008,0
0004JI0903,0
4133MS4317,0
4043MS5711,0
4069JI1973,0
4015JI7982,0
0069MS0072,0
0077MS0014,0
0090JI0905,0
0008MS3411,0
0001MS3041,0
0055JI0919,0
0049MS0011,0
4032MS5725,0
4045MS2625,0
0130JI0920,0
0085MS3102,0
0031MC0032,0
4067MS4444,0
0069MS0058,0
4116MS8409,0
0132JI0918,0
0137PP0005,0
0071JI0904,0
0102MS0010,0
4130MS8412,0
0006JI0908,0
3075JM8224,0
3005JI1718,0
0071MS3061,0
0073MS0059,0
0102JS0006,0
0077PP0036,0
0027JI0903,0
0133MS0033,0
4083MS8037,0
0012PP0017,0
0066JI0911,0
4096PP0791,0
0004JI0908,0
0004MS0028,0
4109JI2876,0
4073MS5254,0
4131JI3267,0
0043MS0078,0
0032JI0910,0
0085JI0963,0
0009MS0003,0
4124JI1618,0
0073MS0064,0
0110JI0902,0
0069JI0917,0
0055MS0046,0
0111MS0057,0
4100MS7163,0
0091MT0001,0
4100JI2273,0
4075MS5710,0
0106AS0001,0
4102MS7295,0
0027MA0001,0
0085MS0064,0
4076MS4536,0
4073JI6463,0
0132MT0002,0
4073MS8195,0
4032MS8232,0
0069MS0117,0
0081PP0027,0
0111MS0027,0
4069JI3934,0
0068JI0904,0
0001JI0989,0
0113JI0909,0
0042MS0005,0
0008JI0904,0
0014JS0003,0
0104JI0902,0
4047MS8220,0
0102JI0920,0
0131MT0001,0
0108MS0007,0
0069JI0954,0
0073JI0915,0
0091MS0005,0
0005JI0912,0
4083PP1945,0
0089JI0901,0
4083MS4571,0
0067JI0909,0
4075MS4530,0
3135JI6348,0
0135MA0001,0
0001JI0985,0
0016JI0910,0
0128JS0002,0
0069MS0019,0
0119MS0052,0
0008MS0008,0
0107JS0002,0
0105MS0004,0
4096MS4707,0
4008JI5624,0
0030JI0911,0
0044MS0008,0
0081JI0915,0
0095MS0008,0
0055JI0934,0
4012MS4140,0
0117MS0024,0
0107PP0043,0
4032MS6828,0
4077JI1922,0
0050PP0019,0
4085JI6597,0
0129JI0903,0
0044MT0001,0
0111MS0039,0
0131JI0916,0
0086JI0907,0
0030MS0040,0
0060JS0005,0
4132JI5105,0
0062JI0925,0
0096JI0913,0
0108JI0908,0
0032MS0031,0
0069MS0030,0
0059JS0003,0
0015JI0903,0
0045JI0901,0
0071MS0066,0
4001MS8625,0
0006PP0035,0
4043MS5717,0
0131MS0027,0
0121MT0001,0
4130JI8836,0
4071JI1584,0
0107JS0004,0
0049MT0001,0
0072JI0909,0
0064JI0909,0
0099JS0004,0
0022MS0006,0
0085MS0067,0
4069JI1908,0
4008JI1506,0
0012JI0904,0
0033JI0903,0
0102JS0002,0
0071MS0010,0
0040MS0006,0
0063MS0020,0
0030JI0918,0
4062JI1433,0
0082PP0013,0
0008MS0001,0
0023JI0904,0
4032JI3578,0
0069MS0191,0
4005MS4093,0
0079MS0003,0
4001JI2110,0
0030MS0030,0
4083JI2555,0
0108JI0905,0
0042MS0001,0
0132MS0005,0
0001JM0005,0
0069MS0078,0
4062MS4432,0
0016MS0010,0
0020PP0027,0
0071JI0902,0
4119MS5959,0
4058MA4756,0
4096JI2319,0
0049JS0015,0
0105MT0001,0
0056PP0012,0
0013MS2050,0
0054PP0018,0
4069JI3142,0
4071JI2308,0
4113MS4906,0
4100JI7322,0
4108MS4822,0
0076MS0013,0
0043MS0082,0
0061PP0012,0
0015JI0921,0
4096MS4683,0
0012MS0003,0
0097MS0001,0
0032MS0050,0
0063MS0017,0
4085MS6824,0
4022JI8309,0
0085MS0074,0
0071MS0028,0
4043MS7884,0
0073JU0002,0
0089PP0020,0
0123JI0918,0
0032JI0920,0
4114JM8300,0
0085MT0002,0
4075JI3639,0
4079MS7338,0
0130MS0021,0
4133MS6482,0
4117MS4920,0
0078JM0001,0
0073MS0015,0
0050MS0003,0
0083MS0004,0
4027MS7935,0
4069MS8886,0
0005JI0920,0
0073JI0903,0
4071JI5912,0
0045JI0925,0
4117MS7871,0
0085MS0008,0
4069JI2603,0
0062JI0904,0
0113MS0003,0
0055JI0940,0
4130MS7114,0
4111JI3699,0
4001JI1119,0
0075JI0907,0
0083JI0940,0
0043MT0005,0
0106MS0011,0
4009JI1270,0
0071MS0085,0
4069JU7416,0
4011JI1579,0
0102JI0919,0
0044JI0923,0
4085MS8008,0
0133JI0907,0
0004JI0925,0
4096MS6932,0
4092MS4634,0
4119MS4960,0
0025JI0910,0
0083JI0929,0
0080MS2010,0
0070JS0004,0
4030JI7632,0
0007PP0009,0
4071MS3729,0
0038MT0001,0
0117JI0924,0
0027JI0912,0
4055MT4364,0
0119MS0031,0
0032MS0020,0
4005MS7783,0
0073JI0902,0
0045MS0024,0
4135MS4753,0
4001MS4017,0
4045MS4259,0
0066PP0009,0
0004JI0929,0
0030MS0034,0
0017MS0008,0
4085MS9114,0
4109JI6148,0
4032JI5147,0
3032JI3250,0
0100MS0042,0
4030MS6491,0
4063MS7909,0
0136JI0918,0
0069MS0090,0
0132MS0004,0
0134MS0001,0
4062MS4407,0
4119JI6130,0
0103JI0905,0
0027JS0002,0
0008JI0941,0
0069JU0021,0
4132JI1927,0
0015JS0001,0
4077JI2005,0
4045MS7867,0
0126MT0001,0
0133JI0905,0
4043MS4226,0
0044JI0904,0
3069JI6281,0
0099JI0916,0
0127PP0006,0
0043MS0064,0
4030MS8099,0
4030JI1391,0
4069MS4465,0
0026MS0007,0
4015JI9005,0
0026JI0907,0
0009MS0004,0
0086MS0008,0
0130MS0017,0
0029JI0903,0
0119JI0903,0
0008MS0014,0
4005MS6955,0
0063JI0921,0
0105PP0009,0
0069MS0080,0
0094JI0905,0
0040PP0014,0
0085MS0031,0
0090JS0001,0
4033MS4200,0
0071JI0942,0
0132JI0917,0
0121JM0001,0
4004MS5267,0
4001MS4010,0
4001JI1421,0
4069MS8152,0
4132MS7220,0
0008JI0937,0
0102MS0001,0
4004JI1500,0
0028MS0012,0
0089PP0029,0
0083MS0039,0
0063JI0904,0
4062JI2097,0
0034MS0001,0
0066MS0002,0
4111JI1969,0
0003JS0001,0
4004JI6457,0
0106MS0003,0
4069MS6673,0
0030JI0904,0
4063MS6120,0
0064JI0904,0
0055MS0005,0
0096MS0006,0
0129MS0008,0
0133JI0923,0
4043MS7876,0
0055MS0001,0
0041JI0902,0
0001JI0920,0
0088MS0004,0
0073MS0069,0
0130JI0916,0
0049JI0914,0
4119MS4961,0
4069JI3224,0
0012JS0013,0
0001MS0050,0
0085MS0006,0
0032MS0064,0
0097JI0907,0
3111JI6428,0
4004JI2080,0
0069MS3111,0
0110JI0905,0
0078JI0901,0
0111JI0939,0
4073JI2885,0
4055MS8352,0
0069JU0035,0
0012MS0008,0
4001MS7035,0
0022PP0011,0
0062MS0081,0
0001MS0068,0
3001JM9007,0
4113MS8467,0
4030MS8889,0
0020JS0010,0
0119JI0922,0
0091PP0015,0
0111MS0025,0
0132MS0030,0
0103JS0006,0
4095JI1668,0
0132JI0927,0
4055JI1656,0
4069MS2703,0
0132JI0903,0
0075JI0914,0
0022MS2010,0
4016JI8519,0
4004MS7965,0
4085PP5487,0
4083MS7900,0
0132JI0922,0
0064JS0009,0
4001MS6947,0
4094JI7391,0
0098JI0903,0
0086JI0905,0
0116JI0904,0
0001JI0907,0
0062MS2260,0
4129MS7775,0
4132JI5041,0
0067MS0007,0
4062JI1894,0
0030JI0906,0
0001JI0944,0
4109JI1470,0
0085MS0072,0
0069MT0014,0
0008JI0939,0
0028MS0011,0
0038MS0004,0
0032MS0043,0
0009JI0911,0
0099JI0915,0
0048PP0005,0
0090JS0002,0
0021PP0010,0
0105PP0013,0
0001JI0971,0
4053MS6740,0
4062JI2244,0
0100MS0003,0
0054PP0013,0
4131MS2713,0
0069MS0106,0
0012JS0006,0
0032MS0035,0
4004JI6164,0
0043MS0066,0
0004JI0940,0
0001JI0962,0
4004MS7771,0
0004MS0037,0
0071JI0901,0
0011JM0001,0
4030JI1833,0
0053JI0920,0
0075MS0013,0
4128JI6622,0
0106PP0026,0
0107MS0003,0
4129MS8857,0
0111MS0048,0
0032MS0049,0
0100MS0033,0
0015MA0002,0
0131MS0021,0
0058MS0001,0
0001MS0026,0
0114JI0904,0
4073MS5746,0
0069MS0180,0
0085MS0082,0
4123MS8830,0
0100JI0921,0
4135MM4789,0
0028JS0011,0
0070JS0005,0
0124JI0905,0
0029MA0001,0
0036MS0004,0
4092MT5437,0
0020JS0002,0
4096MS4656,0
4132MS8055,0
0079MS0002,0
0108JS0010,0
0024JI0902,0
4062MS7684,0
0101JS0004,0
0055JI0931,0
0083MS0016,0
0085MS0038,0
0132MS0006,0
4062MS8646,0
4113JI8529,0
0043MS0074,0
0008MS0004,0
0051JI0906,0
0119JI0916,0
4028MS8292,0
0043MT0001,0
0060JS0001,0
0069JI0919,0
0023JI0902,0
0034MS3011,0
4131MS8657,0
0075MS2020,0
4062JI0998,0
0065MS0001,0
0100JI0914,0
0019PP0002,0
4130MT4181,0
0136MS0002,0
0060JI0902,0
0041MS0005,0
4109MS5337,0
0111MS0051,0
0062MS3231,0
0025JS0007,0
0117MS0036,0
4097JI1972,0
0057JS0008,0
0004JI0942,0
4136JI2595,0
4045JI1534,0
4109MS7926,0
0133MT0001,0
0077JI0909,0
4097JI3572,0
4001MS8685,0
4004MS8176,0
0071MS0030,0
3010JI2234,0
0069JI1000,0
0069JI0911,0
4043JI3164,0
0126MS0001,0
0129MS0009,0
0116MS0021,0
0011JS0001,0
0007PP0041,0
4136MS4740,0
4116JI3889,0
0008JI0922,0
4030MS4177,0
4131MS5722,0
0001MS0022,0
0043MS0056,0
0028MS0001,0
0105JI0905,0
0045MS0021,0
0092MS0005,0
0027MS3060,0
0034JS0001,0
4096JI2039,0
4085JI3156,0
4098MS5707,0
4085JI3786,0
0012MS0002,0
0119JI0945,0
0134JI0902,0
4097MS4725,0
0079JS0002,0
0079PP0040,0
4045JI1898,0
0097MS0026,0
0014MS0006,0
4077MS8145,0
0062JI0911,0
0096MT0002,0
4008JI2245,0
0076JI0902,0
0043JI0936,0
4083JI6476,0
0069MS0166,0
0034MS0004,0
4001JI1186,0
4055JI2120,0
0111MS0016,0
4043MS7880,0
0097MS0013,0
0019JS0004,0
0071JI0944,0
4062MS4380,0
0055MS0027,0
0008JI0921,0
4047JI2002,0
0111JI0923,0
4083JI6145,0
0051JI0901,0
0084JS0004,0
4133MS8651,0
4083JI3791,0
0071MS0063,0
0071MS0034,0
4062MS7778,0
4095MS4647,0
4085MS7169,0
4119JI7440,0
0100JI0910,0
4008MS3568,0
4073MA4515,0
4001JI8955,0
0016JI0917,0
0076JS0014,0
0078JI0908,0
0064MS0001,0
4045MS4258,0
0081JI0925,0
0071JI0915,0
0043MS0037,0
4131JI3761,0
0112MS0015,0
4005MS4094,0
0017JI0903,0
0047JS0003,0
0034JS0006,0
4045JI1779,0
0052MS0003,0
0107JS0006,0
4062JI5663,0
0073JI0927,0
4083JI3631,0
0068MA0001,0
0085MS0035,0
0033JS0001,0
4043JI6413,0
0005JI0906,0
0002MS3031,0
4096JI6043,0
0028JI0920,0
0073JI0937,0
0133MS0013,0
4100MS8383,0
0008JI0925,0
0106JS0010,0
0091MS0006,0
0133MS0040,0
0001MS0072,0
0117JI0908,0
0004JI0960,0
0033JI0911,0
0004JI0959,0
4097MS5926,0
0063JI0916,0
4030MT4180,0
4083MS2763,0
4004JI2813,0
4131MS7853,0
0081MS0001,0
0097JI0925,0
0087PP0039,0
0001MS0088,0
0023MS0002,0
0028JI0904,0
0022JI0910,0
4024MS3998,0
4069MS5688,0
4085JI3588,0
4096MS5763,0
4121PP5953,0
0069MS0088,0
0083MS2400,0
0130MS0009,0
0060MS0004,0
0043JI0905,0
4001MS5760,0
0075MS0008,0
4062MS4390,0
0088JS0005,0
4095MS6849,0
0005JI0922,0
0032MS0015,0
4071JI2270,0
0055MS0016,0
0130JI0907,0
0134MS0003,0
3007MA8115,0
0124JI0909,0
4131MS4286,0
4062MS7779,0
0069MS0151,0
0066JI0909,0
0120JI0903,0
0053JS0007,0
4083JI2231,0
0001MS3111,0
0105JI0904,0
0027MS0007,0
4109MS4838,0
4107MS4814,0
0004JI0932,0
0132JI0906,0
4008MS4127,0
0045MS0020,0
0109MS0001,0
3010JI2233,0
4005MS7782,0
4069MS7706,0
4001MS6980,0
0049MA0001,0
4045MS6997,0
4109MS8041,0
0049JS0014,0
0045MS0047,0
4083MS8921,0
0091PP0022,0
0061JI0909,0
0069MS0181,0
4055JI6620,0
3094JI1647,0
4100MS7969,0
4131MS4318,0
0130JI0927,0
0004MT0001,0
0079JS0006,0
4119MS3127,0
4062MS2690,0
0103MT0001,0
4116MS4910,0
4001MS6022,0
4004JI1800,0
0112JI0919,0
4020MA4155,0
0073MS0011,0
4069MS5692,0
0036JI0903,0
4055JI8265,0
0049JI0917,0
4071JI2511,0
4062JI2784,0
0085JI0910,0
4111JI7491,0
0037JS0002,0
0084JI0908,0
0051JS0001,0
4067JI2508,0
0108AS0001,0
4069JI2514,0
0068PP0013,0
0016JI0918,0
4045MS7116,0
4096MS4703,0
0102JI0914,0
0062JU0004,0
4119MS6994,0
0049PP0028,0
0043MS0046,0
0007PP0029,0
0034JI0902,0
4111JI1366,0
3119JI6341,0
4043MS7886,0
0055JI0923,0
4085MS4583,0
4004JI2083,0
0061MS0009,0
0027MS0005,0
4030MS8468,0
0051JS0007,0
0007JI0915,0
0069JI0908,0
0071MS0075,0
3085JI8405,0
4070MS8043,0
0136JI0920,0
4111JI1771,0
0085JI0901,0
0013JI0903,0
0097MS0022,0
0081MS0002,0
4030JI3634,0
0087JI0901,0
0085MS0011,0
0111JI0922,0
0003MA0001,0
0091JI0904,0
4097JI1655,0
0117MS0013,0
0100MS0009,0
4005MS6909,0
4070JI8363,0
0004JI0915,0
0123JI0910,0
0044MS0006,0
0019JI0909,0
4085MS4589,0
4073JI9102,0
0086JS0001,0
0113MT0001,0
3043JI1078,0
0084JS0003,0
0125MS0002,0
0098JI0906,0
0004MS0007,0
4131JI8768,0
0055JI0922,0
4055JI1691,0
0059JI0913,0
0005JI0931,0
0076JS0009,0
4004JI2856,0
4005JI1627,0
0067JI0901,0
0052JI0906,0
0053PP0027,0
0069JU0028,0
0083MS0017,0
4100MS7917,0
0009MS0007,0
4062MS5728,0
4001JI1407,0
4004MS4075,0
4008MS3365,0
4135MS7874,0
4111JI1178,0
4069JI7325,0
0005MT0005,0
4113MS7653,0
4077JI2124,0
0116JI0906,0
0042JS0001,0
4055PP7946,0
0007JI0904,0
0001JI0941,0
4005MS6654,0
0004JI0914,0
4113JI1799,0
0047PP0020,0
0069MS0095,0
3032JI3196,0
4001JI8987,0
0114JI0901,0
4045JI5476,0
0135MS0002,0
0069JI0935,0
0038JS0008,0
4008MS4109,0
0031JS0002,0
4032MS4192,0
0009JS0007,0
4128JI2095,0
0111JI0926,0
0059JI0910,0
0102JI0909,0
0092JI0904,0
0004MS0057,0
0032MS0053,0
0016JI0909,0
4008PP5295,0
4096MS4696,0
0117MS0032,0
0061PP0013,0
0108JM0001,0
0052MA3011,0
0132MS0028,0
0078MC0023,0
0041JS0003,0
0076MS0007,0
0073JI0936,0
0075MT0002,0
0062JI0945,0
0131MS0028,0
0092PP0021,0
4083MS8109,0
0024JS0005,0
0132MS0018,0
4068MS6972,0
0113MS0006,0
0099JI0908,0
0088JI0904,0
0069JI0901,0
0105PP0012,0
0070JI0904,0
0073MS0087,0
0052JI0902,0
0099JI0911,0
0083MS0012,0
3043MS6923,0
0095MS0025,0
4085JI1984,0
0135JI0905,0
4069JI2022,0
0075MS0017,0
0077MS0008,0
0119MS0046,0
0079JI0905,0
4068MS4447,0
0004JI0936,0
0032JI0919,0
0030MS0005,0
0089JI0902,0
0071MS0032,0
0073JI0914,0
0026JI0908,0
0116JI0918,0
0063MS0004,0
4045MS7182,0
0130MS0016,0
0047MS0007,0
0009JS0009,0
0007JS0013,0
0089JI0909,0
0043JI0902,0
0026JS0012,0
4133MS7839,0
0001MM0035,0
0116MS0025,0
0110JI0901,0
0124JI0906,0
0092JI0906,0
0083MS0041,0
4117MS8666,0
0088JS0006,0
0024JS0002,0
4085MS7719,0
4004MS4065,0
0066JI0902,0
4099MS7776,0
0111JI0913,0
0055JI0906,0
4032JI2232,0
0004MS0047,0
4083MS9002,0
0093MS0002,0
0085JI0903,0
0020JS0005,0
0030MS0033,0
0002JS0004,0
0069MT0009,0
4047JI8401,0
0034JS0007,0
4117JI7641,0
0060PP0027,0
0131MS0029,0
0069MS0172,0
0010JM0001,0
0055MS0013,0
4083MS9029,0
0044JI0924,0
4059MS7790,0
0001JI0970,0
0111MS0020,0
0068MS0003,0
0116JI0902,0
0011MS0001,0
0117JI0916,0
0078JS0010,0
4135JI2143,0
4004JI1653,0
4008JI8188,0
4008MS7785,0
4131MS3021,0
0116JI0907,0
0051JI0903,0
4032MS4191,0
4008JI5030,0
0096MS0005,0
0049JI0913,0
4130JI5225,0
4004MS7254,0
0020JS0009,0
4030JI3067,0
0086JI0906,0
0010JS0007,0
0018MS0002,0
0069JI1023,0
0045JU0001,0
4102JI1882,0
0085MS0046,0
0119MS0002,0
0085JI0931,0
0020MS0003,0
0063MS0001,0
0045MS0035,0
0117MS0029,0
0043JI0928,0
0026JI0911,0
4001JI8460,0
3111JI8350,0
0075MS3051,0
0132MS0037,0
0132JI0908,0
0096JI0905,0
0083JI0909,0
4111MS7691,0
0008JI0934,0
0010MS0009,0
0116MS0029,0
4001JI7629,0
4073MS7354,0
0095JI0933,0
0062MT0009,0
4001PP8633,0
0062MS0026,0
4045JI1811,0
0133JI0906,0
0055JI0929,0
4005JI2235,0
0085JI0969,0
0119JI0938,0
0081JM0001,0
4032MM5344,0
0085MT0004,0
4085MS4594,0
0081MT0001,0
4062JI1432,0
0069JI1021,0
0025MS0002,0
0001JI0926,0
0081MS0011,0
4005MS7088,0
4111MS4899,0
4071MS7162,0
4001JI0735,0
4085JI2725,0
0087JS0007,0
4045JI6386,0
4004JI2192,0
0131JI0903,0
0018JI0905,0
0092JS0002,0
4055MS8742,0
0110MS0009,0
4131MS4302,0
4045MS7862,0
4001MS4007,0
4083MS4566,0
4043JI1933,0
4131MS7857,0
0085MS0009,0
4032JI2577,0
0117JI0925,0
4032MS4067,0
4055JI5217,0
0032JI0912,0
3005JI2505,0
4069JU7418,0
0095JI0912,0
0050PP0016,0
3096JI2085,0
4053JI1822,0
4111MS3697,0
0002MA0001,0
0055JI0938,0
4062JI7751,0
4100JI1347,0
0077PP0067,0
0111JI0904,0
4073MS7850,0
4001JI1753,0
3109JM7560,0
0034JI0903,0
0053JI0912,0
0092JS0008,0
0055MT0004,0
0069MS0032,0
0051MS0005,0
0085JI0935,0
0056JI0907,0
0108MS0008,0
3032JI3083,0
0069JI1031,0
0065MS0002,0
0068MS0002,0
4109MT4865,0
4069MS6635,0
0004JI0912,0
0123JI0911,0
4043MS7037,0
0008JI0919,0
4100JI8466,0
0001JI0903,0
0071MS0082,0
4004MS7766,0
0119MS0057,0
0064JS0008,0
0128JI0903,0
4135PP0754,0
0100MS0037,0
0063JI0913,0
0053JS0003,0
0056PP0016,0
0086JI0909,0
0069JI0996,0
0034PP0006,0
0047JI0911,0
0077MS3021,0
0100MS0014,0
0091JI0907,0
0032JI0909,0
0132JI0912,0
4109MS7820,0
0002JS0002,0
0119JI0924,0
0028JS0003,0
4001JI1372,0
4097JI8617,0
0028JI0909,0
4114MS7021,0
0004MS0041,0
0067MS0008,0
0043JI0941,0
0025JI0909,0
4133MS4299,0
0004MS2180,0
0100MS0008,0
0062MS0040,0
0108JS0008,0
0001JI0939,0
4001JI5045,0
4032MS6829,0
0132JI0901,0
0071JI0932,0
0079MS0011,0
0030JI0936,0
4004JI2191,0
0076MS0010,0
0073JI0930,0
4069JU7415,0
0043JI0932,0
0095MS0027,0
0056MA0001,0
0035JI0903,0
0005JI0902,0
4043MS3962,0
0107JS0009,0
0131JI0911,0
3117JI2986,0
0092JS0012,0
0073MS0030,0
0113MA0001,0
0001MS0089,0
0090MS0001,0
4085JI1884,0
0061JS0006,0
0108MS0005,0
0100JI0934,0
3098JI1551,0
0075JS0002,0
0062MT0001,0
0017JI0902,0
4075JI1757,0
0028JS0004,0
0070JI0921,0
0086MT0003,0
0073MS0062,0
0017JI0912,0
0069JI0951,0
4114MS7022,0
0028JI0905,0
4131MS4323,0
0102JI0921,0
0111MS0036,0
4001JI7584,0
0066JI0910,0
0040MS0005,0
0001JI0990,0
0027PP0014,0
4131MS4306,0
4085MS6785,0
0004MS0016,0
0024JI0910,0
0129MT0001,0
0062JI0938,0
0012JS0002,0
0016MS0006,0
0035JI0904,0
0073JI0957,0
0001MS0077,0
0044MS0011,0
4069MS8377,0
4119MS7727,0
3005JI1716,0
0048MS0001,0
0008MS0037,0
4075MS6778,0
4131JI5528,0
4109MS7813,0
4073MS7236,0
0047JI0923,0
4045JI1959,0
4095PP7733,0
0095JI0928,0
0015JI0922,0
0094JS0001,0
4081MS7950,0
4109PP7928,0
0121JS0003,0
4069JU7422,0
0117MS3141,0
0112MT0001,0
0117JI0929,0
0069JI1027,0
0109JM0001,0
0096JI0903,0
0051MS0006,0
0071JI0945,0
0134JS0003,0
0096MS0024,0
0069MS0125,0
0096MS0007,0
0119MS0015,0
4116JI8968,0
0009JS0004,0
0069MS0036,0
0062MS0025,0
0077PP0044,0
0079MS2010,0
0061JS0013,0
0028JI0910,0
0028MS0008,0
4001JI8507,0
4062MS5245,0
4001JI8385,0
0033MS0005,0
4069MS6672,0
0057MS0001,0
0108JI0915,0
0096MS0001,0
0059JS0008,0
4070MS8194,0
4013MS7337,0
3085JI8703,0
0049MS2010,0
0131MS0024,0
4083JI6141,0
4111JI1808,0
4016MS8057,0
4073MT8811,0
0085MS0053,0
0068JI0908,0
0001MS0038,0
0066JI0901,0
0131JI0923,0
4004JI2990,0
4133MS7003,0
0009MS2040,0
0069MS3051,0
4030JI3694,0
0097JI0923,0
4071MS5745,0
4083JI3468,0
0062JI0930,0
0059MS0002,0
0008MS0011,0
4032MS4195,0
4079JI6469,0
0095JI0901,0
0098JI0902,0
0073MS0028,0
4116JI9004,0
0043MS0005,0
0072MS0006,0
4069MS7711,0
0069MT0001,0
4073JI6607,0
0014JI0913,0
0117JI0902,0
4119JI1495,0
4030MS4183,0
4095PP5290,0
0028MS0013,0
4069MS6677,0
0051PP0006,0
0076MS3081,0
0076JS0010,0
4062MM4383,0
0073MS0074,0
4096MS4697,0
0041PP0020,0
0069MS0189,0
4062JI6417,0
0035JM0001,0
0069MS0037,0
0092JS0003,0
4119MS3047,0
0069MS0144,0
4083MS4315,0
4047JI1919,0
0136MS0016,0
0001MS0002,0
0032JI0932,0
0008MS0017,0
0022JI0908,0
0095JI0920,0
0030JI0928,0
0111MS0046,0
0029JS0001,0
4085JI8613,0
0119JI0939,0
4004MM2626,0
0001JI0918,0
0085MS0016,0
0049JS0010,0
0013JS0004,0
0089JI0903,0
0119MS0026,0
0074JS0012,0
4055MS7085,0
4071JI3154,0
0076JS0003,0
0024JS0008,0
0069MS0150,0
0043MS0031,0
4096MS4699,0
0004JU0001,0
0132MS0034,0
4119JI6580,0
0110MS0005,0
0051PP0012,0
4055JI2551,0
3094JI3243,0
0001JI0906,0
0116MT0002,0
4097JI5055,0
3100JI2837,0
4081MS4557,0
4131JI8541,0
4062JI1677,0
0004JI0964,0
4005JI1148,0
4032MS8465,0
0102JI0903,0
0083MS0009,0
0043JI0939,0
0073JI0951,0
0044MS0007,0
0053JI0916,0
0007MS0003,0
0056PP0011,0
4111MS7027,0
0103PP0019,0
0131JI0902,0
0086MS0006,0
0078JS0007,0
4069MS4451,0
0008MS0040,0
3111JI6426,0
0001MT0001,0
4004JI1423,0
4111MS8071,0
0111MT0008,0
0097MS0006,0
0132MS0011,0
4102JI5048,0
4116JI8447,0
0018PP0014,0
4078MS4548,0
0063JI0928,0
4070JI5514,0
0005MS0018,0
0101PP0014,0
4071JI1671,0
0035MS2021,0
0110JI0909,0
0030JI0903,0
0081JS0003,0
0040PP0022,0
4116MS4909,0
0056MS0002,0
0043JI0929,0
0119JI0923,0
0110JI0907,0
0024JS0006,0
4100MS6760,0
3075JM8223,0
0070MS0015,0
0129JI0904,0
4069MS5743,0
0100JI0931,0
0033MA0002,0
0085MA0001,0
0001MS3771,0
0020MS0006,0
0027PP0016,0
0013MS0001,0
0015JI0914,0
0071MS0026,0
4035JI0729,0
4116MS7894,0
0111MS0045,0
3135JI6349,0
0026MS3051,0
0032JI0913,0
4032JI9017,0
0109MS0012,0
0042MS0002,0
0096JI0908,0
0092PP0010,0
0135JI0911,0
0083JI0928,0
0071MS0083,0
0126JI0901,0
0089PP0013,0
0072JI0902,0
4083MS4568,0
4088MS3909,0
4045JI8203,0
0026JI0910,0
4043MS6965,0
0093JI0908,0
4069JI2558,0
4062JI2911,0
0095MS0016,0
0044JI0910,0
0105MS0005,0
0098MS2050,0
0019MS0005,0
0055JI0947,0
4129MS8933,0
0017MS0003,0
4130MS8766,0
4100JI5931,0
0022JI0904,0
0017JS0008,0
0001MS0051,0
4030JI1531,0
0078MS0003,0
4001JI5851,0
0113MS2050,0
0015JS0002,0
0043JI0935,0
0050JI0904,0
4004JI3863,0
0015MS0012,0
0005JI0916,0
0077PP0019,0
4133MS8054,0
0135MS0013,0
4132MS6744,0
0087PP0024,0
0087JS0001,0
3001JM8568,0
0119MS0039,0
0055JI0937,0
0014JI0911,0
3100JI7532,0
0056PP0030,0
4063JI7762,0
4043JI7492,0
0073JI0907,0
0106JS0009,0
0079MC0014,0
0043MS0050,0
0081JI0906,0
0063JI0906,0
4001PP7315,0
0008JI0936,0
0119JI0907,0
0062MS0013,0
0125JI0902,0
0106JI0915,0
0075JI0910,0
4029JI5101,0
4069BS6697,0
4119JI4955,0
0024JS0009,0
0017JI0907,0
0001MS0060,0
0045MS0058,0
0010MS0012,0
0030MS0042,0
0131MS0018,0
4123JI2236,0
0112MS0007,0
0116MS0030,0
0098MS0018,0
4055MS7830,0
0054PP0017,0
4096MS4680,0
0069MS0107,0
4016MA4150,0
0008JI0903,0
0092JI0903,0
0083JI0924,0
0061JI0910,0
0069MS0051,0
3005JI1226,0
3069JI6300,0
0045JM0001,0
4043MS6531,0
0081MS0004,0
4119MS6833,0
0069MT0006,0
4113JI5446,0
3069JI6279,0
4100MS4743,0
0135JM0001,0
4136MS7972,0
0032JI0924,0
0028MA0001,0
0123JI0901,0
4085JI5162,0
0021MS0001,0
0015MA0001,0
0135MS0008,0
4055JI5297,0
0107MS0006,0
0069JI0959,0
0083JI0941,0
0043MS0020,0
0135MS0014,0
0020JI0906,0
0078JS0006,0
0055MT0003,0
0070JS0008,0
0045JI0923,0
4133JI6199,0
0091MS0004,0
0026PP0047,0
0123MS0004,0
0116MS0003,0
0040JI0904,0
4047JI3479,0
4043MS4210,0
4010JI6068,0
3062JI8024,0
0093MC0002,0
3117JI1279,0
0081JI0908,0
4107MS7834,0
4111JI5503,0
0083JI0922,0
0106JI0906,0
0125MS0006,0
0085JI0933,0
4100JI1162,0
4030JI8251,0
4094JI8733,0
0135JI0921,0
0133MS0024,0
4055JI2811,0
4083JI9039,0
4085MS6792,0
4062MS8612,0
4043JI2773,0
4062JI2212,0
4001MS7074,0
4118JI1823,0
0059JI0915,0
4004MS7238,0
4111MS4902,0
0013JI0912,0
0053JI0919,0
0048JI0901,0
0070MA0001,0
0102JI0911,0
0105JS0003,0
0004MS0068,0
4059MS6839,0
0004MS0043,0
0078PP0029,0
0073MS0033,0
4131MS7856,0
0045JI0926,0
0071MS0040,0
4014JI2252,0
0108JI0913,0
0074MS0004,0
0004JI0958,0
0130MS0012,0
0059JI0904,0
4096MS5709,0
0074PP0006,0
0065JS0001,0
0069MS0017,0
0091JI0908,0
4059JI5453,0
0068PP0003,0
0066JS0005,0
0045MS0054,0
4024MA1509,0
0081JI0912,0
0114JI0910,0
4001JI6307,0
0088JS0004,0
0116JI0903,0
0123JI0907,0
0001JI0960,0
4131JI3102,0
0102MS0014,0
0004MS0046,0
0071JI0958,0
0043MS0075,0
4030MS5316,0
4069MS6664,0
0092JS0011,0
0022MS0002,0
4015MS3465,0
4096MS7194,0
0008MS0010,0
0069JI0937,0
0071JI0911,0
4131JI8877,0
0045JI0910,0
0069JU0015,0
4073MS7849,0
0073MS0004,0
4055PP1953,0
0008JI0906,0
3096MS7352,0
4116JI3099,0
0075MT0003,0
0109MS0006,0
0024PP0021,0
0102MS0012,0
4109JI6063,0
0049JS0011,0
0008MS0031,0
0112JI0901,0
0011MS0006,0
4043JI1373,0
0062MS0057,0
0063JI0927,0
0044MS0016,0
0033JI0912,0
0108JS0006,0
0081MS0016,0
0047JM0001,0
4045MS4262,0
0073JI0943,0
0069JI1028,0
4133MS6642,0
4097JI2727,0
4010MS4136,0
3109JM7568,0
0109JI0910,0
4004JI1803,0
0073MS0075,0
4045JI1427,0
4111JI1461,0
0030JI0933,0
4116MS8951,0
0071JI0920,0
3117JI1269,0
4063MA7759,0
0055MS0035,0
0059JS0004,0
0113MS0010,0
0001JI0934,0
4100MS7262,0
0112JI0914,0
0005MS0024,0
4074JI2166,0
4111JI2600,0
4095MS6928,0
0001JI0921,0
0075MS0018,0
0065JI0904,0
4098MS4727,0
0088JS0001,0
0055JI0901,0
0132JI0902,0
0040JS0001,0
0044JI0902,0
0004MS0067,0
0097MS0024,0
3136JI1502,0
4085JI1993,0
4129MS6894,0
0021JI0905,0
0098MS2070,0
0109JI0908,0
0067JI0910,0
4043JI7748,0
0119MS0004,0
4001JI1151,0
4023MS4159,0
4116MS9021,0
0094JS0007,0
0121JS0004,0
0130MS0010,0
0015MS0020,0
0076JI0909,0
0116MS0023,0
4119JI3467,0
4119MT7728,0
0111MS0019,0
0069MT0010,0
4025JI3506,0
4008JI3329,0
0111MS0024,0
0106JS0015,0
0053MS0020,0
4125MS8997,0
0071JI0948,0
4062MS5713,0
0077JS0015,0
0043MS0017,0
0069MS0085,0
4010MS4135,0
0115MC0034,0
0096JI0907,0
0063JI0910,0
0127JI0901,0
0117MS3151,0
0008JI0927,0
0043MS0083,0
0030JI0910,0
0001MS0001,0
4004MS7770,0
0069JI1009,0
4111JI7555,0
0124JI0907,0
0093JS0007,0
0109JI0917,0
0070JI0919,0
3005JI3606,0
4095MS6847,0
0107JI0908,0
0085JI0956,0
0067JI0905,0
4081JI6586,0
0034PP0021,0
0085MS0078,0
0112MS0005,0
4136MS7967,0
4081MA4561,0
0076MS0012,0
0062JI0921,0
0085MS0081,0
0069MS0094,0
4131JI5822,0
4048MS4336,0
0063JI0918,0
4060MS4376,0
4001JI1222,0
0106JI0910,0
0045MS0038,0
0079JI0909,0
0032MT0004,0
4071MS7166,0
0079MS0001,0
0133JI0901,0
0109JI0914,0
4073JI8345,0
0032JI0940,0
0069MS0182,0
4111JI5043,0
0055JI0924,0
0085JI0926,0
0085MS0025,0
0111JI0945,0
0073JI0912,0
0032MS0037,0
0069MS0152,0
0129JI0909,0
4100JI8199,0
0096JI0901,0
4071JI1300,0
0020JS0001,0
0055JI0913,0
0008JI0910,0
4133JI2297,0
0018JI0904,0
4001MS8592,0
4071JM8247,0
4071JI3744,0
0133MS0041,0
0132JI0907,0
4085JI2137,0
0075MS0014,0
0005MS0020,0
4005MS7781,0
0038PP0017,0
0017MS2040,0
4001JI7595,0
0111MS0017,0
4062JI1743,0
0085MS0030,0
0137MS0001,0
0133MS0035,0
4136MS4752,0
0003JI0905,0
4116JI8904,0
0080JI0903,0
4062JI7487,0
4069MS6412,0
4077JI8305,0
4030JI5212,0
0096JI0912,0
4131JI1623,0
0095JI0908,0
0100MS0023,0
4117JI1469,0
0132MS0003,0
4062JI1937,0
3025JM6598,0
0108JI0902,0
0137JS0002,0
4018MS4152,0
0071MS0005,0
0044JI0920,0
4097JI2003,0
0026MS0001,0
0089MS0005,0
0068MT0002,0
4005MS6257,0
0043MS0076,0
0033MT0001,0
0117MS0033,0
0057JS0004,0
0069JI1012,0
4096MS4650,0
0062JI0916,0
4116JI2684,0
0001MT0009,0
4096MS4673,0
4073MS4516,0
4055JI5551,0
0131MS0031,0
0012JS0005,0
4085JI5639,0
0069MS0127,0
0102AS0001,0
0118PP0012,0
0004MS0040,0
0061JS0012,0
4133JI8950,0
0073MS0067,0
0088MS0003,0
0085MS0045,0
0055JI0935,0
0071JI0939,0
0114JI0902,0
4119JI2284,0
4133MS4297,0
4116MS8668,0
4001JI8067,0
0136MS0003,0
0059JI0906,0
0032MS0045,0
0085JI0907,0
0085JI0908,0
0007JI0916,0
0062MS0038,0
4069MS7275,0
0100MS0002,0
4043MS9178,0
0032MS0019,0
4008MS7787,0
4100JI5915,0
0062JI0929,0
0109MT0001,0
0117MS0025,0
0111JI0918,0
4083MS8717,0
0005MS0003,0
0078PP0019,0
0032MS0058,0
4043MS4228,0
0017JI0911,0
0131MS0015,0
0133JI0927,0
0062JI0920,0
0117MT0004,0
0100JI0905,0
0083MS0037,0
4031MS8963,0
0096MT0001,0
0133MS0010,0
4045MS7053,0
0088JI0907,0
0058PP0005,0
0001JI0983,0
0100MS0054,0
0077MA0001,0
0001MS0007,0
0069MS0147,0
0045JI0929,0
0012JS0001,0
4005JI8261,0
0045JI0927,0
0015JI0915,0
0089PP0018,0
0062MS0087,0
4063MS7910,0
0112JI0918,0
0106JS0008,0
0134JS0001,0
4095JI0761,0
4063JI5250,0
0030MS0043,0
0101JI0903,0
4073MS7233,0
0073MS0032,0
4062MS6989,0
4001JI1224,0
4111MS4897,0
0030JI0917,0
0032JI0927,0
3067JI8777,0
0083MT0003,0
0073JI0954,0
0131MS0026,0
4077MS9129,0
0006MS0004,0
0005JU0001,0
0111JI0942,0
4133JI9177,0
0043JI0945,0
0059PP0035,0
4001MS1562,0
0023JS0003,0
0071MS0070,0
4063MS9004,0
0085MS0073,0
4096MS4660,0
3096JI1198,0
0095MS0017,0
4102MS8070,0
4075MS8946,0
4043JI1735,0
4045MS7300,0
4106JI3143,0
4045MT4264,0
0001MS0048,0
0111JI0906,0
4004JI2024,0
0123MS0014,0
4096JI5205,0
0069MS0050,0
4085JI8353,0
4001JI8602,0
0008JI0948,0
4004JI2456,0
0004MS0052,0
0132JI0913,0
4108MS6460,0
0107MA0001,0
0032JI0907,0
0100JI0913,0
0131MS0033,0
3043MS8707,0
0109MS0008,0
0085JI0947,0
0017JI0905,0
0071JI0938,0
0025MA0001,0
0063MS0015,0
0081JI0921,0
4055MS2889,0
0043JI0922,0
0055JI0933,0
0108MT0001,0
0043MS0052,0
0027JI0906,0
0045JI0946,0
0035MS0002,0
0031JS0001,0
0069JI1022,0
4069JI9126,0
4132MS4309,0
0040MT0001,0
0049PP0010,0
4109MS7815,0
3119JI6337,0
4071JI2538,0
4109JI6435,0
0064JI0901,0
4133MS5703,0
4106JI2123,0
0085MS0071,0
0055MS0040,0
4132MS8198,0
4045MS4255,0
0004MS0063,0
0064JI0910,0
0117MS0017,0
0097JI0922,0
0079JS0007,0
3109JM7558,0
0093MS0003,0
0071MS0074,0
4116BS7126,0
0075MS0010,0
0109JI0918,0
0012JI0908,0
0088MS0007,0
4005JI7361,0
0040PP0004,0
0067JI0914,0
0085MS0043,0
0032JI0914,0
0085MS0051,0
4032MS5683,0
0071MS0023,0
0067MS0004,0
0069JI0971,0
0006MS0002,0
3094JM7401,0
4004MS4082,0
0100JI0908,0
0009JI0903,0
4081MS7754,0
0017MS0006,0
0011JS0005,0
0069MS0100,0
0062MS0033,0
0076JS0007,0
4032MS3155,0
0026MS0005,0
0008MS0003,0
0086JI0908,0
0107JI0902,0
0069MS0053,0
4062MS5730,0
0015MS0009,0
4069MS6678,0
4100MS4799,0
0069JU0003,0
0018PP0012,0
4079MS3450,0
0131MS0001,0
0008JI0959,0
0014MS0008,0
0001JI0991,0
0119MS0010,0
0002PP0015,0
0110PP0013,0
0085MS0062,0
4100MS4770,0
0071JI0931,0
0133MS0019,0
4085MS4612,0
4045MS7866,0
4070MS3712,0
0100MS0036,0
4111JI5560,0
0030MS0031,0
4005JI6455,0
0099MS0007,0
4069MS4482,0
0011JI0908,0
0133JI0918,0
0133JI0909,0
4130JI5980,0
0076JI0913,0
0136MS3061,0
4015JI9008,0
0085MS0003,0
4030MS7120,0
0069JI0902,0
4095MS7005,0
4109MS4827,0
4008JI2215,0
0086JI0902,0
0054JS0007,0
0100JI0907,0
0048MT0001,0
0055MS0030,0
4001JI2028,0
4069JI1642,0
0102MS0019,0
0001JM0002,0
0130JI0918,0
0102MS0015,0
4130JI1125,0
0001MS0029,0
0047MT0002,0
0032JI0917,0
0061JI0911,0
4026JI6211,0
4119MS6810,0
4117MS8062,0
0069JI0963,0
0069JI0909,0
0135MS0018,0
0133JI0919,0
0069MS3701,0
4119JI2201,0
0081JI0928,0
0001JI0905,0
4001JI1313,0
4069JI1538,0
0049PP0036,0
4065JI1952,0
0078PP0024,0
0100MS0053,0
0063JS0002,0
3043JI3092,0
0001MS0056,0
0059JI0902,0
4070JI6397,0
0053MS2140,0
0119JI0940,0
4119MS4957,0
0045MS0042,0
0085JI0973,0
0071MS0025,0
4022JI3861,0
4106PP8095,0
4119MS7808,0
0069JU0018,0
0125JI0907,0
4045JI1606,0
0085JI0955,0
4055JI6433,0
4069JI1397,0
0070JI0918,0
0073MS0025,0
0085JI0962,0
0049MS0006,0
4091MS4631,0
4083MS7904,0
4109MS4842,0
0032JI0908,0
0063JI0905,0
0053JI0918,0
0009JS0006,0
3109JM7572,0
4133MS2724,0
4084MA4578,0
0055MS0012,0
0043MS0054,0
4043JI1247,0
0061JI0908,0
0073MS0016,0
0083JI0946,0
0038JI0903,0
0066JS0004,0
0125JI0905,0
0014JI0912,0
4069MS6970,0
0007PP0039,0
0049JI0910,0
4001MS8692,0
0085MS0040,0
4100JI1895,0
0021PP0015,0
0059PP0015,0
0107MT0001,0
4001MS6984,0
0055MS0023,0
0001JI0982,0
4117MS4944,0
0043MS0042,0
0130MS0015,0
0061MA0001,0
4111JI1459,0
0001JI0943,0
0094MS0005,0
4083JI6223,0
4109MS4839,0
0012JS0015,0
4062JI8954,0
0005MS0028,0
0068MS0006,0
0069JI0960,0
0078JS0002,0
4096JI1136,0
0103JS0004,0
4109MS4848,0
0066JI0908,0
0129MS0004,0
0108MS0001,0
4111MS3415,0
0073MS0010,0
0135MS0025,0
4133JI2425,0
4085MS6832,0
4123MS4971,0
4131MS6306,0
4040MS8715,0
4024JI2013,0
0055MS0022,0
0033JI0901,0
3001JI3942,0
0069MS0008,0
0076MS0006,0
0001JI0952,0
0043MS0043,0
4095MS6850,0
0050MT0001,0
3043JI2893,0
0106JS0004,0
0097MS0007,0
0135MS0012,0
0117MT0003,0
4075JI1692,0
4028JI7936,0
4005MS4091,0
0027JS0008,0
0020MS0004,0
0116MS0020,0
4095MS7832,0
0112JI0913,0
0008JI0958,0
4095MS7539,0
0043JI0920,0
0063JI0902,0
0100JI0903,0
0001MS0071,0
4062MS6996,0
0069MS0093,0
3069JI6301,0
4043JI2154,0
0006PP0031,0
0053JI0909,0
0113JI0908,0
0119JI0912,0
3034JM8488,0
4008JI1085,0
0004MS0076,0
0075JI0906,0
3109JI2612,0
0069MS0132,0
0098MS0017,0
0114MS0005,0
0095MS0018,0
4005JI6064,0
0028MS0007,0
4005JI2012,0
4073MT4524,0
0083MS0013,0
4109PP1566,0
0019JI0905,0
4096JI3684,0
4032JM6595,0
4045JI2171,0
0060PP0020,0
4045JI6481,0
0036MS0002,0
0072JI0907,0
4100MS7214,0
4055JI2868,0
3062JI8019,0
4136JI8491,0
4062MS4384,0
0129JI0913,0
0106JS0005,0
0069MS0062,0
0098MS0007,0
0075MS0007,0
4043JI1744,0
4062MS4993,0
0040JS0003,0
0004MS0062,0
4004JI2072,0
0095MS0023,0
0083JI0908,0
4117MS2929,0
4069JU7424,0
0095JI0923,0
0028JI0906,0
0085MS0065,0
0133MS0031,0
0027JI0904,0
0101MS0003,0
4062MS4395,0
4008JI2361,0
0132MS0013,0
0111JI0921,0
4116MS8179,0
0049JS0003,0
0119MS0006,0
4073JI6508,0
0063JS0001,0
0073MS0078,0
0130MS0006,0
3043MS6927,0
0131JI0918,0
0038MS0003,0
0031JI0903,0
4111JI2139,0
0071JI0905,0
0099JI0917,0
0071JI0941,0
0069MS0028,0
0131JI0904,0
4032JI1794,0
3096JI2299,0
4069JI3346,0
3005JI2056,0
0005JI0911,0
0134MS0005,0
0071JI0922,0
0090JS0011,0
0007JI0914,0
4097MS7799,0
0083MS0003,0
4005MS7678,0
4071MS4505,0
0054JI0903,0
0052JI0903,0
0076PP0053,0
0012JS0009,0
3109JM7565,0
4083MS8872,0
4111JI2517,0
4096MS4653,0
0030JI0913,0
0001MS0055,0
0111JI0940,0
0076MS0008,0
4071JI8474,0
0076PP0041,0
0032JI0930,0
0069JI1018,0
4100JI1915,0
0107MS0002,0
4097MS4713,0
0132JI0921,0
0086JI0910,0
0093JI0911,0
4096MS5291,0
0133MS0002,0
0099MT0002,0
4047JI1604,0
0077MS0010,0
0096JI0906,0
0004JU0003,0
0136MS0008,0
4069MS5736,0
0008MT0004,0
0069MS0126,0
0015MS0006,0
0102JI0904,0
4073MS8233,0
0085JI0909,0
0071MS0031,0
4055JI2195,0
4133JI7666,0
0073JI0961,0
4096JI8410,0
0101JI0901,0
0111MS0021,0
0073MS0083,0
0051JI0905,0
0076MS0011,0
0047MS0014,0
0080JI0904,0
4004JI1263,0
4083MS7353,0
0050MS0001,0
0010JS0004,0
0001JI0987,0
0119MS0023,0
0043MS0009,0
0034PP0026,0
4119MS3577,0
0119MS0040,0
0013JI0905,0
4062JI2463,0
0069MS0161,0
4136MS8002,0
4095JI2327,0
4014MS5236,0
0075PP0036,0
4023JI8895,0
0001MS0003,0
3005JI2254,0
3062JM8011,0
4043MS8916,0
4001MS7701,0
0021PP0017,0
0069MS0148,0
0060JS0007,0
4001JI8129,0
4062MS4385,0
0088MS0006,0
4096MS4662,0
0007JI0917,0
4069MS7102,0
0069JI0915,0
0008JI0902,0
4102JM9005,0
0031MS0004,0
0028JI0919,0
0043MS0080,0
0007MT0001,0
3043MS6924,0
4062JI2850,0
0001JI0954,0
4030MS8619,0
0107JI0919,0
3119JI6339,0
0016MS0013,0
0132JI0915,0
4069JI8404,0
4004JI2895,0
4130JI7952,0
4116JI8344,0
0006MA0001,0
4071JI5510,0
0030MS0026,0
4062JI1985,0
3001JM8542,0
0069MS0143,0
4085MS8006,0
4055MT4931,0
0030MS0018,0
4005MS7058,0
0083JI0932,0
4083MS7902,0
4043JI8081,0
0068JI0910,0
0017JI0909,0
4004JI2135,0
4137MS4169,0
0041JS0006,0
4119MS4963,0
4055MT8318,0
4026JI5483,0
4008MS8316,0
0040MS0004,0
0033MS3021,0
0043JI0940,0
4067JI8590,0
0061JS0005,0
0006JI0904,0
4131MS6243,0
0062MS0063,0
3062JI8018,0
4032JI8923,0
0119JI0950,0
4075JI1831,0
0085MS0054,0
0069JI1006,0
4004MS7772,0
0090JI0901,0
4111MS4890,0
0001JI2660,0
0116JI0914,0
0059JI0907,0
0032MS0033,0
0100MS0059,0
0119JI0928,0
0077MT0001,0
4043JI1426,0
0077MS0004,0
0071JI0937,0
4111MS7699,0
0074MS0005,0
0098JI0907,0
0004JI0906,0
0004MS0019,0
0001MS0076,0
0043MS0058,0
0101MT0001,0
3062JI8016,0
4001MS7811,0
0029JI0906,0
3100JI7730,0
0043MS0063,0
0123JI0916,0
4069JI3187,0
0055MS0011,0
0032MS0042,0
4087JI1956,0
0008JS0003,0
4045MS4254,0
0076MC0015,0
0051JS0010,0
4004MS8435,0
0088JI0905,0
0001JI0936,0
0026JS0002,0
4069JI1910,0
0041JI0903,0
4043JI8029,0
0002PP0044,0
0111MS0011,0
0119MS0047,0
0088MA0001,0
0099MS0013,0
0131JI0907,0
4111MS7292,0
0012PP0045,0
0030MS0007,0
4111JI1457,0
4130JI3136,0
0031MT0001,0
4008JM9001,0
4133MS8790,0
0073MS0077,0
0007JI0910,0
0117MS0001,0
0073JI0959,0
4062JI5516,0
4062JI2462,0
0076JI0905,0
0004MA0001,0
4111JI1983,0
0135MS0011,0
0099MS0014,0
4136BS7276,0
3027MS6941,0
4030MS7109,0
0076JI0919,0
0069JV0009,0
0071MS0043,0
0067JI0903,0
4085MS6853,0
4062MS7686,0
0062MS0022,0
4062JI1396,0
0004MS0069,0
4001MT4047,0
0004MS0022,0
0008MS3381,0
4004MS6891,0
4001MS5276,0
3135JI9109,0
0004MS0015,0
4071JI3036,0
0004MS0053,0
4016MS8118,0
0097JI0904,0
0090PP0011,0
0071JI0960,0
4109MS5708,0
0069MS0043,0
0071MS0072,0
4030JI2136,0
0012PP0046,0
0032MS0011,0
0069MS0118,0
4030JI8670,0
0008JI0954,0
4085JI1107,0
0077MS0003,0
0130JI0926,0
4112JI5066,0
0130JI0923,0
4035JI1930,0
4069MS5741,0
0004MS3081,0
4062JI2940,0
0073JI0918,0
0053MS0007,0
0001MS0090,0
4062JI8371,0
0001MS0059,0
3005JI2038,0
0026MS0006,0
4045MS7009,0
0062MS0024,0
4031JI6618,0
0099JS0002,0
0077PP0062,0
0095MT0002,0
0001JI0908,0
4116MS8864,0
0107JI0918,0
4043JI8948,0
4116MS8973,0
4073JI3734,0
4102MS8832,0
0130MS0007,0
0111MS3331,0
4069MS4450,0
4050MS4340,0
0010JI0901,0
4116MS7895,0
4065MS4439,0
0029MS0001,0
0084JS0001,0
0089JS0004,0
0006MS0008,0
0032JI0934,0
0082JS0005,0
0026JS0001,0
4133MS5748,0
0119JI0917,0
4048MS4335,0
4100JI1398,0
0001MS0037,0
0026JI0906,0
0008JI0909,0
0059PP0036,0
0053MS3011,0
0121JI0903,0
0004MS0054,0
4055JI1625,0
3043JI3788,0
0026JI0909,0
4083MS6886,0
0044JI0928,0
0035MS0001,0
0069JU0023,0
4130JI8544,0
0005MS0010,0
4136JI2330,0
0008JI0942,0
0116JI0931,0
4071MM4502,0
0077MS0020,0
0131MS0019,0
0015MS0026,0
4095JI1493,0
4055MS4355,0
4069MS7707,0
0043JI0903,0
4071JI1413,0
0062JI0907,0
4070JI7940,0
0020JS0008,0
0097MS2050,0
0132MS0031,0
0112JI0908,0
0062MS0083,0
4132MS6746,0
0043MS0039,0
0076JI0916,0
0130MS0004,0
4111MS4883,0
3117JI2991,0
0008MS0013,0
4007MS6759,0
0010JI0906,0
0081MS0005,0
0063JI0931,0
0006JS0011,0
0043MA0001,0
0039JI0902,0
4062MS2834,0
0001MS0005,0
0081MT0002,0
0090JI0904,0
0117JI0901,0
4117JI1684,0
0062JI0927,0
0043MS0024,0
4004JI8469,0
4029JI0923,0
4137JI1968,0
0055MS0019,0
4073MS4517,0
0023JS0006,0
0022JI0907,0
0041JI0904,0
0111JI0944,0
0093MS3061,0
4111MS6952,0
0047MT0005,0
0050JS0001,0
4016MS2348,0
0087PP0022,0
0100MS0049,0
0069MS0069,0
0133MS0016,0
0118MS0003,0
0001MS0046,0
3109JI3870,0
0100MS0050,0
3109JI6311,0
4131MS5429,0
0102JS0012,0
4043MS8853,0
0109JI0909,0
0072JS0001,0
0115MS0001,0
0090JI0902,0
4062JI8269,0
4071MS8573,0
0057JS0006,0
0119MS0044,0
4069MS6681,0
4096JI5530,0
4043MS6046,0
4008JI3975,0
4085MS7721,0
0073JI0950,0
4033JI1144,0
4022JI5383,0
0068MS0008,0
0116JS0001,0
0082PP0017,0
4069JI3135,0
0137MA0001,0
4001JI3868,0
4072MA4514,0
3109JI3017,0
0077JI0917,0
4001MS4048,0
3098JI1821,0
0127JS0004,0
4062JI1533,0
4060MS4375,0
0107JI0917,0
4081MS4555,0
4071MS7243,0
0004JU0004,0
4077MS8376,0
4095PP1341,0
0069JU0039,0
4055JI1669,0
0130MS3122,0
3111JI6418,0
4008MS8709,0
4112JI2246,0
3010JI1205,0
0078JS0003,0
0118JI0902,0
0052MS0001,0
4073MS7848,0
0065JI0902,0
0047JI0903,0
0032MT0002,0
0089JS0005,0
4069MM2386,0
4001JI8333,0
0032MS0040,0
0036JS0001,0
0068JI0906,0
0020PP0006,0
0056MC0037,0
0077JI0912,0
0055JI0921,0
4071JI1636,0
4100JI1451,0
0069MS0149,0
4005JI7588,0
4005MS6645,0
4004JI7406,0
0060JS0002,0
0005JI0907,0
0099JS0005,0
0119MS0016,0
0056JI0904,0
0048MS0002,0
4005MS4100,0
0073MS0076,0
0047JS0001,0
0015MS0011,0
4062JI1906,0
0102JS0001,0
0029MS3011,0
0102JS0005,0
0007PP0038,0
0069MS0123,0
3028JI8186,0
4069MS6969,0
0055JI0925,0
4132JI5508,0
4083MS6877,0
0015MS0016,0
0108PP0048,0
0033MS0008,0
0032MS0047,0
0076MS0005,0
0048JI0906,0
0069MS0135,0
0121JS0001,0
4043JI3901,0
4073MS8510,0
4062MS4411,0
4100MS4771,0
0033MS0003,0
0062MS0080,0
4071MS6765,0
4073MS9001,0
0018JI0903,0
4096MS5459,0
4062JM9002,0
4117JI5103,0
4111JI1967,0
0069MT0002,0
4001MS6835,0
0083JI0927,0
0012JS0010,0
4045MS7868,0
4117JI2129,0
0017JS0006,0
4135BS7091,0
0047MA0001,0
4083JI2375,0
0069JU0030,0
4085JI2870,0
4100MS7096,0
4109MS4860,0
0045JI0922,0
4117JI1631,0
0082MS0002,0
0092JI0909,0
0069MT0007,0
0005MT0002,0
0100JI0926,0
0073MS0079,0
0009JI0902,0
4072JI6628,0
4047JI5409,0
0095JS0001,0
4111MS8236,0
0083MT0004,0
0050JI0905,0
4117JI5479,0
4073JI1440,0
0049MS0008,0
4119MS6808,0
0071MS0062,0
4004JI1712,0
4069MS7716,0
3109JM7566,0
3043MS8642,0
4055MS6273,0
0018JS0001,0
4053JI3605,0
0069JI1003,0
0013JI0910,0
0047MS0006,0
0002MS0005,0
4005JI6458,0
4096JI5984,0
0085MS0010,0
0119MS0012,0
4098JI1250,0
0069MS0170,0
0081JI0916,0
0047MS0017,0
4096MS4672,0
0005JI0923,0
0031MS0002,0
0025JS0017,0
4001MS4044,0
3001JI9149,0
0017JS0005,0
3001JI1231,0
4083JI2718,0
0100JI0909,0
0126JI0902,0
4085JI1445,0
4008MS7008,0
3092JM8815,0
0069JU0007,0
0012PP0026,0
4081JI0664,0
0057MS0002,0
4131JI7985,0
0111JI0938,0
0098JS0001,0
4026MS4165,0
0073JI0916,0
0100JI0919,0
4030MS4184,0
0050JI0903,0
4055MS8288,0
0071MS0054,0
0055MS0034,0
0016JI0913,0
0085MS0019,0
0056JS0007,0
0002JI0904,0
0032MS0046,0
0133MS0029,0
0043MS0003,0
0001JI0950,0
4062MS4382,0
0064MS3031,0
4131JI2116,0
0072JI0903,0
0045JI0944,0
0102JM0001,0
4074MS4526,0
4033JI2900,0
0082JS0006,0
0066MS0006,0
0030JI0926,0
4055MS9004,0
0045JI0904,0
4044MS4252,0
0113MS0001,0
0077JS0014,0
0055JI0946,0
0111JI0907,0
4066JI3895,0
0119MS0029,0
0102MS0018,0
4085JI2524,0
4062MS6983,0
0102JS0010,0
0019JI0906,0
0004MT0003,0
4077MS4544,0
0096MS0011,0
0062MS2230,0
3005JI2260,0
4131MS5702,0
4100MS6977,0
4043MS8509,0
4043MS3952,0
0098JI0901,0
0007JS0002,0
0107JS0008,0
4119MS7807,0
0094MA0001,0
3109JM7569,0
4109JM8272,0
0002MS2020,0
0045JI0905,0
0032JI0925,0
4077JI7929,0
4033MS4199,0
4004JI3294,0
0076MS0009,0
4135JI2658,0
0076JI0906,0
4083JI7996,0
0097JI0913,0
0062MS0015,0
0096MS0002,0
0043MS0061,0
0059MT0002,0
0059JI0901,0
4062JI1520,0
4069MS6565,0
4116MM9008,0
4044MS2528,0
0008JI0955,0
0045MS0030,0
0071MS0016,0
0062MS2060,0
0069MS0137,0
0112JI0916,0
0069MS0103,0
3008JI7625,0
4055MS5764,0
0109MS0005,0
0004MS0051,0
4097JI1140,0
0085JI0941,0
3043JI3645,0
0111MS0033,0
0106JI0901,0
4069JI1480,0
0056JS0005,0
4071JI2307,0
4020MS4154,0
0027MS0003,0
0032MS0003,0
0044JI0903,0
0077JI0913,0
0119MS0032,0
3100JI1782,0
0008JI0961,0
4055JI2015,0
4036JI5821,0
0031JI0906,0
4043MS7890,0
0069JI0982,0
0073MS0041,0
4047JM7442,0
4032JI3860,0
0041JS0005,0
0055MS0010,0
4085MM9012,0
0016MS0016,0
4096PP0694,0
0116MS0034,0
0069JI0970,0
4131MS4325,0
4001MS4016,0
0043JI0909,0
0124JI0908,0
4133MS7840,0
0051MT0002,0
0113JI0910,0
4004JI3646,0
0076JS0017,0
0045MS0008,0
0078PP0025,0
3094JM7452,0
0116MS0010,0
0133JI0902,0
0001JI0919,0
4071MS7161,0
0026JI0903,0
3043JI2265,0
0044JI0927,0
0081MA0001,0
4099MS4731,0
0106MA0001,0
4109JI1187,0
4119JI5601,0
0106JS0014,0
0069JI0947,0
0075JI0912,0
0113JI0906,0
0129JI0902,0
0098MS0015,0
0069JI0981,0
4045MS4256,0
0080MS0001,0
0087PP0028,0
0045JI0902,0
4045MS4265,0
4062MS4391,0
0110JI0906,0
0070JI0902,0
0077JI0925,0
0071JI0959,0
0111JI0910,0
0133MS0018,0
0095JI0922,0
0069JI0923,0
4117JI5445,0
0073MS0027,0
0004JU0006,0
4001MS7441,0
4083MS8047,0
4004MT4073,0
0106MS0008,0
4096JI7463,0
0108JS0007,0
4073MS8059,0
0007JI0901,0
0062MS0031,0
0085JI0961,0
4004JI2206,0
0116MT0001,0
4095MS7831,0
4004MS7764,0
3111JI6425,0
0103JS0002,0
0083JI0945,0
0073MS0057,0
0069JI0965,0
0030MS0015,0
4096JI1472,0
4085JI2492,0
0067JI0906,0
0089JS0003,0
0006JS0007,0
0107MS0001,0
0131MS0022,0
0070JI0916,0
0031MS0001,0
0001JI0917,0
4070JI6362,0
0055MS0015,0
0072JI0910,0
0062MS2400,0
4133MS5706,0
0032MS0034,0
0117JI0930,0
0104PP0004,0
4011JI6259,0
0094JS0006,0
4030MS4175,0
0060JI0906,0
0086MS0002,0
4129JI5192,0
4007JI1594,0
4077JI8088,0
4096JI2176,0
0108JS0005,0
0069MS0049,0
4102JM9103,0
3043JI3491,0
4069MS8056,0
4083JI7664,0
4096MS7016,0
0085JI0938,0
0001JI0927,0
0062MS0056,0
0004MT0004,0
4005JI7610,0
0069JI0903,0
4044JI2101,0
4083MS8125,0
0075JI0918,0
0113JI0907,0
4112MS4904,0
0070JI0920,0
4001MS7654,0
0102JS0008,0
0116JI0928,0
0081MS2021,0
3100JI1501,0
0111MS0008,0
0084PP0015,0
0081MS0006,0
0119JI0919,0
0016MS0017,0
4097MS8009,0
0008MS0023,0
0073JI0910,0
0027MS0008,0
0095JI0917,0
0133JI0914,0
0021PP0004,0
3043JI2408,0
0116JI0901,0
0093JS0002,0
0119JI0921,0
0113JI0917,0
0045JI0924,0
0001JI0904,0
0077MS0007,0
0069MS0065,0
4069MS6663,0
0081JI0913,0
0001MT0008,0
0078MS0004,0
4124MS8888,0
4025MS6660,0
4085JI2655,0
4004MS7122,0
0031JI0908,0
0001JI0931,0
4119JI1901,0
0069JI0920,0
0005MT0004,0
0047MS0015,0
0098JI0908,0
0071MS0061,0
0093JS0003,0
4109JI2301,0
4043JI2008,0
0012JI0902,0
4032JI7661,0
0008JI0953,0
0004MS0034,0
0093JI0914,0
4029MS4173,0
0110MS0006,0
0083MS0008,0
0085MS0061,0
0132JI0911,0
4045MS4260,0
0040JS0005,0
0077MS0019,0
0008JI0940,0
0010MS0011,0
4111JI7311,0
0069MS0177,0
4096JI2559,0
4098MA4728,0
0077PP0043,0
0062MT0003,0
0123JI0914,0
0055MS0025,0
0083MS0018,0
4085JI7758,0
4136MS6912,0
4119MS8123,0
0045MS0055,0
0008JI0957,0
4133JI8334,0
4109JI6147,0
0099JI0904,0
4001JI1004,0
3043JI1518,0
0116MS0017,0
0069JI0933,0
4004JI1756,0
4081MS4558,0
3111JI6427,0
0062JI0901,0
4062MS4400,0
4073MS7844,0
4091JM9105,0
0008JI0911,0
0004MS0004,0
0069MS0133,0
4004MS8496,0
4095JU7414,0
0108JS0014,0
0007MS0011,0
0083JI0921,0
4008JI2213,0
0106PP0013,0
4136MS4777,0
0055MS0028,0
0032JI0918,0
4083MS7905,0
0062MS0071,0
0063MS0006,0
0079JI0904,0
3067JI8782,0
4100JI1449,0
0069JI0948,0
4131MS6556,0
0093JS0012,0
0057JS0007,0
0106JS0012,0
0083JI0901,0
4100JI8087,0
0070JI0910,0
4014MS8583,0
0130JS0001,0
0028MS0009,0
0107JI0922,0
0053MS0012,0
0071MS0048,0
3069JI6287,0
4069JU7423,0
0030MS0037,0
4045JI6094,0
0054PP0020,0
4096MS4664,0
0006MT0001,0
0131JI0910,0
4043MS7889,0
4116MS8856,0
0123JI0905,0
4069MS6562,0
0043MS0055,0
4132JI2115,0
0014MS0005,0
0131JM0001,0
0047MS0020,0
0066MS3031,0
0001JI0925,0
0069MS0179,0
4055MS2627,0
0062JI0909,0
0007MS0007,0
0030MS2210,0
0053JS0006,0
0045MS0050,0
0008JI0945,0
0102MS0017,0
4096MS4685,0
4071JI2033,0
0119JI0925,0
0073MS0017,0
0119MS0041,0
0043JI0944,0
0114JI0912,0
0085JI0942,0
0101JI0904,0
0069MS0031,0
4043MS6529,0
0059PP0049,0
4069MS8567,0
0026JI0915,0
0015JI0904,0
0136JI0911,0
0062JI0951,0
4028MS8644,0
0053JI0904,0
4119MS4962,0
0066MA0001,0
3117JI2748,0
0069MS0002,0
0015MS0008,0
0072MS0002,0
4095MS4642,0
4047MS4330,0
4001MS4011,0
0039MS0003,0
4117MS4927,0
0069JI0945,0
4001MS6938,0
0081JI0918,0
0017JS0004,0
4085MS5687,0
4045JI2076,0
0083MS0022,0
0085MS0079,0
0112JS0004,0
0089JI0905,0
0083MS0026,0
4069JI2431,0
0069MS0134,0
0014JI0902,0
0106JI0908,0
4117MS4941,0
4130JI1721,0
0093MS0009,0
0062MS0014,0
0112JI0917,0
0008JI0943,0
4077MS4539,0
0048JI0908,0
0099JS0003,0
4116MM5591,0
3100JM8207,0
0056JS0002,0
0100MS0057,0
0085JI0923,0
0097JI0908,0
0029PP0017,0
0123JI0915,0
4033MS6974,0
0109MT0002,0
0010MS0008,0
0069JU0029,0
4081JM8245,0
4116JI3400,0
4004MS4057,0
0001JI0963,0
0001MM0075,0
0027PP0037,0
0107JI0912,0
0076MT0001,0
0004JI0934,0
0073JI0928,0
0124MT0001,0
0001JI0916,0
0111MS0018,0
0069JI0955,0
0102JI0925,0
0001JI0972,0
0013JI0915,0
0102JI0905,0
0016JS0003,0
0043MS0001,0
4043MS8160,0
4050MS4339,0
0053MS0003,0
0053JI0913,0
0069MS0033,0
4109MS7818,0
0064MC0029,0
0001MS0075,0
0069MS0186,0
4131JI8322,0
0083MS0032,0
0001MS0053,0
4085MS4595,0
4062JI9001,0
0001JI0973,0
0069JI0939,0
0087JI0905,0
0100JI0918,0
4096JI3667,0
4109JI7547,0
0128MS0002,0
0004MT0005,0
0131MS0008,0
4005MS4101,0
4097MS7081,0
0123MS0013,0
0100MS0024,0
0021JI0904,0
0110JI0904,0
0077JS0006,0
4136JI2487,0
0006JS0004,0
4118MS4953,0
0043MS0019,0
0083JI0913,0
3005JI1314,0
4045JI2446,0
0110JI0903,0
4001MS5759,0
0032JI0922,0
0128JI0904,0
0043JI0916,0
4119JI2140,0
0040PP0018,0
0042MT0001,0
4062MS3979,0
0094JI0902,0
4102JI6326,0
4131JI2277,0
4085JI2068,0
4100JI2588,0
4111MS7258,0
0089MS0006,0
4117JI5958,0
0129JI0916,0
0079JS0008,0
4047JI2167,0
0047JI0904,0
0068MS0005,0
0095MS0011,0
0106JS0002,0
0030JI0919,0
4113JI8900,0
0091JI0901,0
0130MS0018,0
4093JI3334,0
0008MS0033,0
4085MS8989,0
0053JI0910,0
4096MS4687,0
4069MS4464,0
4067JI7642,0
0102JI0906,0
4107MS4816,0
4001JI9022,0
0030MS3051,0
0121MS0001,0
0102PP0065,0
4043MS4216,0
4055JI5930,0
0008MS0012,0
3109JM7556,0
0097MS3071,0
0131JI0912,0
0032MS0044,0
0068JI0907,0
0004JI0921,0
0073MS0024,0
4069JI5081,0
4007MS2349,0
0045MS0028,0
4123JI7592,0
3069JI6302,0
3109JM7561,0
0030MS0006,0
0073MS0012,0
4066JI5828,0
0100JI0902,0
0004MS0038,0
4009MS4132,0
0033JI0908,0
4001MS6979,0
0008MS3382,0
0131MS0030,0
0066MS0001,0
0075JI0920,0
0055JI0920,0
0074JS0003,0
0040JS0004,0
0005JI0901,0
4010MS8942,0
4111JI6232,0
0026JS0006,0
4111MS7100,0
0090PP0020,0
0018JS0006,0
0097JI0910,0
4136MS7099,0
0028JS0010,0
4109MS7819,0
0136MS0015,0
0062JI0946,0
0064JI0912,0
0040JI0905,0
0091JS0005,0
0100JI0901,0
4043JI8991,0
0053MS0002,0
0045MS0005,0
0073MS0022,0
0040JS0008,0
0025MS0012,0
0030JI0905,0
0002JS0008,0
0043MS0073,0
4131PP0826,0
0005MS0012,0
4100MS6764,0
0073JI0952,0
0083MS0036,0
0096JI0911,0
4001JI2133,0
0062MS3091,0
0062JI0902,0
4063MS4435,0
0109MS0003,0
4001PP6071,0
0062MT0004,0
4095JI6363,0
0051JS0003,0
0102JI0928,0
0082JS0003,0
0085MS0004,0
0119MS0054,0
0111JI0946,0
3111JI6420,0
4001JI2247,0
0017MT2010,0
4099JI8476,0
0085MS0018,0
4022MS6685,0
0045MS0057,0
0071MS0042,0
0115JS0002,0
4032MS7725,0
4005JI1971,0
0130JI0919,0
0099MS0009,0
0111MS0058,0
4001JI1419,0
4109JI8063,0
0071MS0037,0
4062MS6859,0
0073MS0044,0
0106JS0016,0
4057MS4368,0
0134PP0013,0
0071JI0954,0
0020MT0001,0
0013JI0913,0
0133MS0003,0
4043MM3769,0
4083MS4570,0
0130JI0915,0
0102MS0013,0
0011JI0907,0
0069JI0931,0
0071JI0906,0
0069MS0039,0
0043JI0926,0
4062JI2078,0
0038JS0003,0
4111MS4875,0
0132MS0015,0
0001MT0002,0
0004JI0948,0
0069JI1014,0
0136MS0014,0
4001JI8854,0
0069JI0980,0
4062JI6450,0
4071MS8812,0
0069JI0978,0
0075MS0001,0
4025MS4161,0
0071MT0005,0
0069JI1013,0
0017MC0013,0
4055JI1431,0
4069MS3189,0
0133JI0926,0
0036JS0004,0
4095JI5565,0
0020MS0005,0
4015MS8534,0
0082PP0008,0
0005MT0008,0
3001JI8294,0
0069JI0989,0
0023MS0001,0
0077JS0016,0
0008JI0907,0
0001MS2260,0
0131MS2280,0
4096MS4695,0
0084PP0019,0
0078MS0001,0
0071JI0923,0
0133MS0001,0
3043JI3872,0
0006JS0008,0
0077MS0023,0
0134MS0002,0
4081JI2104,0
0009MS3011,0
0067JI0915,0
0100JI0920,0
0095JI0909,0
0069JU0009,0
0133JI0922,0
0001JM0001,0
0064MS0006,0
0026JS0009,0
0063MS0016,0
0031MS0007,0
0030MS0022,0
4096JI6587,0
0031JI0905,0
4083MS4565,0
0061JI0906,0
0133JI0920,0
4111MS6988,0
0119MS0013,0
0043MS0004,0
0049JI0906,0
0133MS0012,0
0071JI0947,0
4069JI3707,0
4132MS6745,0
0073MS0085,0
4026JI1209,0
4055MS7084,0
4069JU7426,0
0008MS0025,0
3123MS2497,0
0111MS0053,0
3036JM8804,0
3043JI3363,0
4070MS4496,0
0111JI0908,0
3005JI3513,0
4132JI3850,0
0111MS0026,0
0011JI0905,0
0009MS0006,0
0061MS0003,0
4063MS8122,0
0075MS0002,0
0054JS0003,0
4045JI6459,0
4083MS8200,0
4001JI8953,0
0004JI0935,0
4131MS2535,0
0132MS0019,0
4001JI5119,0
0116MS0009,0
3117JM6375,0
4035JI2504,0
0015MT0002,0
0001MS0028,0
4093MS5088,0
0016JI0919,0
4100JI1454,0
4043MS4215,0
0062MS0052,0
4071MS8079,0
0114MS0001,0
0069MS0056,0
4055JI3078,0
0062MS0037,0
4001JI8084,0
0062MS0029,0
4001MS9018,0
3117JI2087,0
4117JI2962,0
0085MS0075,0
0069JI0983,0
0111JI0925,0
4062MS4417,0
0069JI0966,0
0001JI0981,0
4083MS8829,0
4004MS7115,0
0088MS0001,0
0073JI0958,0
0062MS0084,0
4030MS7773,0
0088MS0005,0
0062MS2330,0
0077PP0034,0
0075JI0903,0
0136JI0907,0
0062MS0003,0
4083MS7294,0
0043MT0003,0
0073MS0046,0
4047MS6878,0
4043JI7943,0
0031MS0005,0
0001MS0049,0
0007JI0902,0
4001JI1215,0
4007JI1376,0
0069JU0002,0
4083JI8665,0
4073MS8340,0
0004MS0071,0
0059JS0002,0
0001JM0004,0
0092MA0001,0
0116JI0919,0
4062MS5686,0
0056PP0034,0
0112MA0001,0
4081MS8278,0
0032MS0056,0
4001JI8307,0
4043MS6446,0
0009MS0002,0
0131MS0003,0
0100MS0041,0
4083PP6165,0
4133MS4300,0
4135MM6499,0
0004MS0074,0
0001JI0947,0
0108JI0906,0
0018JS0008,0
4085MS4597,0
0103JI0903,0
0050MS3031,0
4116PP8500,0
0081MS2160,0
0007MS2120,0
0004MS0064,0
4004JI2150,0
0060MS0003,0
0101MS0002,0
0092JS0005,0
4096JI3762,0
0135MS0017,0
0032JU0001,0
0100MS0048,0
0110JS0008,0
0131JI0922,0
0106JI0905,0
4055PP7740,0
0056JI0905,0
0130MS0019,0
0001JI0942,0
4062MS5735,0
4043JI5671,0
0067MS0003,0
0116MS0008,0
4085JI2930,0
4069MS8874,0
0069MS0087,0
4130MS8516,0
0037PP0008,0
0120MT0001,0
0024MS0004,0
0007MS0012,0
4027JI2051,0
0004MS0001,0
0010MT0001,0
0007PP0005,0
4094MS5000,0
4085MS7724,0
0100JI0930,0
0013JI0904,0
0062MS2550,0
4109MS4862,0
4085JI1297,0
4116JI2138,0
4130JI7750,0
4117JI7667,0
4130MS9128,0
0069JI0936,0
4069MS8150,0
0078PP0035,0
0102MS0008,0
0007JS0016,0
0069JI0979,0
4005MS7795,0
0062MS0001,0
4071JI5927,0
4055JI6044,0
0108PP0057,0
0043MS0047,0
0109JI0906,0
0016MS0015,0
3116JI8581,0
0030JI0939,0
0094JI0904,0
0107JS0007,0
3136JI6378,0
0025PP0047,0
0106MS2070,0
4001JI2112,0
0004JI0928,0
0033JI0907,0
0030JI0930,0
0096JI0914,0
4102JI1940,0
0107MS0008,0
0049MS2020,0
4096JI2877,0
0117MS0026,0
0131MS0013,0
0119MS0034,0
4043JI6493,0
0008MS0041,0
0028JI0903,0
0123JI0906,0
4100MM4736,0
0073MS0054,0
4085JI5340,0
0004MS0006,0
4136MS5723,0
4014JI3278,0
0002MS0002,0
0077JI0901,0
0127JS0005,0
4069MS2799,0
4101MS4802,0
4133MS6840,0
4005JM7609,0
0008JI0926,0
0131MS0025,0
4077MS4542,0
0095JI0910,0
4131MS6693,0
0036JS0002,0
0045JI0935,0
0032MS2530,0
4004MS5727,0
0040MS0003,0
0095JI0926,0
0038MA0001,0
0048JS0004,0
3043JI3536,0
4097JI1593,0
2100MT9000,0
4004JI1992,0
0013MS0010,0
0059MS0005,0
4119MS2618,0
0085MS0021,0
0069JU0004,0
4030MS8275,0
0130MS2170,0
4069JI5505,0
0007JS0017,0
4069MT4491,0
0081JS0004,0
0069JI0906,0
4096PP6086,0
0069MS0124,0
4095MS7006,0
3001MS9147,0
4111MS4884,0
0073JI0953,0
4074MS4525,0
0001JI0909,0
0054JI0904,0
0019JI0904,0
4001MS4009,0
4130JI2975,0
4070JI5052,0
0058MS0005,0
3117JM6376,0
0030JI0937,0
4073MS8042,0
0061JS0002,0
0049PP0025,0
0114MS0010,0
4055MS5749,0
0119JI0909,0
3005JI1319,0
0045MS0039,0
4069JI1437,0
4073JI9140,0
0016JS0006,0
0030AS0001,0
4070JI9002,0
0109JI0912,0
0115JS0004,0
0085MS0050,0
0097MT0004,0
4100MS4768,0
0066MS2050,0
0081MS0019,0
4096MS4677,0
4043MS6500,0
0004JI0946,0
0008MS0039,0
0108JI0912,0
0025MS0011,0
0070MS0005,0
0068JI0901,0
4111MS2546,0
0132MS0025,0
0097MS3081,0
0108MS0010,0
4055PP5676,0
4100JI2173,0
4045MS7865,0
0027MA0041,0
0024JI0903,0
0063MS0019,0
0081JI0902,0
4059MS5417,0
4116MS4913,0
0082JS0001,0
4071MS4507,0
4116MS7396,0
4111MS7692,0
0047JI0916,0
4071MS3866,0
0123MS0001,0
0032MS0038,0
0135JI0915,0
0131MS0038,0
0004JI0952,0
4001JI1356,0
4004MS8075,0
4133JI3001,0
0096MS0012,0
0129MS0011,0
0132MS0021,0
0047JI0914,0
3043JI1077,0
0069JI1010,0
4062JI7574,0
4085JI3212,0
4069MS7105,0
0020JI0907,0
0039JS0005,0
4091JI3115,0
0069MS0154,0
0074JS0010,0
0111JI0909,0
0119MS0005,0
0123JI0904,0
0055MS0017,0
0040JM0001,0
0133MS0039,0
0014JI0910,0
0047MS2220,0
0027JI0908,0
0073MS0063,0
4071MS7968,0
0001MT2060,0
0117JI0931,0
0114MS0006,0
0097MS0016,0
0100JI0924,0
0069JI0942,0
0032MS0057,0
4096JI7991,0
3094JI2354,0
0069MS0178,0
0111MS0004,0
0045MS0012,0
0085MS0020,0
0062MS0046,0
0111JI0937,0
3062JI8021,0
4043JI5799,0
4062JI6144,0
4111MS7031,0
0121JI0901,0
4063JI6193,0
0076JI0911,0
0045MS0040,0
0071MS0055,0
0088JS0007,0
0071JI0907,0
0030MS0044,0
4086MS4623,0
0098MS0005,0
4069JI5896,0
4106JI8741,0
0059JS0012,0
0069MS0034,0
0102JI0908,0
4075JI2549,0
4001PP3466,0
0078MA0001,0
0006JS0010,0
0062JI0923,0
0071MS0065,0
0075MS0003,0
4004JI8700,0
0004MS0023,0
0015JI0901,0
0069JI0949,0
4133JI2971,0
4069MS8501,0
3116JI8479,0
0100JI0933,0
0128MS0003,0
0073MS0023,0
4083MS3759,0
4071JI2717,0
0093MS0005,0
0073JI0920,0
0022JI0911,0
0123MS0012,0
4114JI8841,0
0085JI0914,0
3094JM7392,0
0076MS0015,0
4096MS4654,0
0057MS0003,0
0017MS0002,0
4066MS4443,0
0025JI0913,0
0075JS0004,0
4062JI7516,0
0073JI0904,0
4043MS4225,0
4008JI8443,0
0065JS0002,0
4111PP8310,0
4085JI0474,0
0055MS0003,0
0119MA0001,0
0003PP0007,0
0107MS0011,0
0094MT0001,0
4085JI1617,0
0069JU0027,0
4111MS4879,0
4005JI3720,0
0022PP0016,0
0038JS0005,0
4055JI6202,0
0084JI0907,0
0077PP0061,0
0069JI0992,0
0070MC0004,0
0001JI0924,0
4116MS1777,0
0043MS0049,0
0069JU0032,0
4084MS4580,0
0073MS0050,0
4135MS4748,0
0113JI0905,0
0061MS0004,0
0076JS0004,0
0071MS0052,0
0064MS3011,0
4085JI6019,0
0123MT0001,0
0083MS0020,0
0069MS0164,0
0023JI0906,0
4087MS4627,0
0044MS0013,0
0079JI0917,0
0083MS0030,0
0077JI0907,0
0024AS0001,0
0053JI0905,0
4001JI8493,0
0115MT0001,0
0095JI0902,0
0093MS0001,0
0047JI0918,0
0111MT0006,0
0048PP0026,0
0043JI0913,0
4132MS5398,0
0077JI0908,0
0042JI0902,0
0069JI1020,0
4084MS4576,0
0131JI0917,0
4135JI5078,0
4131MS3582,0
0056PP0009,0
0030JI0912,0
0009JI0912,0
0130JI0913,0
0022JS0004,0
4109JI3409,0
4001MS7657,0
0002JS0007,0
0071JI0924,0
4001JI1768,0
0045JI0934,0
0043JI0915,0
4043MS7879,0
0067JI0911,0
0117JI0905,0
0130JI0930,0
0083JI0916,0
4062JI1978,0
4062MS4397,0
4069MS6959,0
0035JI0905,0
0045MS0044,0
3032JI3340,0
0054JI0901,0
3005JI2243,0
0055MS0029,0
0008MS3412,0
0004JI0902,0
0032MS0022,0
4102JI3153,0
4117MS4925,0
0069JU0040,0
4076JI8390,0
0024MS0002,0
0136JI0909,0
0025JI0904,0
0041JS0009,0
4063MT3471,0
0029MS0005,0
4094MS8780,0
4028JI3121,0
3117JI1277,0
0008JI0915,0
0044JI0930,0
0098MS0009,0
0078JS0009,0
4004JI5920,0
3005JI1317,0
4062JI2779,0
4005MS4104,0
4043JI2289,0
3062JI8014,0
0102MT3061,0
0067JS0002,0
0069JI0922,0
0077JI0914,0
0044MS0005,0
0117JI3011,0
4085PP0757,0
4026JI9101,0
0096MS0004,0
4095JI8737,0
0069MS0115,0
0100MT0008,0
0001MS0011,0
0033JM0001,0
0098MA0001,0
3085JI8702,0
0092PP0034,0
4030JI3993,0
0031JI0904,0
0037PP0018,0
4004MS8349,0
4077JI1443,0
4001MS7344,0
0101MS0001,0
3070JM7955,0
0019JI0901,0
0062JU0007,0
4005MS7679,0
0073JI0917,0
4055JI1832,0
0119MS0014,0
4085JI2459,0
0106MC0011,0
0005JI0927,0
4001PP6183,0
3119JI6335,0
0073MS0031,0
0085JI0925,0
0006JS0001,0
4001JI8434,0
0005MS0006,0
0032MS0063,0
4075MS4529,0
0029JI0905,0
0111MS0029,0
4063MS4434,0
0004MS0078,0
4063JI2059,0
4135MS7861,0
0064JI0907,0
0092JS0009,0
0074JS0013,0
0044JI0913,0
0006JS0005,0
4085JI2161,0
0068JI0905,0
0088MT0001,0
0097JI0901,0
4081JI6381,0
0123JI0917,0
0055JI0942,0
0024JI0906,0
0028MS0003,0
0132MS2060,0
4133MS9029,0
0062MS0005,0
0038JI0904,0
4045JI8387,0
4133JI2415,0
0030JI0901,0
0062MS0067,0
0062JU0005,0
4133MS6641,0
0015MS0019,0
0010JS0008,0
0117MS0011,0
4062JI1276,0
0012PP0019,0
0125MS0001,0
0043MS0068,0
0007PP0059,0
4062JI1435,0
0009JI0916,0
4053JI1264,0
0063MS0007,0
0055JI0917,0
4131JI3376,0
0062JI0928,0
0005MS0025,0
3094JM8694,0
0049PP0035,0
4106MS4811,0
0087PP0019,0
4003MS4056,0
0013MS0005,0
0129JI0907,0
0016JI0911,0
4072MS6944,0
3010JI8296,0
0112JI0905,0
0130JI0924,0
0006JS0006,0
0001MS0070,0
0112MS0009,0
4085JI1115,0
0045JI0917,0
3111JI6424,0
0079JI0914,0
0105MS0006,0
0003JI0906,0
0039JI0901,0
0006PP0008,0
0008MS0044,0
0009MS0005,0
0098JI0904,0
0030MS0014,0
0130JI0910,0
0136JI0913,0
0062MS0073,0
0070MS2120,0
0055MS0045,0
0079MS0012,0
0069MS0007,0
0012JS0014,0
3043JI3128,0
0042JI0905,0
4069JI2461,0
0110JI0911,0
0069MS0131,0
4109MS4828,0
0095JI0903,0
0060JI0901,0
0075MS0009,0
4044JM7612,0
0001MS0062,0
4095MT4981,0
4098JI1543,0
0131JI0905,0
4081JI1563,0
0112MS0002,0
0054PP0004,0
0045MT0002,0
4117MS7136,0
0068PP0025,0
0018PP0015,0
0025JI0905,0
4136MS4757,0
0044MS0001,0
0133MS3141,0
4085MS6789,0
0008MS0024,0
0094JI0901,0
0028MS0005,0
0002MS0006,0
4008JM9002,0
0132JI0909,0
0016MS0014,0
0002JS0001,0
0071JI0950,0
4043JI1424,0
0085MS0023,0
4133JI1508,0
0051JI0904,0
0085JI0936,0
4083MS7468,0
4100MS7309,0
0093MS0010,0
0089JS0006,0
4077MS6738,0
4085MS6786,0
4135MS4763,0
0066MS0005,0
0113MS0014,0
0058JI0902,0
0077PP0063,0
0062JI0919,0
0032JI0931,0
0030JI0932,0
0069MS0122,0
0085MS0028,0
0026JS0007,0
3005JI2121,0
0111MS0028,0
0079JI0920,0
0059JS0009,0
0107MS0009,0
4099JI7520,0
4004JI1991,0
0045MS0036,0
4125JI5945,0
4007MS6659,0
0131MS3111,0
0085MS0055,0
4132JI5302,0
0032MS0039,0
4052MS4342,0
4116JI8417,0
4055JI1935,0
0116JI0921,0
0111JI0917,0
0047JS0004,0
0110MS0008,0
4131JI3070,0
4125MS6692,0
0112JI0904,0
4083MS8078,0
0089MS0003,0
0025MS0010,0
0008JI0933,0
0071MS0053,0
4111MS7693,0
4096MS8482,0
0032JI0915,0
0129MS0006,0
0100MT0006,0
4062MS3737,0
0068JI0909,0
0001MS2130,0
4069JU7419,0
4001JI8555,0
0062MS0012,0
0085MS0069,0
0095JS0002,0
0026MS3012,0
4131MS8117,0
0033MA0001,0
0030JI0927,0
0062MS0002,0
0016MS0002,0
4063MS8320,0
0083MT0001,0
0129JI0914,0
0068JS0004,0
0134JS0005,0
0055MS3121,0
0069MS0038,0
0096MS0022,0
3119JI6340,0
0004JI0931,0
3043MS6918,0
0117JI0914,0
0072JM0001,0
0001MS0057,0
0012JI0911,0
0119MS0019,0
0132MS0032,0
0092JI0902,0
0007JS0011,0
0004JI0944,0
4131MS4307,0
0008MS0022,0
4083JI5507,0
0019JS0007,0
0093PP0011,0
0053MS0022,0
0009JI0904,0
0069JI0928,0
0048PP0023,0
4073MS7843,0
0062JU0006,0
0062JI0952,0
0065JI0903,0
4001JI1030,0
0012JS0016,0
0002MS2050,0
0085JI0911,0
4097MS4723,0
0083MS0014,0
4109JI3259,0
4083JI8185,0
4069MS4488,0
0098MS0010,0
0004MS0060,0
4096JI5873,0
4129JI5223,0
0069MT0012,0
0085MS0076,0
0119MS0003,0
0117JM0001,0
0003JI0901,0
0132JI0910,0
4097JI2802,0
4001MS7012,0
0014JS0005,0
0002MT0001,0
0085JI0953,0
0073MS0005,0
0106PP0041,0
4055JI1739,0
0043MT0004,0
0130JI0922,0
0085JI0906,0
0119JI0908,0
0069MS0141,0
0004MS0059,0
0008JI0944,0
0001JI0977,0
4100MS6055,0
0129JI0910,0
0007MC0031,0
0099JI0902,0
4117JI7597,0
4085MS8235,0
0074JS0002,0
4133MS7841,0
0048JI0910,0
0049JI0902,0
4001MS8723,0
4095MS4639,0
0114MS0003,0
0108JI0916,0
4043JI1392,0
0036JS0003,0
0055JI0915,0
4061JI8315,0
4053JI2197,0
0069JU0024,0
3100JM8652,0
0045MS0056,0
4005MS8165,0
4117JI7480,0
4062JI3362,0
0055MS0021,0
4063MS8553,0
0045JI0942,0
0005MT0006,0
0084PP0014,0
0062MS0086,0
0069MS0136,0
0059MS0003,0
4027MS4168,0
4119MS8005,0
4007MS6735,0
0071JI0940,0
0001JI0945,0
0037MC0028,0
0120JI0905,0
0093JI0903,0
0001MS0065,0
3069JI6293,0
4135JI7634,0
0005MS0002,0
0073MS0034,0
0017JI0904,0
4100MS8058,0
0062JI0918,0
0087PP0032,0
0044MS0015,0
0098JI0915,0
4111MS9010,0
0030MS0036,0
0114MS0008,0
0106JI0914,0
0043MS0070,0
0095JI0931,0
0001MS0041,0
4005JI9015,0
0113JI0911,0
0083JI0933,0
0116JI0911,0
4043MS2574,0
0097JI0917,0
4069JI1478,0
0061JS0003,0
0116MS2220,0
4025MS4162,0
0069MS0026,0
0120JI0902,0
3109JM7564,0
0007MS0002,0
0002MS0004,0
4063MA4437,0
0005MT0003,0
4133MS7044,0
4005JI5283,0
4005MS7101,0
4133JI6516,0
3117JI1542,0
3100JI2755,0
0001MS0063,0
0113MS0007,0
4069JI3227,0
4069JI5148,0
0053MS0005,0
4004JI3447,0
0064MS0008,0
0077MS0021,0
0047JI0907,0
0135MT0001,0
0085JI0902,0
0014JI0909,0
0082JI0901,0
4008MS7786,0
4133MS8636,0
4005JI1353,0
4001JI8576,0
0015MS0028,0
0020JS0004,0
0124MS0001,0
0044JI0925,0
4007JI1546,0
0073MS0006,0
0111MS0041,0
4083MS7921,0
0074JI0901,0
0069MS0015,0
0111JI0911,0
0001JI0928,0
0032MS0005,0
4083PP5816,0
0061MS0006,0
0117MT0002,0
0096MS0020,0
4111JI2377,0
4123MS4972,0
4069MS6563,0
4001JI3414,0
4032JI8919,0
0077MS3201,0
4095JU7413,0
0052JI0908,0
0133MS0042,0
0001MT0007,0
4062JI3068,0
0100MS0060,0
4111JI2041,0
0010JI0902,0
4132JI5448,0
0095MS0006,0
4100MS8120,0
0073JI0932,0
0013MS0006,0
0131JV0003,0
0062MS0004,0
0099MA0001,0
0137PP0002,0
4008JI1825,0
0070JI0907,0
0097MT0005,0
0063MS0013,0
0027PP0004,0
0081MS0010,0
0025MS0007,0
0004MS0011,0
0064MS0005,0
0085MS0077,0
4045MT4281,0
0071MS0003,0
4107JI6225,0
4020JI2183,0
0073JI0947,0
0136MT0001,0
4116MS8975,0
0077JI0924,0
0085MS0032,0
0028JS0009,0
3069JI6299,0
0016MS0012,0
0062MS0006,0
0075JI0902,0
0049MS0010,0
0060PP0010,0
0072JS0002,0
4083JI8218,0
0133MS0037,0
0096MT0004,0
0052MT0001,0
0102MS0002,0
0129MS0010,0
0029JI0901,0
0010MS3071,0
0030JI0920,0
0077MT0002,0
0007JI0907,0
0097MS3061,0
0052MA3012,0
0057JS0002,0
4077MS4543,0
0016MS0011,0
4117MT4950,0
0120MS0002,0
0079PP0023,0
0001MS0033,0
4113MS4025,0
0085MS0033,0
4100MS4750,0
0036PP0002,0
0001JI0978,0
4130JI1303,0
4047MT3302,0
4133MS5704,0
4004JI3484,0
0003PP0025,0
0090JS0006,0
0111MS0050,0
4109JI1644,0
4071MS6768,0
4032JI1903,0
4116JI2414,0
0106PP0012,0
4135JI5292,0
0007JS0012,0
4047JI2392,0
4015JI2324,0
4063JI2635,0
0083MS0002,0
0077JI0921,0
3096JI2164,0
4089MS4630,0
0063JI0926,0
0089MS0001,0
4111JI3045,0
0014JI0908,0
0063MS0012,0
0102MT0003,0
0135MS0015,0
0008JI0929,0
0106PP0009,0
0005MS0035,0
0079JI0906,0
0129JI0911,0
0117MS0012,0
4116MS8990,0
4085MS6823,0
4109MS3437,0
0062MT0006,0
0026JS0005,0
4119MS4964,0
0098JI0913,0
4096JI8420,0
0070JI0917,0
0061MC0016,0
0103JI0901,0
0105MS0002,0
0032MS0029,0
4136MS7971,0
0116MS0013,0
4069JI1781,0
0127JI0902,0
4083MS7903,0
0100JI0928,0
0008MS0015,0
0040PP0006,0
0137JI0901,0
0117JI0911,0
0119MS0051,0
4114MS7680,0
4035MS4207,0
0100JI0906,0
0135JI0908,0
0061MS3031,0
0045JI0937,0
0025JI0903,0
0025PP0045,0
0115PP0012,0
0069MS0128,0
4026MA5004,0
0043MS0040,0
4131JI8313,0
0130JI0908,0
0015MS0024,0
0062MS0032,0
3135JI2228,0
0081JI0919,0
4085JI3118,0
0097PP0009,0
4001JI8984,0
0062MS0077,0
4069JI3888,0
3069JI6285,0
0052JI0904,0
0117MS0037,0
0036JI0901,0
0005JI0929,0
4116MS8905,0
4001MS3407,0
4062MS8339,0
3116JI8481,0
0098JI0909,0
4112MS4905,0
0021JI0901,0
0135JU0001,0
4004MS4622,0
4097JI1685,0
0011MT0001,0
0001MS0017,0
0119JI0905,0
0053MS0023,0
4069JI8753,0
0073MS0084,0
0023JI0907,0
4069MS6971,0
0043JI0946,0
4083MS7896,0
4015MS4147,0
0023PP0016,0
0004JI0913,0
0135MS0010,0
0095JI0932,0
0030MS0041,0
0009JI0906,0
4063MS8549,0
0077PP0016,0
4062MT4405,0
0018JS0004,0
0016MS0004,0
4069MS6691,0
4081MS4560,0
4043JI2532,0
0123JI0920,0
0112MS0014,0
0058JI0907,0
0054PP0019,0
0025JS0013,0
4135MS5698,0
0111JI0903,0
4131MS8436,0
4109MS7817,0
0100MS0062,0
4004MS7768,0
0084PP0026,0
4015JI6061,0
0019JM0001,0
0076MS0014,0
0099JI0909,0
3111JI6422,0
3001JI1229,0
4001MS8981,0
0099JI0906,0
4044MS7912,0
4130JI9151,0
4135JI1637,0
4100JI1452,0
4069JI6465,0
4119MS6811,0
4107JI6229,0
0117MS3191,0
4061MS8442,0
0093JS0009,0
4100MS4735,0
0100JI0915,0
4021MS7789,0
0056MS0001,0
0132JI0919,0
0015JI0910,0
0018JI0902,0
4005JI1448,0
0043JI0934,0
4083MS8978,0
0062JI0950,0
0135JI0901,0
0031MS3051,0
4053JI6329,0
0106JS0017,0
0078MS0002,0
0110PP0045,0
0115JI0901,0
0085MS0042,0
4008JI1597,0
0083MS0031,0
4044MS7907,0
4069MS6630,0
0064MS3012,0
4070JI1750,0
0136JI0917,0
0040PP0005,0
0085JI0937,0
4094MS4637,0
0120MS0001,0
0035JI0902,0
0031MS0003,0
4001MS8679,0
0007MS0001,0
0033MS0002,0
4085JI1471,0
0043MS0006,0
4071MS6725,0
0054MA0001,0
0133MS0027,0
4083MS6023,0
0062MS0060,0
0047MT0003,0
0025JS0009,0
4096JI6206,0
0069MT0011,0
4069JI2321,0
0013JI0909,0
0069MS0158,0
0032MS0028,0
4062JM7483,0
0011JI0904,0
0023JS0001,0
4119JI1393,0
0011JI0901,0
0121PP0007,0
0088JS0003,0
0128JI0902,0
0036JI0902,0
0022JI0902,0
4083JI6095,0
4028MS7797,0
4055JI9008,0
4008JI2103,0
4083JI2785,0
0131MS0034,0
4044JI1425,0
0119JI0929,0
0105MS0003,0
0078JI0911,0
0087MC0005,0
0001JI0940,0
0028JI0907,0
0026JS0011,0
0002JI0903,0
0062MS0035,0
0073MS0058,0
0004JI0904,0
0036MS0005,0
0073MS0003,0
0001MT0005,0
0083JI0931,0
0131MS0020,0
4100MS4758,0
4109MS8175,0
0065PP0005,0
0033MS0006,0
0132MS0035,0
4109JI3042,0
0123MS0003,0
0095MS0015,0
0008JI0947,0
0045JI0915,0
0032MS0016,0
0069JI0958,0
4117MS7860,0
0069JI0927,0
0076JI0908,0
4071MS4504,0
0018JI0901,0
0103JS0007,0
0048PP0020,0
0095JI0919,0
0097JI0909,0
0012JI0909,0
4097MS7800,0
0119JI0946,0
0102JI0923,0
0107JI0911,0
4016MS8961,0
4062MS4389,0
3111JI9000,0
0001MT0006,0
0094JS0003,0
4047MS9166,0
4008JI2364,0
0004JI0941,0
0004JI0905,0
0020JI0902,0
0133JI0904,0
0066JS0003,0
4116MS6244,0
0069MS0139,0
0004JU0002,0
0043JI0925,0
0015MS0013,0
0111MS0035,0
0069JI0914,0
0069MS2560,0
0082JS0004,0
0130JI0921,0
4131MS6555,0
4004MS4074,0
4001JI2332,0
0094JS0004,0
4083MS8061,0
4069MS6551,0
4062MS7129,0
0001MS0073,0
4085JI1986,0
4004JI2475,0
0045MS0029,0
0070JS0007,0
0034JS0005,0
4111JI2055,0
0028MS0002,0
0047MS0008,0
0050MS0004,0
0048JI0909,0
0133MS0020,0
3109JI6312,0
4045JI3416,0
0073MS0043,0
4116MA1482,0
3005JI1316,0
0082PP0016,0
0025JS0014,0
0007MS0009,0
0073MS0086,0
0071MS2200,0
4106JI2102,0
0001JI0961,0
0009MS0010,0
4062MS4418,0
4063MS8713,0
4100JI0417,0
0032MS0006,0
4069JI1492,0
4132MS6749,0
4136JI2077,0
0077JS0012,0
0073JI0911,0
0073JI0929,0
0062MS0049,0
0062MS2300,0
4099MA5010,0
4102MS6869,0
4010MA5969,0
4030MS4187,0
0105PP0007,0
4083JI8380,0
0075JI0901,0
0111JM0002,0
0111JI0931,0
0039JI0903,0
0043JI0950,0
0055MT0005,0
4007JI5576,0
0071JI0929,0
0004MS0065,0
0119JI0933,0
4132JI3683,0
0070JI0912,0
0133JI0925,0
0083JI0923,0
0133MS0021,0
0059MS0001,0
4032JI1764,0
4015MS8280,0
4096MS5370,0
0043MS2680,0
0034JS0010,0
0077MC0008,0
4125JI8795,0
4071JI3290,0
0130JI0909,0
0086MT0002,0
0072MS0005,0
4077MS8838,0
4062MS7683,0
0085MS0001,0
0079JS0004,0
0014MS3071,0
4119MS4967,0
4069JI2448,0
0025JI0911,0
0081JI0922,0
0055JI0928,0
0098JI0919,0
0102JI0902,0
0132MS0007,0
0102MT0002,0
4069MS5716,0
4116MS8956,0
0083MS0019,0
0015JI0919,0
0098MS0004,0
0032MS0026,0
0015MS0021,0
0118JS0003,0
0108JI0901,0
0032MS0025,0
0051JI0902,0
0081JI0907,0
4131MS5700,0
0028JI0917,0
0117JI0917,0
4069JI3069,0
4096JI1883,0
0047MS0001,0
3094JM8497,0
0130JI0929,0
0069MS0138,0
4083MS7925,0
0024JS0010,0
0117JI0927,0
0014JI0906,0
0123JI0919,0
0069MS0171,0
0005JI0926,0
0056JS0004,0
4009MS4134,0
0001MS0013,0
4069MS5744,0
4016MS5787,0
0095MS0021,0
4095JI7512,0
0077JS0004,0
0008MS0020,0
0024MT0001,0
0077MS0022,0
0056JI0906,0
0049PP0023,0
4043JI3395,0
0045MS0037,0
0044MS0010,0
0055MS0036,0
0079JS0003,0
0073JI0945,0
0130JI0904,0
0045JI0907,0
0090JI0903,0
0008JI0951,0
0083MS0024,0
3061JM7375,0
0016JI0914,0
4004MS3533,0
4069MS7709,0
4062JI6579,0
4004MS4084,0
4032JI3449,0
0071JI0908,0
4069JI3878,0
0066JI0906,0
4069JI2146,0
0067MS0006,0
0130MS3121,0
4062JI7527,0
4097MT4979,0
0004MS0050,0
0001JI0912,0
0049JI0912,0
4102JI2867,0
4096MS6929,0
0043JI0910,0
3005JI3503,0
0090JS0005,0
0110JS0002,0
0063MS0009,0
0049JI0909,0
0071JI0949,0
0069MS0110,0
4136MS4706,0
0071JI0951,0
0075MS3011,0
4001JI8392,0
0005MS0027,0
4131MS4285,0
0134JI0904,0
0060PP0018,0
4121MS6088,0
0069MS0061,0
0110JS0003,0
0071JI0934,0
0117JI0906,0
0054JI0902,0
4117JI2426,0
0001MS0004,0
0067MT0002,0
0128JI0901,0
0071JI0928,0
4069MS2086,0
0063MS0003,0
3043MS6922,0
4001MS6945,0
4095MS7720,0
0085JI0920,0
0084MS3041,0
4116JI5406,0
4062MS6858,0
0103MS3021,0
3001JI1230,0
0092MS0004,0
4107JI2449,0
4102MS4806,0
3119JI6338,0
4111JI1415,0
0019JI0908,0
0107JI0915,0
4102MS8938,0
0117MS0010,0
0054MA2010,0
0117JI0903,0
0125MS0004,0
0087JS0008,0
0132MS0026,0
4100MS4769,0
0079MA0001,0
0069JI0916,0
0097MS0003,0
0111JI0914,0
4004JI8504,0
0083MS0023,0
0104MS0001,0
0069MS0089,0
0062MS3021,0
4043MS6520,0
0097JI0916,0
0001JI0956,0
0010JS0001,0
0121JI0904,0
4001JI1333,0
0074JS0005,0
0102MT0006,0
4069MS9028,0
4085JI8532,0
0030JI0916,0
4111JI6451,0
0019JI0903,0
0015JI0906,0
0105JS0005,0
0001MA0001,0
4055MS7824,0
0069MS0027,0
0043JI0933,0
0119JI0918,0
0101JS0001,0
0073MS0021,0
4133MS7842,0
3043MS8710,0
0102MT0001,0
0001MS0015,0
4096MS7290,0
0106JI0904,0
4111JI1458,0
0055MS0042,0
0001MS0083,0
0008MS0029,0
0045JI0908,0
4130MS8290,0
0025MS0008,0
0085JI0967,0
4133JI2141,0
0055MS0009,0
0107JS0010,0
0079MS0013,0
4071MS5721,0
0082MS0001,0
0107JI0904,0
0085JI0946,0
0077MS0001,0
0080MA0001,0
4004MS7382,0
0085MS0017,0
0110MS0001,0
4071JI3740,0
4073JI8031,0
4136MS8151,0
0119MS0045,0
0016JI0915,0
0105MS0001,0
0116JI0929,0
0005MT0007,0
0090PP0008,0
0055MS0043,0
0038PP0022,0
0071MS0036,0
0121MS0003,0
0059PP0004,0
0111MS0055,0
4095MS7253,0
4067MS6781,0
0002JI0902,0
0032MS0041,0
4131JI2533,0
4097MS6799,0
0022JI0901,0
0069JI0974,0
0110MT0001,0
0085JI0975,0
0035JI0901,0
4043MS7885,0
4045JI2343,0
0078JS0008,0
0111JI0920,0
0071MS0076,0
4081JM8506,0
0119MT0002,0
0044MS0014,0
0002JS0005,0
0133MS0015,0
0007JI0905,0
0058MS0002,0
4083JI1511,0
0026PP0038,0
0085MS0024,0
0032MS3621,0
4073JI2604,0
4096JI2974,0
0049JS0006,0
0001MS0012,0
4116MS8998,0
0077JS0002,0
0007JS0005,0
0061JS0011,0
4001MS6619,0
0073JI0960,0
4045JI2812,0
0018MS0003,0
4055MS8775,0
0016MC0033,0
0110PP0054,0
0028JI0912,0
3117JI6372,0
0096MS0014,0
0032MS0048,0
0063JI0917,0
0132JI0904,0
0025MS0003,0
0011JM0002,0
4081MS7753,0
0107MS3061,0
3005JI1045,0
0102JI0917,0
0032MS0060,0
4036MS4208,0
0001MS0064,0
0040MS0002,0
0102MS3011,0
0029MS0003,0
0071MS0067,0
4083JI2111,0
4008JI2712,0
0044MS0002,0
0063JS0004,0
0108JI0907,0
0078JI0909,0
0043JI0917,0
4069JU8667,0
0047JI0917,0
0069JI0968,0
0103JS0009,0
0132JI0920,0
4133MS6640,0
4099JI9007,0
4096JI1638,0
4008MS4119,0
3005JI1320,0
0085JI0932,0
0077JI0923,0
0061JS0014,0
0032MS0062,0
3069JI6289,0
0052MS0002,0
4069MS4468,0
0059JS0013,0
0024MS0005,0
3100JM8205,0
0017JI0910,0
0093PP0025,0
0001MS0014,0
0018MC0009,0
0085JI0966,0
0008JI0920,0
0078JI0903,0
0004JI0951,0
4032JI1322,0
0132MT0003,0
4062MS5729,0
0071MS0017,0
0030MT0001,0
0096MS0019,0
4031JI2970,0
0111MT0007,0
0040MS0001,0
4136JI1040,0
4069MS4485,0
0008JI0905,0
0008JI0938,0
0073JI0906,0
0131MS0023,0
0108PP0058,0
0096JI0902,0
4001JI8750,0
3043MS8704,0
4096MS4669,0
0075JI0911,0
4062MS5685,0
0091JS0003,0
0019JS0002,0
0012PP0037,0
3117JI1272,0
0024JS0007,0
0095MS0024,0
0004MS0018,0
0113MS0005,0
0097MS0018,0
0001JI0967,0
0032MS0030,0
4001JI2240,0
0007MS3121,0
4109JI3331,0
0055MS0002,0
4069MT5774,0
4085MS7723,0
0016JI0903,0
4047MS4332,0
4043MS8868,0
0087JS0009,0
0092JI0905,0
0043MS0025,0
0048JI0903,0
4119MS6831,0
0131JI0914,0
0085MS0052,0
0032MS0007,0
0057JS0003,0
0005JI0910,0
0069MS0184,0
0097JI0927,0
3096JI1202,0
0055JI0927,0
0062MS0045,0
0085MS0041,0
0045MS0003,0
0133MS0030,0
0097JI0919,0
0116MS0011,0
0006JI0903,0
0055MS0048,0
0069MS0040,0
4062JI8130,0
0069MS0167,0
4071MS5255,0
0117MT0001,0
0062JU0009,0
4130JI8796,0
0045JI0921,0
4002MS4052,0
0115JI0902,0
0085JI0964,0
0073JI0946,0
0073JI0962,0
0116JI0920,0
0008MT0001,0
0014MT0001,0
4136JI3854,0
0037PP0007,0
0003JS0002,0
0007JS0001,0
0024MS0001,0
0101PP0009,0
0069JU0038,0
0085MS0060,0
0045MS0025,0
4083JI6138,0
0073JI0963,0
0058MT0001,0
0129JI0912,0
0060PP0023,0
0087JI0903,0
0085MS0044,0
3075JI8757,0
0069MS0112,0
4047JI7486,0
0091PP0010,0
0008JI0923,0
0070MT0002,0
0069MS0057,0
0062JI0922,0
4117MS6870,0
0061JI0905,0
0071JI0913,0
0083MT0002,0
4044MS4249,0
4001MS5361,0
0016MT0001,0
0005JI0935,0
0069MS3381,0
0069JU0001,0
0073MS0066,0
0020MS0001,0
0025MS2110,0
0074JS0007,0
0051PP0020,0
4062MT4408,0
0069JU0005,0
4069JI8569,0
0049JS0002,0
0102JI0916,0
0043MS0062,0
0070MS0010,0
0069MS0071,0
4083MS4572,0
0059JI0911,0
4004MS4088,0
4123JI6485,0
4083MS5322,0
3117JI2366,0
0053JI0915,0
0085JI0974,0
0032JI0949,0
4096JI2780,0
4117JI1384,0
4095JI7937,0
0001MM2351,0
0069JI0943,0
0041MS0004,0
0085MS0037,0
0137MS3011,0
0045MS0033,0
4001MS7651,0
4096MS4700,0
0133MT0003,0
0043JI0901,0
4062JI2471,0
0074JS0001,0
4109JI5557,0
0071MS0060,0
0049MS0009,0
0123MS0007,0
0102MT0005,0
0021JI0902,0
0109MS0002,0
0105JI0903,0
0069JI0913,0
0066JM0001,0
0129JI0906,0
0053JI0914,0
0055MS0033,0
4004JI2791,0
0016JS0004,0
0003JI0908,0
0012MT0001,0
0111MS0015,0
0073JI0948,0
0099JI0914,0
0008JI0908,0
0048MS2020,0
0055MS0050,0
4067MS8849,0
0102MT0004,0
0097JI0926,0
4004JI5814,0
0017MT0001,0
0054JS0004,0
4043JI7676,0
0111JI0929,0
0043MS0059,0
0056MS0003,0
0129JI0917,0
0024MC0003,0
4121JI5604,0
0016MS0005,0
4109MS4845,0
0069MS0011,0
0130JI0931,0
3092JM8820,0
4096JI6262,0
0091JI0903,0
0030MS0019,0
0092JS0001,0
0109JI0901,0
0037MS0001,0
0015JI0911,0
0126JM0001,0
0063JS0005,0
0022JI0909,0
0102MA0001,0
3005JI2096,0
0070JI0915,0
0071MT0001,0
0055JI0926,0
4109JI2130,0
4096MS4666,0
4001JI1324,0
4109JI8925,0
0069JI1005,0
4044PP9000,0
0079JS0001,0
0053JS0001,0
0032MS0004,0
3089JM7718,0
0053MS0016,0
0055MT0001,0
0119MS0030,0
0062MS0074,0
4032JI8030,0
0093MS0008,0
4136MT4755,0
4087MS4626,0
0135JI0910,0
4083MS7901,0
0016MS3081,0
0060PP0017,0
4095JI1929,0
4035MA4205,0
0073MS0001,0
0069MS0021,0
0085JI0958,0
0008MS0002,0
4133JI2000,0
0074MS0001,0
0083JI0910,0
0117JI0919,0
0069MS0010,0
4015MS4148,0
3001JI1233,0
4102MS3378,0
0091MS0001,0
0064MS0003,0
0081JS0009,0
0009JS0002,0
0086JI0901,0
0045MS0049,0
4071MS6723,0
4001JI5462,0
0033JM0002,0
4085MS4611,0
4069MS8664,0
0062JI0906,0
4084MS4575,0
0071JI0918,0
0006JI0906,0
4131MS7079,0
0016MS2120,0
4061JI2278,0
0111MS0040,0
0098JI0911,0
4055JI2912,0
0133JI0929,0
0061JI0912,0
0079JI0918,0
4071MS6767,0
3092JI2034,0
0073JI0921,0
0040JI0902,0
0010MS0006,0
0100JI0911,0
4004MS7765,0
0119JI0927,0
0033JI0902,0
0060PP0031,0
0020JS0007,0
0116MS0016,0
0005MS0008,0
4095JU7411,0
0062JU0003,0
4069JI1466,0
0069JU0037,0
0135JI0913,0
0109MS3081,0
4069JI8522,0
0113JI0913,0
4135MT4800,0
0015JI0923,0
0049JS0012,0
4062JI1772,0
0136JI0908,0
0069MS2840,0
0117JI0921,0
0030MS0035,0
0066MS0007,0
0105JS0006,0
0129MS0001,0
0047JI0921,0
0131JI0920,0
0069MS0142,0
0130JI0903,0
0135MS0022,0
0133MS0036,0
0116MS0031,0
3111JI6421,0
0081JI0901,0
4069MS7710,0
0069JI1015,0
0045MS0013,0
0089JS0002,0
4055JI1624,0
4055JI7633,0
0073MS0040,0
0085MS0002,0
0027PP0053,0
0013MS0008,0
0089JI0908,0
0022MS0005,0
4004MS7143,0
0049MS0003,0
0106JI0902,0
0069JU0033,0
0085JI0950,0
0104JI0901,0
0053JI0902,0
0016JI0912,0
0073MS0013,0
0069MT0005,0
0069MS0014,0
0053MS0006,0
0001JI0986,0
0062JI0934,0
0038MC0022,0
0096MS0009,0
0100MT0004,0
4096JI1694,0
0131MS0016,0
0062JI0917,0
0025MS2011,0
3005JI2261,0
0015MS0025,0
4062JI8464,0
4001JM7489,0
0133JI0931,0
4119JI3443,0
4109MS3391,0
4102MS3532,0
4015JI2156,0
0045MS0053,0
0077JS0008,0
0045MS0011,0
4088JI9000,0
0089JI0907,0
0004JI0954,0
0055MS0014,0
4133JI2716,0
0109MS0004,0
0071MS0033,0
0135MS0003,0
0040MS3061,0
0069MS0003,0
0079JI0911,0
0077MS0006,0
0015MS0010,0
0055JI0904,0
0019JI0902,0
0114JI0905,0
0061JS0009,0
0085JI0928,0
0118MA0001,0
4119MS8164,0
4005MS4092,0
0013MT0001,0
0077JI0929,0
4083JI2165,0
4069JI2761,0
0069JI0904,0
4083MS4567,0
0042JS0002,0
4032JI5126,0
0084MS0001,0
0071MS0006,0
0064PP0040,0
4131MS7851,0
4116MS4911,0
0077JI0906,0
0067JI0907,0
0058JI0903,0
4045MS4267,0
0018JS0005,0
0075MS0016,0
4096JI5976,0
4063JI7977,0
0085MS0039,0
0117MS0031,0
0010JI0908,0
0039MS0001,0
0067JI0908,0
0071MS0004,0
4043JI6414,0
0001JI0922,0
4102JI9122,0
0119MS0007,0
4055MS4351,0
0054JS0002,0
4069JI8539,0
3109JI6309,0
0041JS0004,0
0071MS0039,0
4119MS4958,0
0005JI0924,0
0105JI0902,0
0084MT0001,0
0055JI0914,0
0030JI0908,0
4062MS4392,0
4071MS6726,0
0109MT0003,0
0071MS0021,0
4069MS4487,0
4076MS8213,0
3026JI1519,0
3001JI8571,0
0093JI0901,0
0084JI0901,0
4097MS6854,0
0130MS0008,0
0073MT0003,0
4132MS7244,0
0096MS0021,0
0059JI0908,0
0098MT0001,0
0083JI0919,0
0001MT0004,0
0064JI0902,0
0073MS0014,0
3001JI1234,0
0131JI0901,0
0025JI0915,0
0111MS0056,0
3062JI8013,0
4083MS7898,0
0005JI0903,0
0036JI0905,0
0004MS0020,0
4055MS4354,0
0074JS0009,0
0083JI0926,0
0047JI0905,0
0073MS0065,0
4112MT5512,0
0010MS0005,0
0066MS0008,0
0062MS0085,0
0062MS0011,0
3005JI1719,0
0068MT0001,0
0051JS0008,0
4117MS4926,0
0004MS0009,0
0010JS0006,0
4069JI2611,0
0119JI0915,0
0049JI0901,0
0065PP0015,0
0069JI1002,0
4032JI6013,0
0087JS0011,0
0081JS0006,0
0112MS0013,0
0005MS0030,0
0078JI0905,0
0057JI0903,0
4117JI7793,0
0077JI0911,0
4062JI5493,0
3005JI6379,0
4100MS7098,0
0084MS0006,0
0043MS0077,0
4119MS8113,0
4001MS8915,0
0001MS0096,0
4111MS7698,0
4043MS4222,0
0098MS0012,0
0107JI0907,0
0042MS0003,0
0043MS0030,0
0064JS0011,0
4043MS4213,0
0032MS0014,0
0096MS0018,0
4116JI9018,0
3111JI6419,0
0047MS0013,0
0126JS0001,0
4069MS4490,0
4096MS4679,0
0071JI0909,0
0072JI0908,0
0117MS0015,0
0008JI0932,0
0130JI0905,0
4100JI2044,0
0049JI0903,0
0041JS0001,0
4030MS7121,0
0098JI0905,0
4043JI1941,0
0108JI0903,0
0013JI0907,0
4067MS3941,0
3005JI2032,0
0069MS0120,0
0058JI0905,0
4117MS4940,0
4043JI3957,0
0007JI0903,0
0116JI0909,0
4085MS4587,0
4062MS6653,0
0039PP0015,0
0069MS0102,0
4094JI3397,0
4035MS4204,0
4109MS4867,0
0071MS0050,0
3070JM7358,0
4119JI1854,0
0069MS0176,0
0005JI0909,0
4069MS5203,0
4117MS4916,0
4007MS4108,0
4100MS7159,0
4117MS4922,0
0116JI0910,0
0087JS0013,0
3075JI6473,0
0106JS0007,0
4097JI1545,0
0100JI0922,0
4069MS4477,0
0089MT0001,0
0061JI0901,0
4001MS4019,0
4043MT4227,0
4111JI3055,0
0099JI0912,0
0055MS0037,0
4043JI3149,0
4092MA4635,0
0117MS0004,0
4116MS5224,0
4097MS7125,0
4015MS8270,0
0043MS3741,0
0117MS0030,0
0073MT0004,0
4015JI8249,0
0071MS0008,0
4045MS4253,0
4055JI7891,0
0062MS0051,0
4069JI3992,0
0073JU0001,0
0071MS0073,0
4119PP5961,0
0099MS0012,0
0133MS0005,0
0025MS0005,0
4043JI3009,0
0100JI0912,0
4069JI6606,0
0127JS0002,0
0013JI0901,0
0014MS0009,0
4014MS4146,0
0062MS0079,0
4077MS4541,0
0077JS0005,0
0086MS0007,0
3045JI2052,0
0129JI0918,0
0119JI0949,0
0102JI0926,0
0070MS0013,0
4069MS8104,0
4062MS6648,0
4083MS6401,0
4030MS3994,0
0027MS0009,0
0078MS0006,0
0062MS0028,0
0069JI1008,0
0132MS0023,0
4032MS6817,0
0004JI0926,0
0108JI0909,0
4062JI1925,0
4014JI8324,0
0009JI0905,0
0027MS3081,0
0026JS0008,0
4117MS4924,0
4109JI2170,0
4069MS8794,0
0004JI0950,0
0001MS0092,0
4132JI1608,0
4067JI3996,0
0018JS0009,0
4077JI1648,0
4085JI1475,0
0133MS0032,0
4004MT4080,0
0119JI0936,0
4111MS8149,0
0047MS0023,0
0071MS0059,0
4047JI1741,0
0001MS0034,0
4055JI2014,0
4069JI3557,0
4055JI2972,0
0085JI0971,0
0076MS0002,0
0062MS0053,0
0069JI0988,0
4030MS8413,0
0019MA0001,0
4069JI1928,0
0109JI0911,0
0040PP0016,0
0064JI0908,0
4095MS4645,0
4085JI7581,0
0117JI0915,0
4117JI2066,0
4100MS5753,0
4116MS7118,0
0069MS0113,0
0083MS0007,0
4053MS4343,0
0023JS0010,0
4063PP6249,0
0076JI0904,0
0077JI0918,0
0133JI0928,0
0052MA0001,0
0004MS0026,0
0001JI0911,0
0006MS0006,0
0108JI0911,0
0045MT0004,0
0073JI0939,0
0069MS0155,0
0097MS0021,0
0111JI0915,0
4096MS5681,0
0094MS0001,0
0133JI0910,0
0117MS0027,0
0111MS0031,0
0095JI0924,0
4008MS4111,0
0073JI0919,0
0059PP0034,0
0026PP0030,0
4043MS3168,0
0133JV0001,0
0066JI0907,0
0025JS0002,0
3109MS1488,0
0029JS0002,0
0070JI0914,0
4044MS6154,0
0119MS0055,0
0102JS0011,0
4102MS5347,0
0096MS0013,0
0133JI0930,0
0111MS0006,0
3094JM7443,0
0018JS0003,0
0114MS0009,0
0075JI0913,0
4030JI1881,0
0071MS0051,0
0013JM0001,0
0095JI0927,0
0009MS3012,0
0069JU0034,0
0133MS0008,0
0130JI0912,0
4131JI6072,0
0005MS0007,0
0123MS0010,0
0004MS0080,0
0006PP0037,0
0043MS0002,0
4008JI5950,0
4055MS7077,0
0117JI0928,0
4069MS6676,0
4063MS7346,0
0037PP0015,0
0132MS0014,0
0132MS0022,0
0004JI0947,0
0051MC0006,0
0136JI0904,0
0069MT0015,0
0111MT0002,0
0008MS0030,0
0123JI0909,0
0018MT0001,0
0090MS0002,0
0043MS0016,0
0001JI2661,0
0065PP0017,0
0119MS0038,0
4062JI1896,0
0069MS0157,0
4045MS4257,0
0123MS0009,0
0076JS0013,0
4033JI0170,0
4061MS4378,0
0034PP0009,0
0069MS3031,0
0027JS0004,0
0062MS0010,0
4001MS4013,0
0016MS0009,0
0069MS0097,0
0092JI0908,0
0111MS0052,0
4085MS4593,0
0024PP0010,0
0069JI0984,0
4136JI1375,0
0009JI0917,0
0029MT0001,0
0051PP0008,0
0085MS0022,0
4069MT4469,0
0106MS0010,0
0091JS0001,0
0090MS0003,0
0021MS2010,0
4073JI3732,0
4069JI1860,0
4071MS4501,0
0100JI0935,0
0027JI0905,0
4085MS4608,0
0093MT0001,0
0004MS0024,0
4085JI5109,0
4095JI3274,0
0041JI0901,0
4075JI1932,0
0004MS0039,0
0119JI0913,0
0068MS0007,0
0075PP0011,0
0033JI0906,0
4116PP8473,0
0004MT0002,0
4043MS6966,0
3032JI1806,0
0050MC0019,0
0015MS0002,0
4069BS6666,0
0095MT0001,0
0091MS0002,0
0032JI0939,0
0111JI0905,0
0117MS0023,0
4015MT8191,0
0119JI0952,0
0119JI0937,0
0071MS0057,0
0123MT0002,0
0043MS0034,0
0092JS0004,0
4004MS9134,0
0069MS0159,0
0081JS0010,0
4032JI3528,0
0019JS0005,0
4071MS7916,0
0058JS0001,0
0069JI0977,0
0116MS0006,0
0124MS0003,0
4062MS8148,0
4083MS7899,0
0051MS0001,0
0055JI0932,0
0089MC0010,0
4073MM2863,0
0106JI0913,0
0026PP0006,0
0083JI0920,0
0135JI0916,0
0124JI0903,0
0070JI0908,0
4125MT4976,0
4055MS7062,0
0078MS0005,0
0008MS0019,0
4119JI2318,0
0116MS0015,0
4001JI1525,0
4111MT4987,0
4004JI3005,0
0010JS0010,0
0132JI0916,0
0061JI0902,0
0074JS0008,0
4100JI2169,0
4097JI5155,0
0062MT0007,0
0055JI0939,0
0059MT0001,0
0062JI0910,0
0136MS0001,0
0096AS0001,0
4111MS7218,0
0083JI0911,0
4005MS6656,0
3043MS8712,0
4095JI5877,0
0098MS0013,0
0113JI0915,0
0069MS0076,0
0083MS0015,0
0103MS0002,0
0028MS0010,0
0058JI0908,0
0002MS0003,0
0135MS0019,0
4130MS4176,0
0111JI0935,0
0133MS0023,0
0117MS0019,0
0010JS0003,0
4055MS7087,0
0011MS0003,0
4001MS1947,0
0076JI0917,0
0131MS0007,0
0070PP0029,0
4096MS4671,0
0043MS0057,0
4063JI8560,0
0001JI0955,0
0131MS0036,0
4001JI8317,0
0100JI0917,0
0005JI0915,0
0057JI0902,0
0077PP0025,0
4071MS9136,0
4081MS4559,0
4131JI8524,0
4111JI3418,0
4069MS7714,0
0064MA0001,0
0053MS0021,0
4001JM8639,0
4135MS6798,0
0057JI0905,0
4043JI8801,0
0003JS0005,0
0008MS0007,0
0063JI0919,0
4132JI5095,0
0016MS0008,0
4083MS5040,0
0034JS0009,0
4111JI5182,0
4059MS4371,0
0081MS0013,0
4031MS8180,0
0108JS0003,0
0001MS0084,0
4095JU7412,0
3109JI3082,0
0085MS0057,0
0069MS0012,0
0111MT0003,0
4062MS8759,0
3032JI3306,0
0045JI0912,0
0026JI0913,0
4063JI1344,0
0112MS0001,0
0043JS0001,0
0062MS0007,0
0059MS0008,0
4055MS8356,0
0069MS0168,0
0095MS0007,0
4062JI1798,0
0028JI0916,0
4069MS5738,0
0098JS0003,0
0081JI0920,0
4085MS8696,0
4069JI2525,0
0135MS0007,0
0090MT0001,0
0069MS0067,0
4055MS4359,0
0069MS0162,0
0111MT0005,0
4100MS4778,0
0110MS0010,0
0076JI0912,0
0080JS0003,0
0007JS0015,0
0040JS0009,0
0100JI0925,0
0107JI0920,0
4130MS7774,0
0093PP0007,0
4005JI5668,0
0073MS0036,0
0069JU0008,0
3100JI1871,0
0024MS0003,0
0057JS0001,0
4029JI1688,0
0005MS0033,0
0069MS0082,0
4001MS8606,0
0083JI0925,0
0066MS0004,0
0032JI0902,0
0020JI0903,0
4097MS7801,0
3117JI1785,0
0129JI0908,0
0022JS0003,0
4043MS3827,0
0105MC0012,0
0081JS0007,0
0015JI0908,0
4062JI3291,0
4001MS4024,0
3043JI6315,0
4135PP0870,0
0135MS0024,0
4017MS4151,0
0059JI0903,0
4043JI5407,0
0087PP0018,0
0043JS0002,0
4043MS4214,0
4001JM7383,0
4085JI5847,0
0095MS0010,0
4069JI5807,0
0118MS0002,0
4093MS8627,0
4030JI6254,0
0061JS0004,0
4001JI1890,0
0036MS0001,0
0045JI0939,0
0026MS0002,0
0043MS0072,0
0006MS0007,0
0117JI0913,0
4005MS7067,0
0097MS0025,0
0110JS0006,0
0079JI0902,0
4073MS8786,0
0078JI0906,0
0047JI0908,0
0095JI0904,0
0062JI0947,0
4111JI5197,0
3098JI8769,0
0107JI0910,0
0047MS0002,0
0012MS0009,0
0052JI0907,0
0069MS0116,0
0011MS0004,0
4004MS4076,0
0069MS0129,0
3001JI8706,0
0030JI0909,0
0077MS0016,0
0001JI0915,0
0032JI0928,0
4043JI3492,0
4102JI2450,0
4109JI2168,0
0085JI0959,0
0081JS0002,0
4001MS3411,0
4132JI2355,0
4043MS9176,0
0038MS3021,0
3109JI6310,0
4022MS6684,0
4043JI3396,0
0005MS2011,0
4123JI8743,0
0047JI0919,0
0116JI0925,0
0038JS0007,0
0006MS0005,0
0025MS2010,0
0077MS0017,0
4015MS7892,0
0085MS0066,0
0133JI0921,0
0093JS0006,0
0062JI0931,0
0007JI0909,0
4085JI1487,0
4133MS8808,0
0032JI0905,0
0072MS0001,0
0047MS0018,0
4083JI9125,0
0081JI0917,0
4085MS8163,0
0085MS0026,0
0069MS0108,0
0100MS0055,0
4004MM8256,0
4095MM7732,0
0062JI0903,0
0038JS0004,0
4030MS8341,0
4116MS5093,0
4043MS4211,0
4078JI2992,0
0085MS0083,0
4116JI7984,0
0131MS0012,0
0009JS0008,0
0007JI0918,0
0119MS0048,0
0059JS0001,0
0049MS0005,0
0132JI0925,0
0063JI0914,0
0069JI0964,0
0056MT0001,0
0013MC0026,0
0062MS0048,0
4136JI8958,0
0097JI0912,0
0055MS0047,0
4135MS4767,0
4106MS3590,0
4004JI1855,0
0066JS0006,0
0012JS0011,0
0085JI0930,0
0037PP0009,0
0111MS0044,0
4131JI3805,0
0095JI0914,0
0107JI0905,0
4001MS6323,0
0061MS0007,0
0053MS0013,0
0076MT0002,0
4133PP6613,0
4043MS4221,0
0011JI0902,0
4043JI2469,0
4030MM6111,0
0069MS0025,0
0100MS0040,0
0069JU0025,0
0069MS0070,0
4100JI8678,0
4032MS7149,0
0018JS0007,0
4130JI8521,0
0001MS0078,0
4061MS4377,0
4123MS6486,0
0085JI0916,0
0070MS0014,0
4069JI5863,0
0099MS0011,0
4012JI6477,0
0039JS0001,0
0043MS0033,0
0125JI0904,0
0071MS2130,0
4136MS7913,0
0069MS0105,0
0032MT0001,0
3119JI6336,0
0060JM0001,0
0130MS0003,0
4069MS8459,0
0062MS0041,0
4045JI3284,0
0077MS0013,0
0091JS0006,0
0049PP0039,0
0001JI0969,0
4107MA1962,0
4085JI3310,0
0097JI0911,0
0008MS0043,0
0047MS0009,0
0078PP0018,0
0119MS0017,0
4117JI1468,0
0069MS0074,0
0084JI0906,0
4097JI2189,0
0012JS0008,0
4055MS4997,0
4098JI8673,0
4008MM4126,0
0064PP0033,0
0025PP0024,0
4007MS4107,0
0015JI0902,0
0080JI0902,0
0026JS0003,0
4119JI1875,0
0038JI0902,0
0043JI0908,0
4045JI5136,0
4070MS8574,0
0109MS0007,0
0111MS0032,0
0131MT0003,0
4055MS4349,0
0005JI0919,0
4001MS4023,0
0013MS0011,0
0050MS2010,0
0021PP0009,0
0003MS0002,0
0108MS0004,0
0056JI0901,0
4055JI2751,0
0077JS0003,0
4129MS6895,0
0069JU0020,0
0083MS0040,0
0045JI0933,0
0116JI0915,0
4083MS8659,0
4001JI8738,0
0057MS0004,0
0064JS0001,0
0069JI0926,0
4102JI2378,0
0083JI0943,0
3043JI3554,0
0009JI0908,0
0014JI0907,0
4073MS7231,0
0043JI0949,0
0125JI0901,0
4043JI5803,0
0075JI0904,0
0001JI0948,0
0130JI0901,0
0095MT0003,0
0085MT0003,0
0056JI0902,0
0042JI0901,0
0004JI0909,0
4008JI7989,0
0015MS0003,0
0081MS0003,0
0081PP0037,0
4066JI1789,0
0078JI0902,0
0035JS0001,0
0116MT0003,0
0004MS0072,0
0111MS0002,0
4001MS4006,0
0005JI0928,0
4069MS6576,0
4062JI3767,0
4043JI1828,0
4071JI1108,0
0001JI0965,0
0068JS0003,0
4069JI2937,0
0100MS0045,0
0076JS0002,0
0071JI0916,0
0099JI0901,0
0019MS0001,0
0087JS0006,0
0064JS0006,0
0004MS0036,0
4032MM9007,0
0075MS0020,0
4131JI1486,0
0097JS0003,0
0030MS0029,0
4100JI1106,0
0044JI0911,0
0043JI0951,0
3010JI2230,0
4004MS5684,0
3043JI3871,0
0057JS0009,0
0069MS0174,0
0100JU0001,0
0126MS0002,0
0032MS0021,0
4028MS7796,0
0010MS0004,0
4062MS7682,0
4075MS8551,0
0031JS0003,0
4062MS8174,0
0132MS0012,0
4117JI1474,0
0042JI0904,0
0062MS0072,0
0062JI0926,0
0035MS0003,0
0103JI0902,0
0069MS0084,0
4004MS5116,0
0044JI0918,0
0063MS0005,0
0081MS0007,0
0043MS0053,0
0025PP0038,0
0117MS0006,0
4109JI2743,0
0081JI0924,0
0119MS0035,0
4062MS6483,0
0062MS0055,0
0069MS0052,0
0008JI0918,0
0099MS0010,0
0048JI0905,0
0027JI0909,0
0062MT0005,0
0024JS0004,0
0053MS0009,0
0013MS0007,0
3069JI6286,0
4111JI6020,0
0135MS0016,0
4111JI1088,0
4131MS7859,0
0096MS2060,0
4102JM8184,0
4075JI2225,0
4085JI1770,0
0135MS2050,0
0062JI0953,0
0062MS0078,0
0137JM0001,0
0111JI0919,0
4070MS4495,0
0102MS2040,0
0135MS0006,0
0068PP0006,0
0062JI0936,0
4100MS4781,0
4043JI2203,0
0068JS0005,0
3117JI1274,0
4030MS3831,0
0111MS0049,0
4030JI1225,0
0026MS0003,0
0023JS0004,0
4001MS6987,0
0085JI0954,0
0119JI0920,0
0132MS0016,0
4119MS8060,0
0069MS0086,0
0100MT0001,0
0005MS0032,0
0032JI0929,0
4001MS6517,0
4069JI3218,0
0128MS0004,0
0030MS2160,0
0069JI0921,0
0030MS0003,0
0088JS0009,0
0137JS0001,0
0062MT0002,0
0069JI0957,0
0134MT0001,0
0004MS0035,0
3100JI1680,0
4096MT4684,0
0130JI0914,0
0009JI0913,0
0110JS0011,0
0069MS0146,0
0032MS0054,0
0090MS0004,0
0111MS0054,0
0111JI0902,0
4069JI3633,0
0021JI0903,0
3100JI1783,0
0025JS0008,0
4030MM3303,0
0009MS0008,0
4069JI2788,0
4111MS7271,0
0071MS0015,0
0136MS0013,0
4030JI5906,0
0132MT0004,0
0099MS0005,0
0136JI0906,0
0026PP0023,0
0123MS0008,0
0019MS0002,0
0085JI0949,0
3043MS6925,0
0018JM0002,0
0017MS0004,0
4032JI1742,0
0085JI0912,0
4131MS5719,0
4071MS7915,0
0076JI0903,0
0005MS0005,0
4001JM7980,0
0005JI0933,0
4096MS1340,0
0007JI0913,0
4033JI1334,0
4109MS4843,0
0009PP0015,0
4117JI1141,0
0057JI0901,0
0119MS0028,0
3116JI8480,0
4008MS7784,0
0119JI0935,0
0008JI0913,0
4071JI2331,0
4008MS3251,0
0069MS0153,0
0008MS0026,0
4099JI8490,0
0032MS0051,0
0077PP0007,0
0011MA0001,0
4109PP0620,0
0069JI0972,0
3005JI2242,0
4008JI8745,0
0001MS0086,0
0111JI0928,0
0008MS0032,0
0070JS0006,0
4133MS7094,0
0101JS0007,0
0123JI0912,0
0004JI0930,0
4085MS5732,0
0032JI0946,0
4069MS6662,0
4081MA4556,0
0034MA0001,0
0062MS2240,0
0018MS0006,0
0073MS0060,0
3092JM8814,0
0117JI0920,0
4001JI5886,0
0124MS0002,0
0136MS0004,0
0073MS0073,0
0028JI0914,0
4072JI2964,0
0055MS0031,0
0001MS0091,0
4005JI2074,0
0099MS0004,0
0125JI0906,0
4096JI3654,0
0132MS0010,0
0098JI0910,0
0085JI0970,0
4111JI8561,0
4089JI5796,0
4043JI8048,0
0001JI0980,0
4001MS4038,0
0081JI0903,0
4129JI1094,0
0029JI0902,0
0004JI0939,0
0040JS0006,0
0121JI0902,0
4005JI3904,0
4111MS4888,0
0033MS0007,0
0030JI0934,0
0081JS0008,0
4117MM4943,0
0085JI0915,0
4111MS4885,0
0043MS0067,0
0075MS0005,0
4063MS8952,0
4081JI5795,0
0083JI0915,0
0050JI0902,0
0069JI0924,0
0024PP0017,0
0094JI0906,0
0113MS0011,0
0005JI0913,0
0049JI0907,0
0041JS0007,0
0071MS0041,0
0071JI0946,0
0088JS0002,0
0137PP0003,0
0030MS0038,0
0015JI0918,0
4077MS4540,0
4083JI8881,0
0062JI0915,0
0136MS0009,0
0060JI0907,0
0106MS0007,0
4055MS7823,0
0100MS0031,0
3109JM7562,0
0087JI0904,0
0112MS0010,0
4008MS6711,0
0059MS0007,0
0032JI0948,0
4131MS6694,0
4135JI7450,0
4097MS4716,0
0136JI0901,0
0100MS0021,0
0043MS0007,0
4045JI5440,0
0062MS0089,0
4062JI1380,0
4085MS6251,0
4069JI2322,0
0043JI0942,0
4085PP3765,0
4133MM5627,0
0062JI0912,0
4055MS6103,0
0083MS0006,0
0117MS0018,0
0028MS0014,0
0136JI0914,0
4062JI2023,0
0045MS0022,0
4131MS4288,0
0077JI0916,0
0069MS0140,0
4055JI7675,0
0068JI0902,0
4069JI1211,0
0004MS0075,0
4131MS4292,0
0052MS3011,0
0086JM0001,0
0069JI0905,0
3043JI6314,0
0083MS0038,0
0102MS0016,0
4062JI8107,0
0081JS0005,0
4069MS3165,0
4129JI7397,0
0111MS0037,0
4117JI3728,0
0004MS0033,0
4109MS4835,0
0124JI0904,0
0062MS0042,0
0004JI0933,0
0083MS0021,0
4069MS3117,0
0106JS0018,0
4085MS4582,0
0045JI0909,0
4069MS7103,0
0007JS0010,0
0111MS0012,0
0060JS0006,0
4124JI7455,0
4049MS4338,0
0095JI0913,0
0001JI0929,0
0088JI0902,0
4033MS4203,0
4045MS8044,0
4075MS4532,0
0094MS0004,0
0030JI0931,0
4025MS4163,0
4131MS8884,0
4069MS4457,0
0049MS0001,0
0070JI0906,0
4125JI7997,0
0008MS0028,0
4117MS7872,0
0112JI0902,0
0050JS0004,0
4015MS5772,0
4069MS6683,0
4077MS6728,0
0077JI0930,0
0081MS0017,0
0001JI0914,0
0112MS0008,0
0103PP0020,0
0005MS0026,0
0062MS0062,0
0102JI0927,0
0061JI0903,0
0013MS0004,0
4116JI8472,0
0047MS3111,0
0055JI0909,0
0114JI0903,0
4062MS4710,0
0032JI0937,0
4095JI1446,0
4004JI2682,0
0092JI0907,0
0044JI0919,0
4055JI8939,0
0069JI0929,0
4084MS4574,0
0136MS0010,0
4123MS6701,0
0005MS0034,0
0055JI0911,0
4043JI8996,0
0070MS0008,0
3117JI2593,0
4001JI3361,0
0119JI0947,0
0073JI0949,0
0058JI0901,0
0009MT0001,0
0109JI0903,0
4081JI1090,0
0004JI0924,0
0001MS3091,0
0134PP0016,0
0133JI0915,0
0026MS0010,0
0043JI0912,0
4030JI0954,0
0135JI0909,0
0069JI0944,0
0045JI0947,0
0062JI0905,0
0069JI1004,0
0031JI0910,0
0100MS0011,0
0055JI0945,0
0047JS0002,0
0069MS3271,0
3135JI6351,0
4136MS8039,0
0093JI0906,0
0009JI0909,0
4096MS6079,0
4043MS6176,0
0048JI0902,0
0043MS0023,0
0045MS0052,0
0001JI0958,0
4045JI1428,0
0009JS0005,0
0117JI0909,0
0015JI0916,0
0112JI0903,0
0119JI0941,0
0082JS0002,0
4062MS4403,0
4004MS8124,0
0069MS0060,0
0023MA0001,0
0111MS0001,0
0069MS0119,0
0098PP0008,0
4062MS7242,0
3135JI2747,0
4085MS6793,0
0004MS0029,0
0062JI0940,0
4062JI1159,0
4136JI5443,0
0053MS0015,0
0087JS0004,0
0085JI0918,0
0030JI0938,0
0023JI0903,0
0081JI0910,0
0053MT0002,0
0132JI0905,0
0014JI0903,0
4047JI1042,0
0085JI0968,0
0131JI0921,0
0110JS0001,0
0092MS0001,0
4001JI5569,0
0069JI1029,0
0053JS0008,0
4136JI3404,0
4008MS4115,0
0071MS0024,0
3032JI3321,0
0061MS0001,0
0130JI0906,0
4001MS7652,0
0035JI0907,0
0004MS0058,0
0133MS3051,0
3096JI1197,0
4116JI8379,0
4063JI7941,0
0008JI0917,0
0044MS0009,0
4117JI2696,0
0106JI0903,0
0133JI0917,0
0113MT0002,0
0020PP0028,0
0128JS0001,0
4096MS3915,0
4075JI1442,0
0019MS0004,0
4081JI1921,0
4004JI8254,0
3045JI7313,0
4089JI1184,0
4096JI2777,0
4110MS4874,0
0084JI0905,0
0076JS0008,0
0097MS2130,0
4116JI3110,0
0016JI0904,0
4001JI2344,0
4043MS4231,0
0047JI0910,0
3005JI1318,0
0002PP0004,0
4073MS3785,0
0069MS0077,0
0110MS0007,0
0109MT0004,0
4083JI8458,0
0009PP0025,0
4135MS4783,0
4062JI1434,0
0001JI0988,0
0104JS0002,0
0079MS0005,0
