"Region","Distrito","Clave","Area","Sector","Dependencia","Nivel","matricula","Secciones 
Inicial 2026","afectacion_paros","nivel_unificado","afectacion_num","n_final","prob_inclusion","ponderador"
"01","La Plata","0001JI0931","AMBA","Estatal","Oficial","1.2.Inicial",66,6,"0","Inicial",0,657,0.175864376533571,5.68619989852867
"01","La Plata","0001JI0944","AMBA","Estatal","Oficial","1.2.Inicial",164,8,"0","Inicial",0,657,0.436996329568268,2.28834873965178
"05","Almirante Brown","0004JU0002","AMBA","Estatal","Oficial","1.2.Inicial",147,6,"0","Inicial",0,657,0.391697929552045,2.55298770954348
"02","Avellaneda","0005JI0911","AMBA","Estatal","Oficial","1.2.Inicial",140,8,"0","Inicial",0,657,0.373045647192424,2.68063709502066
"01","Brandsen","0014JI0904","AMBA","Estatal","Oficial","1.2.Inicial",170,10,"0","Inicial",0,657,0.452984000162229,2.20758349001701
"11","Campana","0015JI0918","AMBA","Estatal","Oficial","1.2.Inicial",220,10,"0","Inicial",0,657,0.586214588445238,1.7058599695586
"11","Exaltación de la Cruz","0031JI0901","AMBA","Estatal","Oficial","1.2.Inicial",216,12,"0","Inicial",0,657,0.575556141382597,1.73744996899487
"04","Florencio Varela","0032JI0918","AMBA","Estatal","Oficial","1.2.Inicial",180,8,"0","Inicial",0,657,0.479630117818831,2.08493996279384
"10","General Rodríguez","0044JI0919","AMBA","Estatal","Oficial","1.2.Inicial",127,7,"0","Inicial",0,657,0.338405694238842,2.95503301813301
"07","General San Martín","0045JI0911","AMBA","Estatal","Oficial","1.2.Inicial",139,9,"0","Inicial",0,657,0.370381035426764,2.69992225397764
"07","General San Martín","0045JI0922","AMBA","Estatal","Oficial","1.2.Inicial",88,6,"0","Inicial",0,657,0.234485835378095,4.2646499238965
"07","General San Martín","0045JI0929","AMBA","Estatal","Oficial","1.2.Inicial",287,12,"0","Inicial",0,657,0.764743576744469,1.30762785122959
"07","General San Martín","0045JI0936","AMBA","Estatal","Oficial","1.2.Inicial",194,8,"0","Inicial",0,657,0.516934682538073,1.93448037784996
"11","Zárate","0047JI0901","AMBA","Estatal","Oficial","1.2.Inicial",178,8,"0","Inicial",0,657,0.47430089428751,2.10836625451063
"11","Zárate","0047JI0916","AMBA","Estatal","Oficial","1.2.Inicial",188,8,"0","Inicial",0,657,0.500947011944112,1.99621911331326
"06","Tigre","0055JI0906","AMBA","Estatal","Oficial","1.2.Inicial",200,10,"0","Inicial",0,657,0.532922353132034,1.87644596651446
"02","Lomas de Zamora","0062JU0001","AMBA","Estatal","Oficial","1.2.Inicial",127,6,"0","Inicial",0,657,0.338405694238842,2.95503301813301
"02","Lomas de Zamora","0062JU0005","AMBA","Estatal","Oficial","1.2.Inicial",86,4,"0","Inicial",0,657,0.229156611846775,4.36382782910339
"02","Lomas de Zamora","0062JU0009","AMBA","Estatal","Oficial","1.2.Inicial",133,8,"0","Inicial",0,657,0.354393364832803,2.82172325791648
"03","La Matanza","0069JI0920","AMBA","Estatal","Oficial","1.2.Inicial",148,8,"0","Inicial",0,657,0.394362541317705,2.53573779258711
"03","La Matanza","0069JI0939","AMBA","Estatal","Oficial","1.2.Inicial",35,4,"0","Inicial",0,657,0.093261411798106,10.7225483800826
"03","La Matanza","0069JI0956","AMBA","Estatal","Oficial","1.2.Inicial",41,3,"0","Inicial",0,657,0.109249082392067,9.15339495860712
"03","La Matanza","0069JI0979","AMBA","Estatal","Oficial","1.2.Inicial",312,12,"0","Inicial",0,657,0.831358870885973,1.20284997853491
"03","La Matanza","0069JI0985","AMBA","Estatal","Oficial","1.2.Inicial",160,8,"0","Inicial",0,657,0.426337882505627,2.34555745814307
"03","La Matanza","0069JI0995","AMBA","Estatal","Oficial","1.2.Inicial",214,10,"0","Inicial",0,657,0.570226917851277,1.75368781917239
"03","La Matanza","0069JU0002","AMBA","Estatal","Oficial","1.2.Inicial",107,4,"0","Inicial",0,657,0.285113458925638,3.50737563834478
"03","La Matanza","0069JU0008","AMBA","Estatal","Oficial","1.2.Inicial",136,7,"0","Inicial",0,657,0.362387200129783,2.75947936252126
"03","La Matanza","0069JU0015","AMBA","Estatal","Oficial","1.2.Inicial",241,10,"0","Inicial",0,657,0.642171435524101,1.55721656972154
"03","La Matanza","0069JU0020","AMBA","Estatal","Oficial","1.2.Inicial",131,8,"0","Inicial",0,657,0.349064141301482,2.86480300231215
"03","La Matanza","0069JU0026","AMBA","Estatal","Oficial","1.2.Inicial",101,5,"0","Inicial",0,657,0.269125788331677,3.71573458715735
"03","La Matanza","0069JU0030","AMBA","Estatal","Oficial","1.2.Inicial",165,7,"0","Inicial",0,657,0.439660941333928,2.27447995941147
"03","La Matanza","0069JU0035","AMBA","Estatal","Oficial","1.2.Inicial",174,10,"0","Inicial",0,657,0.46364244722487,2.15683444426949
"03","La Matanza","0069JU0038","AMBA","Estatal","Oficial","1.2.Inicial",335,13,"0","Inicial",0,657,0.892644941496157,1.12026624866535
"03","La Matanza","0069JU0039","AMBA","Estatal","Oficial","1.2.Inicial",106,6,"0","Inicial",0,657,0.282448847159978,3.54046408776313
"08","Merlo","0071JI0901","AMBA","Estatal","Oficial","1.2.Inicial",207,14,"0","Inicial",0,657,0.551574635491655,1.81299127199465
"08","Merlo","0071JI0914","AMBA","Estatal","Oficial","1.2.Inicial",305,14,"0","Inicial",0,657,0.812706588526352,1.23045637148489
"08","Merlo","0071JI0940","AMBA","Estatal","Oficial","1.2.Inicial",267,10,"0","Inicial",0,657,0.711451341431266,1.40557750300709
"09","Moreno","0073JU0001","AMBA","Estatal","Oficial","1.2.Inicial",120,8,"0","Inicial",0,657,0.319753411879221,3.12740994419077
"11","Pilar","0083JI0901","AMBA","Estatal","Oficial","1.2.Inicial",267,10,"0","Inicial",0,657,0.711451341431266,1.40557750300709
"11","Pilar","0083JI0927","AMBA","Estatal","Oficial","1.2.Inicial",171,8,"0","Inicial",0,657,0.455648611927889,2.19467364504615
"10","San Andrés de Giles","0093JI0904","AMBA","Estatal","Oficial","1.2.Inicial",77,5,"0","Inicial",0,657,0.205175105955833,4.87388562731028
"08","Morón","0100JI0906","AMBA","Estatal","Oficial","1.2.Inicial",124,10,"0","Inicial",0,657,0.330411858941861,3.02652575244268
"08","Morón","0100JI0930","AMBA","Estatal","Oficial","1.2.Inicial",106,6,"0","Inicial",0,657,0.282448847159978,3.54046408776313
"06","Vicente López","0109JI0901","AMBA","Estatal","Oficial","1.2.Inicial",107,8,"0","Inicial",0,657,0.285113458925638,3.50737563834478
"02","Lanús","0111JI0930","AMBA","Estatal","Oficial","1.2.Inicial",203,10,"0","Inicial",0,657,0.540916188429015,1.84871523794528
"01","Berisso","0113JI0910","AMBA","Estatal","Oficial","1.2.Inicial",227,13,"0","Inicial",0,657,0.604866870804859,1.65325635816252
"11","Escobar","0116JI0912","AMBA","Estatal","Oficial","1.2.Inicial",84,4,"0","Inicial",0,657,0.223827388315454,4.46772849170109
"11","Escobar","0116JI0931","AMBA","Estatal","Oficial","1.2.Inicial",198,8,"0","Inicial",0,657,0.527593129600714,1.89539996617622
"07","Tres de Febrero","0117JI3011","AMBA","Estatal","Oficial","1.2.Inicial",145,6,"0","Inicial",0,657,0.386368706020725,2.58820133312339
"05","Presidente Perón","0129JI0907","AMBA","Estatal","Oficial","1.2.Inicial",273,12,"0","Inicial",0,657,0.727439012025227,1.37468568975418
"09","San Miguel","0131JI0910","AMBA","Estatal","Oficial","1.2.Inicial",160,8,"0","Inicial",0,657,0.426337882505627,2.34555745814307
"09","San Miguel","0131JI0918","AMBA","Estatal","Oficial","1.2.Inicial",320,14,"0","Inicial",0,657,0.852675765011255,1.17277872907154
"09","San Miguel","0131JI0921","AMBA","Estatal","Oficial","1.2.Inicial",115,8,"0","Inicial",0,657,0.30643035305092,3.26338428959036
"09","San Miguel","0131JI0926","AMBA","Estatal","Oficial","1.2.Inicial",213,12,"0","Inicial",0,657,0.567562306085616,1.76192109531874
"09","San Miguel","0131JI0927","AMBA","Estatal","Oficial","1.2.Inicial",248,12,"0","Inicial",0,657,0.660823717883722,1.51326287622134
"09","José C. Paz","0132JI0906","AMBA","Estatal","Oficial","1.2.Inicial",238,8,"0","Inicial",0,657,0.634177600227121,1.57684535001215
"09","Malvinas Argentinas","0133JI0911","AMBA","Estatal","Oficial","1.2.Inicial",183,8,"0","Inicial",0,657,0.487623953115811,2.05076061914149
"09","Malvinas Argentinas","0133JI0927","AMBA","Estatal","Oficial","1.2.Inicial",151,6,"0","Inicial",0,657,0.402356376614686,2.48535889604564
"07","Hurlingham","0135JI0915","AMBA","Estatal","Oficial","1.2.Inicial",115,8,"0","Inicial",0,657,0.30643035305092,3.26338428959036
"08","Ituzaingó","0136JI0912","AMBA","Estatal","Oficial","1.2.Inicial",114,8,"0","Inicial",0,657,0.303765741285259,3.29201046756923
"05","Presidente Perón","0129JI0903","AMBA","Estatal","Oficial","1.2.Inicial",180,8,"2.1","Inicial",2.1,657,0.479630117818831,2.08493996279384
"02","Avellaneda","0005JI0913","AMBA","Estatal","Oficial","1.2.Inicial",212,10,"2.5","Inicial",2.5,657,0.564897694319956,1.77023204388157
"03","La Matanza","0069JI1015","AMBA","Estatal","Oficial","1.2.Inicial",127,8,"2.6","Inicial",2.6,657,0.338405694238842,2.95503301813301
"06","Vicente López","0109JI0913","AMBA","Estatal","Oficial","1.2.Inicial",93,8,"3.1","Inicial",3.1,657,0.247808894206396,4.03536766992357
"06","San Isidro","0096JI0901","AMBA","Estatal","Oficial","1.2.Inicial",109,12,"3.5","Inicial",3.5,657,0.290442682456959,3.44302012204488
"06","San Fernando","0095JI0910","AMBA","Estatal","Oficial","1.2.Inicial",121,8,"4.2","Inicial",4.2,657,0.322418023644881,3.10156358101564
"04","Berazategui","0119JI0916","AMBA","Estatal","Oficial","1.2.Inicial",146,8,"4.2","Inicial",4.2,657,0.389033317786385,2.57047392673214
"10","Luján","0063JI0909","AMBA","Estatal","Oficial","1.2.Inicial",137,8,"5.2","Inicial",5.2,657,0.365051811895443,2.73933717739337
"04","Quilmes","0085JI0949","AMBA","Estatal","Oficial","1.2.Inicial",148,8,"5.7","Inicial",5.7,657,0.394362541317705,2.53573779258711
"01","La Plata","0001JI0973","AMBA","Estatal","Oficial","1.2.Inicial",112,7,"6","Inicial",6,657,0.298436517753939,3.35079636877582
"10","Luján","0063JI0910","AMBA","Estatal","Oficial","1.2.Inicial",109,6,"6.9","Inicial",6.9,657,0.290442682456959,3.44302012204488
"06","San Isidro","0096JI0915","AMBA","Estatal","Oficial","1.2.Inicial",83,6,"6.9","Inicial",6.9,657,0.221162776549794,4.52155654581798
"05","Presidente Perón","0129JI0916","AMBA","Estatal","Oficial","1.2.Inicial",152,6,"6.9","Inicial",6.9,657,0.405020988380346,2.46900785067692
"11","Escobar","0116JI0901","AMBA","Estatal","Oficial","1.2.Inicial",261,14,"7.1","Inicial",7.1,657,0.695463670837305,1.437889629513
"09","Moreno","0073JI0905","AMBA","Estatal","Oficial","1.2.Inicial",208,9,"7.3","Inicial",7.3,657,0.554239247257316,1.80427496780236
"09","Moreno","0073JI0934","AMBA","Estatal","Oficial","1.2.Inicial",240,8,"7.3","Inicial",7.3,657,0.639506823758441,1.56370497209538
"11","Escobar","0116JI0921","AMBA","Estatal","Oficial","1.2.Inicial",141,8,"7.3","Inicial",7.3,657,0.375710258958084,2.66162548441767
"07","Hurlingham","0135JI0913","AMBA","Estatal","Oficial","1.2.Inicial",144,8,"7.3","Inicial",7.3,657,0.383704094255065,2.60617495349231
"06","Tigre","0055JI0938","AMBA","Estatal","Oficial","1.2.Inicial",190,10,"7.5","Inicial",7.5,657,0.506276235475432,1.97520628054154
"01","La Plata","0001JI0902","AMBA","Estatal","Oficial","1.2.Inicial",225,12,"8.3000000000000007","Inicial",8.3,657,0.599537647273538,1.66795197023508
"01","La Plata","0001JI0928","AMBA","Estatal","Oficial","1.2.Inicial",333,14,"8.3000000000000007","Inicial",8.3,657,0.887315717964837,1.12699457448316
"01","La Plata","0001JI0959","AMBA","Estatal","Oficial","1.2.Inicial",239,8,"8.3000000000000007","Inicial",8.3,657,0.636842211992781,1.5702476707234
"05","Almirante Brown","0004JI0959","AMBA","Estatal","Oficial","1.2.Inicial",139,8,"8.3000000000000007","Inicial",8.3,657,0.370381035426764,2.69992225397764
"02","Avellaneda","0005JI0933","AMBA","Estatal","Oficial","1.2.Inicial",120,6,"8.3000000000000007","Inicial",8.3,657,0.319753411879221,3.12740994419077
"11","Campana","0015JI0910","AMBA","Estatal","Oficial","1.2.Inicial",212,10,"8.3000000000000007","Inicial",8.3,657,0.564897694319956,1.77023204388157
"05","Esteban Echeverría","0030JI0906","AMBA","Estatal","Oficial","1.2.Inicial",149,8,"8.3000000000000007","Inicial",8.3,657,0.397027153083365,2.51871941814021
"11","Exaltación de la Cruz","0031JI0905","AMBA","Estatal","Oficial","1.2.Inicial",86,4,"8.3000000000000007","Inicial",8.3,657,0.229156611846775,4.36382782910339
"04","Florencio Varela","0032JI0904","AMBA","Estatal","Oficial","1.2.Inicial",253,10,"8.3000000000000007","Inicial",8.3,657,0.674146776712023,1.48335649526835
"04","Florencio Varela","0032JI0907","AMBA","Estatal","Oficial","1.2.Inicial",270,10,"8.3000000000000007","Inicial",8.3,657,0.719445176728246,1.3899599751959
"04","Florencio Varela","0032JI0920","AMBA","Estatal","Oficial","1.2.Inicial",200,8,"8.3000000000000007","Inicial",8.3,657,0.532922353132034,1.87644596651446
"04","Florencio Varela","0032JI0944","AMBA","Estatal","Oficial","1.2.Inicial",157,6,"8.3000000000000007","Inicial",8.3,657,0.418344047208647,2.39037702740695
"04","Florencio Varela","0032JI0950","AMBA","Estatal","Oficial","1.2.Inicial",314,12,"8.3000000000000007","Inicial",8.3,657,0.836688094417294,1.19518851370348
"07","General San Martín","0045JI0925","AMBA","Estatal","Oficial","1.2.Inicial",74,6,"8.3000000000000007","Inicial",8.3,657,0.197181270658853,5.07147558517422
"07","General San Martín","0045JI0939","AMBA","Estatal","Oficial","1.2.Inicial",161,8,"8.3000000000000007","Inicial",8.3,657,0.429002494271288,2.33098877827883
"11","Zárate","0047JI0915","AMBA","Estatal","Oficial","1.2.Inicial",165,10,"8.3000000000000007","Inicial",8.3,657,0.439660941333928,2.27447995941147
"02","Lomas de Zamora","0062JI0904","AMBA","Estatal","Oficial","1.2.Inicial",174,12,"8.3000000000000007","Inicial",8.3,657,0.46364244722487,2.15683444426949
"10","Luján","0063JI0911","AMBA","Estatal","Oficial","1.2.Inicial",130,6,"8.3000000000000007","Inicial",8.3,657,0.346399529535822,2.88683994848378
"10","Marcos Paz","0067JI0905","AMBA","Estatal","Oficial","1.2.Inicial",303,12,"8.3000000000000007","Inicial",8.3,657,0.807377364995032,1.23857819571912
"03","La Matanza","0069JI0908","AMBA","Estatal","Oficial","1.2.Inicial",276,12,"8.3000000000000007","Inicial",8.3,657,0.735432847322207,1.35974345399599
"03","La Matanza","0069JI0947","AMBA","Estatal","Oficial","1.2.Inicial",318,12,"8.3000000000000007","Inicial",8.3,657,0.847346541479934,1.18015469592104
"03","La Matanza","0069JI1017","AMBA","Estatal","Oficial","1.2.Inicial",117,6,"8.3000000000000007","Inicial",8.3,657,0.31175957658224,3.20759994275976
"10","Mercedes","0070JI0909","AMBA","Estatal","Oficial","1.2.Inicial",88,8,"8.3000000000000007","Inicial",8.3,657,0.234485835378095,4.2646499238965
"08","Merlo","0071JI0925","AMBA","Estatal","Oficial","1.2.Inicial",375,14,"8.3000000000000007","Inicial",8.3,657,0.999229412122564,1.00077118214105
"09","Moreno","0073JI0901","AMBA","Estatal","Oficial","1.2.Inicial",277,10,"8.3000000000000007","Inicial",8.3,657,0.738097459087867,1.35483463286243
"09","Moreno","0073JI0946","AMBA","Estatal","Oficial","1.2.Inicial",231,8,"8.3000000000000007","Inicial",8.3,657,0.615525317867499,1.62462854243676
"11","Pilar","0083JI0906","AMBA","Estatal","Oficial","1.2.Inicial",204,8,"8.3000000000000007","Inicial",8.3,657,0.543580800194675,1.83965290834751
"11","Pilar","0083JI0924","AMBA","Estatal","Oficial","1.2.Inicial",318,12,"8.3000000000000007","Inicial",8.3,657,0.847346541479934,1.18015469592104
"04","Quilmes","0085JI0906","AMBA","Estatal","Oficial","1.2.Inicial",166,8,"8.3000000000000007","Inicial",8.3,657,0.442325553099588,2.26077827290899
"04","Quilmes","0085JI0967","AMBA","Estatal","Oficial","1.2.Inicial",47,4,"8.3000000000000007","Inicial",8.3,657,0.125236752986028,7.98487645325302
"06","San Fernando","0095JI0909","AMBA","Estatal","Oficial","1.2.Inicial",145,10,"8.3000000000000007","Inicial",8.3,657,0.386368706020725,2.58820133312339
"05","San Vicente","0099JI0915","AMBA","Estatal","Oficial","1.2.Inicial",131,6,"8.3000000000000007","Inicial",8.3,657,0.349064141301482,2.86480300231215
"08","Morón","0100JI0908","AMBA","Estatal","Oficial","1.2.Inicial",62,8,"8.3000000000000007","Inicial",8.3,657,0.165205929470931,6.05305150488535
"08","Morón","0100JI0919","AMBA","Estatal","Oficial","1.2.Inicial",81,7,"8.3000000000000007","Inicial",8.3,657,0.215833553018474,4.63319991731965
"08","Morón","0100JI0932","AMBA","Estatal","Oficial","1.2.Inicial",163,8,"8.3000000000000007","Inicial",8.3,657,0.434331717802608,2.3023876889748
"06","Vicente López","0109JI0907","AMBA","Estatal","Oficial","1.2.Inicial",59,6,"8.3000000000000007","Inicial",8.3,657,0.15721209417395,6.36083378479478
"02","Lanús","0111JI0915","AMBA","Estatal","Oficial","1.2.Inicial",80,6,"8.3000000000000007","Inicial",8.3,657,0.213168941252814,4.69111491628615
"02","Lanús","0111JI0928","AMBA","Estatal","Oficial","1.2.Inicial",211,8,"8.3000000000000007","Inicial",8.3,657,0.562233082554296,1.77862176920802
"02","Lanús","0111JI0942","AMBA","Estatal","Oficial","1.2.Inicial",214,10,"8.3000000000000007","Inicial",8.3,657,0.570226917851277,1.75368781917239
"11","Escobar","0116JI0903","AMBA","Estatal","Oficial","1.2.Inicial",187,12,"8.3000000000000007","Inicial",8.3,657,0.498282400178452,2.00689408183365
"11","Escobar","0116JI0920","AMBA","Estatal","Oficial","1.2.Inicial",226,10,"8.3000000000000007","Inicial",8.3,657,0.602202259039199,1.66057165178271
"07","Tres de Febrero","0117JI0925","AMBA","Estatal","Oficial","1.2.Inicial",94,8,"8.3000000000000007","Inicial",8.3,657,0.250473505972056,3.99243822662651
"05","Presidente Perón","0129JI0901","AMBA","Estatal","Oficial","1.2.Inicial",328,12,"8.3000000000000007","Inicial",8.3,657,0.873992659136536,1.14417436982589
"09","Malvinas Argentinas","0133JI0903","AMBA","Estatal","Oficial","1.2.Inicial",176,8,"8.3000000000000007","Inicial",8.3,657,0.46897167075619,2.13232496194825
"09","Malvinas Argentinas","0133JI0913","AMBA","Estatal","Oficial","1.2.Inicial",242,10,"8.3000000000000007","Inicial",8.3,657,0.644836047289761,1.55078179050782
"09","Malvinas Argentinas","0133JI0916","AMBA","Estatal","Oficial","1.2.Inicial",182,8,"8.3000000000000007","Inicial",8.3,657,0.484959341350151,2.06202853463127
"07","Hurlingham","0135JI0908","AMBA","Estatal","Oficial","1.2.Inicial",110,8,"8.3000000000000007","Inicial",8.3,657,0.293107294222619,3.4117199391172
"08","Ituzaingó","0136JI0906","AMBA","Estatal","Oficial","1.2.Inicial",111,6,"8.3000000000000007","Inicial",8.3,657,0.295771905988279,3.38098372344948
"06","Tigre","0055JI0947","AMBA","Estatal","Oficial","1.2.Inicial",92,6,"9.6999999999999993","Inicial",9.7,657,0.245144282440736,4.07923036198796
"02","Lanús","0111JI0904","AMBA","Estatal","Oficial","1.2.Inicial",111,6,"9.6999999999999993","Inicial",9.7,657,0.295771905988279,3.38098372344948
"03","La Matanza","0069JI0957","AMBA","Estatal","Oficial","1.2.Inicial",70,4,"10.4","Inicial",10.4,657,0.186522823596212,5.36127419004131
"01","Berisso","0113JI0907","AMBA","Estatal","Oficial","1.2.Inicial",143,8,"10.4","Inicial",10.4,657,0.381039482489404,2.62439995316708
"03","La Matanza","0069JI0982","AMBA","Estatal","Oficial","1.2.Inicial",352,12,"11.1","Inicial",11.1,657,0.93794334151238,1.06616248097412
"09","San Miguel","0131JI0928","AMBA","Estatal","Oficial","1.2.Inicial",157,6,"11.1","Inicial",11.1,657,0.418344047208647,2.39037702740695
"06","Tigre","0055JI0904","AMBA","Estatal","Oficial","1.2.Inicial",208,10,"11.7","Inicial",11.7,657,0.554239247257316,1.80427496780236
"03","La Matanza","0069JI1000","AMBA","Estatal","Oficial","1.2.Inicial",266,10,"11.7","Inicial",11.7,657,0.708786729665605,1.41086162895824
"05","Almirante Brown","0004JI0922","AMBA","Estatal","Oficial","1.2.Inicial",250,12,"12.2","Inicial",12.2,657,0.666152941415043,1.50115677321157
"05","Almirante Brown","0004JI0942","AMBA","Estatal","Oficial","1.2.Inicial",149,8,"12.5","Inicial",12.5,657,0.397027153083365,2.51871941814021
"04","Florencio Varela","0032JI0938","AMBA","Estatal","Oficial","1.2.Inicial",165,6,"12.5","Inicial",12.5,657,0.439660941333928,2.27447995941147
"07","General San Martín","0045JI0932","AMBA","Estatal","Oficial","1.2.Inicial",173,8,"12.5","Inicial",12.5,657,0.46097783545921,2.16930169539244
"01","Magdalena","0064JI0908","AMBA","Estatal","Oficial","1.2.Inicial",103,6,"12.5","Inicial",12.5,657,0.274455011862998,3.64358440099895
"10","Mercedes","0070JI0910","AMBA","Estatal","Oficial","1.2.Inicial",138,8,"12.5","Inicial",12.5,657,0.367716423661104,2.71948690799197
"09","Moreno","0073JI0957","AMBA","Estatal","Oficial","1.2.Inicial",152,6,"12.5","Inicial",12.5,657,0.405020988380346,2.46900785067692
"02","Lanús","0111JI0936","AMBA","Estatal","Oficial","1.2.Inicial",99,6,"12.5","Inicial",12.5,657,0.263796564800357,3.79079993235244
"09","San Miguel","0131JI0917","AMBA","Estatal","Oficial","1.2.Inicial",237,12,"12.5","Inicial",12.5,657,0.63151298846146,1.58349870591938
"09","San Miguel","0131JI0922","AMBA","Estatal","Oficial","1.2.Inicial",251,12,"12.5","Inicial",12.5,657,0.668817553180703,1.49517606893582
"03","La Matanza","0069JI0903","AMBA","Estatal","Oficial","1.2.Inicial",284,12,"13.3","Inicial",13.3,657,0.756749741447489,1.32144082148906
"02","Lanús","0111JI0903","AMBA","Estatal","Oficial","1.2.Inicial",163,10,"13.3","Inicial",13.3,657,0.434331717802608,2.3023876889748
"07","General San Martín","0045JI0919","AMBA","Estatal","Oficial","1.2.Inicial",124,8,"13.5","Inicial",13.5,657,0.330411858941861,3.02652575244268
"11","Escobar","0116JI0908","AMBA","Estatal","Oficial","1.2.Inicial",159,8,"13.5","Inicial",13.5,657,0.423673270739967,2.36030939184209
"02","Avellaneda","0005JI0920","AMBA","Estatal","Oficial","1.2.Inicial",116,6,"13.9","Inicial",13.9,657,0.30909496481658,3.23525166640424
"05","Presidente Perón","0129JI0909","AMBA","Estatal","Oficial","1.2.Inicial",330,12,"13.9","Inicial",13.9,657,0.879321882667856,1.13723997970573
"01","Berisso","0113JI0901","AMBA","Estatal","Oficial","1.2.Inicial",165,12,"14.2","Inicial",14.2,657,0.439660941333928,2.27447995941147
"07","General San Martín","0045JI0931","AMBA","Estatal","Oficial","1.2.Inicial",141,7,"14.3","Inicial",14.3,657,0.375710258958084,2.66162548441767
"08","Merlo","0071JI0941","AMBA","Estatal","Oficial","1.2.Inicial",222,8,"14.6","Inicial",14.6,657,0.591543811976558,1.69049186172474
"02","Lanús","0111JI0913","AMBA","Estatal","Oficial","1.2.Inicial",170,10,"15","Inicial",15,657,0.452984000162229,2.20758349001701
"09","José C. Paz","0132JI0901","AMBA","Estatal","Oficial","1.2.Inicial",237,10,"15","Inicial",15,657,0.63151298846146,1.58349870591938
"07","General San Martín","0045JI0943","AMBA","Estatal","Oficial","1.2.Inicial",103,6,"15.3","Inicial",15.3,657,0.274455011862998,3.64358440099895
"05","Presidente Perón","0129JI0902","AMBA","Estatal","Oficial","1.2.Inicial",292,12,"15.3","Inicial",15.3,657,0.77806663557277,1.28523696336607
"04","Florencio Varela","0032JI0943","AMBA","Estatal","Oficial","1.2.Inicial",287,12,"15.6","Inicial",15.6,657,0.764743576744469,1.30762785122959
"04","Florencio Varela","0032JI0947","AMBA","Estatal","Oficial","1.2.Inicial",225,8,"15.6","Inicial",15.6,657,0.599537647273538,1.66795197023508
"03","La Matanza","0069JI1023","AMBA","Estatal","Oficial","1.2.Inicial",236,8,"15.6","Inicial",15.6,657,0.6288483766958,1.59020844619869
"06","San Fernando","0095JI0903","AMBA","Estatal","Oficial","1.2.Inicial",116,8,"15.6","Inicial",15.6,657,0.30909496481658,3.23525166640424
"04","Berazategui","0119JI0933","AMBA","Estatal","Oficial","1.2.Inicial",168,8,"15.6","Inicial",15.6,657,0.447654776630909,2.23386424585055
"09","San Miguel","0131JI0920","AMBA","Estatal","Oficial","1.2.Inicial",192,8,"15.6","Inicial",15.6,657,0.511605459006753,1.95463121511923
"05","Almirante Brown","0004JI0919","AMBA","Estatal","Oficial","1.2.Inicial",252,10,"15.8","Inicial",15.8,657,0.671482164946363,1.48924283056703
"01","La Plata","0001JI0921","AMBA","Estatal","Oficial","1.2.Inicial",136,7,"16.7","Inicial",16.7,657,0.362387200129783,2.75947936252126
"01","La Plata","0001JI0971","AMBA","Estatal","Oficial","1.2.Inicial",145,8,"16.7","Inicial",16.7,657,0.386368706020725,2.58820133312339
"05","Almirante Brown","0004JI0915","AMBA","Estatal","Oficial","1.2.Inicial",181,8,"16.7","Inicial",16.7,657,0.482294729584491,2.07342095747454
"05","Almirante Brown","0004JI0955","AMBA","Estatal","Oficial","1.2.Inicial",163,6,"16.7","Inicial",16.7,657,0.434331717802608,2.3023876889748
"02","Avellaneda","0005JI0904","AMBA","Estatal","Oficial","1.2.Inicial",75,6,"16.7","Inicial",16.7,657,0.199845882424513,5.00385591070523
"02","Avellaneda","0005JI0925","AMBA","Estatal","Oficial","1.2.Inicial",71,5,"16.7","Inicial",16.7,657,0.189187435361872,5.28576328595622
"11","Campana","0015JI0902","AMBA","Estatal","Oficial","1.2.Inicial",118,8,"16.7","Inicial",16.7,657,0.3144241883479,3.18041689239739
"11","Campana","0015JI0907","AMBA","Estatal","Oficial","1.2.Inicial",164,8,"16.7","Inicial",16.7,657,0.436996329568268,2.28834873965178
"11","Campana","0015JI0922","AMBA","Estatal","Oficial","1.2.Inicial",55,3,"16.7","Inicial",16.7,657,0.146553647111309,6.8234398782344
"11","Exaltación de la Cruz","0031JI0908","AMBA","Estatal","Oficial","1.2.Inicial",63,4,"16.7","Inicial",16.7,657,0.167870541236591,5.95697132226813
"04","Florencio Varela","0032JI0914","AMBA","Estatal","Oficial","1.2.Inicial",186,8,"16.7","Inicial",16.7,657,0.495617788412792,2.01768383496178
"04","Florencio Varela","0032JI0927","AMBA","Estatal","Oficial","1.2.Inicial",212,8,"16.7","Inicial",16.7,657,0.564897694319956,1.77023204388157
"04","Florencio Varela","0032JI0931","AMBA","Estatal","Oficial","1.2.Inicial",365,12,"16.7","Inicial",16.7,657,0.972583294465962,1.02818957069285
"04","Florencio Varela","0032JI0942","AMBA","Estatal","Oficial","1.2.Inicial",205,8,"16.7","Inicial",16.7,657,0.546245411960335,1.83067899172142
"07","General San Martín","0045JI0902","AMBA","Estatal","Oficial","1.2.Inicial",186,13,"16.7","Inicial",16.7,657,0.495617788412792,2.01768383496178
"07","General San Martín","0045JI0912","AMBA","Estatal","Oficial","1.2.Inicial",222,10,"16.7","Inicial",16.7,657,0.591543811976558,1.69049186172474
"07","General San Martín","0045JI0928","AMBA","Estatal","Oficial","1.2.Inicial",131,8,"16.7","Inicial",16.7,657,0.349064141301482,2.86480300231215
"07","General San Martín","0045JI0947","AMBA","Estatal","Oficial","1.2.Inicial",150,6,"16.7","Inicial",16.7,657,0.399691764849026,2.50192795535261
"11","Zárate","0047JI0907","AMBA","Estatal","Oficial","1.2.Inicial",141,6,"16.7","Inicial",16.7,657,0.375710258958084,2.66162548441767
"11","Zárate","0047JI0914","AMBA","Estatal","Oficial","1.2.Inicial",157,6,"16.7","Inicial",16.7,657,0.418344047208647,2.39037702740695
"06","Tigre","0055JI0924","AMBA","Estatal","Oficial","1.2.Inicial",149,8,"16.7","Inicial",16.7,657,0.397027153083365,2.51871941814021
"06","Tigre","0055JI0946","AMBA","Estatal","Oficial","1.2.Inicial",245,12,"16.7","Inicial",16.7,657,0.652829882586742,1.53179262572609
"01","Magdalena","0064JI0905","AMBA","Estatal","Oficial","1.2.Inicial",137,8,"16.7","Inicial",16.7,657,0.365051811895443,2.73933717739337
"03","La Matanza","0069JI0919","AMBA","Estatal","Oficial","1.2.Inicial",138,10,"16.7","Inicial",16.7,657,0.367716423661104,2.71948690799197
"03","La Matanza","0069JI0965","AMBA","Estatal","Oficial","1.2.Inicial",230,8,"16.7","Inicial",16.7,657,0.612860706101839,1.63169214479518
"03","La Matanza","0069JI0978","AMBA","Estatal","Oficial","1.2.Inicial",240,8,"16.7","Inicial",16.7,657,0.639506823758441,1.56370497209538
"08","Merlo","0071JI0911","AMBA","Estatal","Oficial","1.2.Inicial",241,10,"16.7","Inicial",16.7,657,0.642171435524101,1.55721656972154
"08","Merlo","0071JI0927","AMBA","Estatal","Oficial","1.2.Inicial",197,8,"16.7","Inicial",16.7,657,0.524928517835054,1.90502128580148
"08","Merlo","0071JI0933","AMBA","Estatal","Oficial","1.2.Inicial",183,8,"16.7","Inicial",16.7,657,0.487623953115811,2.05076061914149
"08","Merlo","0071JI0935","AMBA","Estatal","Oficial","1.2.Inicial",363,12,"16.7","Inicial",16.7,657,0.967254070934642,1.03385452700521
"08","Merlo","0071JI0959","AMBA","Estatal","Oficial","1.2.Inicial",195,8,"16.7","Inicial",16.7,657,0.519599294303733,1.92455996565586
"09","Moreno","0073JI0954","AMBA","Estatal","Oficial","1.2.Inicial",168,6,"16.7","Inicial",16.7,657,0.447654776630909,2.23386424585055
"09","Moreno","0073JI0958","AMBA","Estatal","Oficial","1.2.Inicial",247,8,"16.7","Inicial",16.7,657,0.658159106118062,1.51938944657041
"10","Navarro","0074JI0902","AMBA","Estatal","Oficial","1.2.Inicial",126,6,"16.7","Inicial",16.7,657,0.335741082473182,2.97848566113406
"11","Pilar","0083JI0905","AMBA","Estatal","Oficial","1.2.Inicial",311,12,"16.7","Inicial",16.7,657,0.828694259120313,1.20671766335335
"11","Pilar","0083JI0933","AMBA","Estatal","Oficial","1.2.Inicial",294,10,"16.7","Inicial",16.7,657,0.78339585910409,1.27649385477174
"04","Quilmes","0085JI0918","AMBA","Estatal","Oficial","1.2.Inicial",156,8,"16.7","Inicial",16.7,657,0.415679435442987,2.40569995706982
"10","San Andrés de Giles","0093JI0907","AMBA","Estatal","Oficial","1.2.Inicial",47,5,"16.7","Inicial",16.7,657,0.125236752986028,7.98487645325302
"06","San Fernando","0095JI0927","AMBA","Estatal","Oficial","1.2.Inicial",109,7,"16.7","Inicial",16.7,657,0.290442682456959,3.44302012204488
"08","Morón","0100JI0901","AMBA","Estatal","Oficial","1.2.Inicial",173,14,"16.7","Inicial",16.7,657,0.46097783545921,2.16930169539244
"08","Morón","0100JI0921","AMBA","Estatal","Oficial","1.2.Inicial",42,4,"16.7","Inicial",16.7,657,0.111913694157727,8.93545698340219
"06","Vicente López","0109JI0911","AMBA","Estatal","Oficial","1.2.Inicial",41,5,"16.7","Inicial",16.7,657,0.109249082392067,9.15339495860712
"02","Lanús","0111JI0945","AMBA","Estatal","Oficial","1.2.Inicial",104,6,"16.7","Inicial",16.7,657,0.277119623628658,3.60854993560473
"01","Ensenada","0114JI0910","AMBA","Estatal","Oficial","1.2.Inicial",159,12,"16.7","Inicial",16.7,657,0.423673270739967,2.36030939184209
"11","Escobar","0116JI0914","AMBA","Estatal","Oficial","1.2.Inicial",213,8,"16.7","Inicial",16.7,657,0.567562306085616,1.76192109531874
"11","Escobar","0116JI0923","AMBA","Estatal","Oficial","1.2.Inicial",115,6,"16.7","Inicial",16.7,657,0.30643035305092,3.26338428959036
"07","Tres de Febrero","0117JI0920","AMBA","Estatal","Oficial","1.2.Inicial",31,4,"16.7","Inicial",16.7,657,0.0826029647354653,12.1061030097707
"05","Presidente Perón","0129JI0910","AMBA","Estatal","Oficial","1.2.Inicial",178,8,"16.7","Inicial",16.7,657,0.47430089428751,2.10836625451063
"05","Presidente Perón","0129JI0911","AMBA","Estatal","Oficial","1.2.Inicial",260,10,"16.7","Inicial",16.7,657,0.692799059071644,1.44341997424189
"09","San Miguel","0131JI0916","AMBA","Estatal","Oficial","1.2.Inicial",225,10,"16.7","Inicial",16.7,657,0.599537647273538,1.66795197023508
"09","Malvinas Argentinas","0133JI0917","AMBA","Estatal","Oficial","1.2.Inicial",330,16,"16.7","Inicial",16.7,657,0.879321882667856,1.13723997970573
"09","Malvinas Argentinas","0133JI0925","AMBA","Estatal","Oficial","1.2.Inicial",185,8,"16.7","Inicial",16.7,657,0.492953176647132,2.02859023406969
"01","Punta Indio","0134JI0903","AMBA","Estatal","Oficial","1.2.Inicial",148,9,"16.7","Inicial",16.7,657,0.394362541317705,2.53573779258711
"07","Hurlingham","0135JI0921","AMBA","Estatal","Oficial","1.2.Inicial",135,6,"16.7","Inicial",16.7,657,0.359722588364123,2.77991995039179
"08","Merlo","0071JI0920","AMBA","Estatal","Oficial","1.2.Inicial",149,8,"17.2","Inicial",17.2,657,0.397027153083365,2.51871941814021
"10","Mercedes","0070JI0903","AMBA","Estatal","Oficial","1.2.Inicial",118,9,"17.600000000000001","Inicial",17.6,657,0.3144241883479,3.18041689239739
"06","Tigre","0055JI0908","AMBA","Estatal","Oficial","1.2.Inicial",146,8,"17.7","Inicial",17.7,657,0.389033317786385,2.57047392673214
"06","San Isidro","0096JI0906","AMBA","Estatal","Oficial","1.2.Inicial",115,8,"17.7","Inicial",17.7,657,0.30643035305092,3.26338428959036
"01","La Plata","0001JI0952","AMBA","Estatal","Oficial","1.2.Inicial",113,6,"18.100000000000001","Inicial",18.1,657,0.301101129519599,3.32114330356542
"09","San Miguel","0131JI0902","AMBA","Estatal","Oficial","1.2.Inicial",231,12,"18.100000000000001","Inicial",18.1,657,0.615525317867499,1.62462854243676
"03","La Matanza","0069JI0933","AMBA","Estatal","Oficial","1.2.Inicial",254,10,"18.3","Inicial",18.3,657,0.676811388477683,1.4775165090665
"09","Malvinas Argentinas","0133JI0915","AMBA","Estatal","Oficial","1.2.Inicial",317,15,"18.3","Inicial",18.3,657,0.844681929714274,1.18387758139714
"10","Marcos Paz","0067JI0914","AMBA","Estatal","Oficial","1.2.Inicial",158,8,"18.8","Inicial",18.8,657,0.421008658974307,2.37524805887906
"11","Escobar","0116JI0905","AMBA","Estatal","Oficial","1.2.Inicial",145,8,"18.8","Inicial",18.8,657,0.386368706020725,2.58820133312339
"11","Escobar","0116JI0910","AMBA","Estatal","Oficial","1.2.Inicial",180,8,"18.8","Inicial",18.8,657,0.479630117818831,2.08493996279384
"01","La Plata","0001JI0910","AMBA","Estatal","Oficial","1.2.Inicial",177,10,"19.2","Inicial",19.2,657,0.47163628252185,2.12027792826493
"06","Tigre","0055JI0937","AMBA","Estatal","Oficial","1.2.Inicial",191,10,"19.2","Inicial",19.2,657,0.508940847241093,1.96486488640258
"08","Merlo","0071JI0905","AMBA","Estatal","Oficial","1.2.Inicial",222,10,"19.2","Inicial",19.2,657,0.591543811976558,1.69049186172474
"02","Avellaneda","0005JI0932","AMBA","Estatal","Oficial","1.2.Inicial",263,12,"19.399999999999999","Inicial",19.4,657,0.700792894368625,1.42695510761556
"09","Moreno","0073JI0936","AMBA","Estatal","Oficial","1.2.Inicial",154,6,"19.399999999999999","Inicial",19.4,657,0.410350211911666,2.43694281365514
"05","San Vicente","0099JI0914","AMBA","Estatal","Oficial","1.2.Inicial",111,6,"19.399999999999999","Inicial",19.4,657,0.295771905988279,3.38098372344948
"11","Escobar","0116JI0922","AMBA","Estatal","Oficial","1.2.Inicial",129,6,"19.399999999999999","Inicial",19.4,657,0.343734917770162,2.9092185527356
"03","La Matanza","0069JI0961","AMBA","Estatal","Oficial","1.2.Inicial",179,8,"19.8","Inicial",19.8,657,0.476965506053171,2.0965876720832
"01","Berisso","0113JI0914","AMBA","Estatal","Oficial","1.2.Inicial",126,8,"19.8","Inicial",19.8,657,0.335741082473182,2.97848566113406
"03","La Matanza","0069JI0949","AMBA","Estatal","Oficial","1.2.Inicial",166,10,"20","Inicial",20,657,0.442325553099588,2.26077827290899
"01","Brandsen","0014JI0909","AMBA","Estatal","Oficial","1.2.Inicial",193,7,"20.2","Inicial",20.2,657,0.514270070772413,1.94450359224296
"11","Exaltación de la Cruz","0031JI0903","AMBA","Estatal","Oficial","1.2.Inicial",160,8,"20.3","Inicial",20.3,657,0.426337882505627,2.34555745814307
"05","Almirante Brown","0004JI0965","AMBA","Estatal","Oficial","1.2.Inicial",115,6,"20.8","Inicial",20.8,657,0.30643035305092,3.26338428959036
"06","Tigre","0055JI0948","AMBA","Estatal","Oficial","1.2.Inicial",127,6,"20.8","Inicial",20.8,657,0.338405694238842,2.95503301813301
"03","La Matanza","0069JI0901","AMBA","Estatal","Oficial","1.2.Inicial",193,14,"20.8","Inicial",20.8,657,0.514270070772413,1.94450359224296
"03","La Matanza","0069JI0906","AMBA","Estatal","Oficial","1.2.Inicial",422,14,"20.8","Inicial",20.8,657,1,1
"11","Pilar","0083JI0912","AMBA","Estatal","Oficial","1.2.Inicial",78,4,"20.8","Inicial",20.8,657,0.207839717721493,4.81139991413964
"06","San Fernando","0095JI0915","AMBA","Estatal","Oficial","1.2.Inicial",11,2,"20.8","Inicial",20.8,657,0.0293107294222619,34.117199391172
"05","San Vicente","0099JI0909","AMBA","Estatal","Oficial","1.2.Inicial",262,10,"20.8","Inicial",20.8,657,0.698128282602965,1.43240150115608
"02","Lanús","0111JI0906","AMBA","Estatal","Oficial","1.2.Inicial",119,6,"20.8","Inicial",20.8,657,0.31708880011356,3.1536907000243
"09","José C. Paz","0132JI0904","AMBA","Estatal","Oficial","1.2.Inicial",333,12,"20.8","Inicial",20.8,657,0.887315717964837,1.12699457448316
"04","Quilmes","0085JI0914","AMBA","Estatal","Oficial","1.2.Inicial",120,6,"21.5","Inicial",21.5,657,0.319753411879221,3.12740994419077
"08","Merlo","0071JI0928","AMBA","Estatal","Oficial","1.2.Inicial",239,10,"21.7","Inicial",21.7,657,0.636842211992781,1.5702476707234
"08","Merlo","0071JI0916","AMBA","Estatal","Oficial","1.2.Inicial",183,8,"21.9","Inicial",21.9,657,0.487623953115811,2.05076061914149
"01","Berisso","0113JI0902","AMBA","Estatal","Oficial","1.2.Inicial",131,8,"21.9","Inicial",21.9,657,0.349064141301482,2.86480300231215
"09","Malvinas Argentinas","0133JI0919","AMBA","Estatal","Oficial","1.2.Inicial",172,6,"21.9","Inicial",21.9,657,0.458313223693549,2.1819139145517
"09","Moreno","0073JI0932","AMBA","Estatal","Oficial","1.2.Inicial",173,6,"22.2","Inicial",22.2,657,0.46097783545921,2.16930169539244
"04","Quilmes","0085JI0941","AMBA","Estatal","Oficial","1.2.Inicial",288,12,"22.2","Inicial",22.2,657,0.767408188510129,1.30308747674615
"07","Tres de Febrero","0117JI0924","AMBA","Estatal","Oficial","1.2.Inicial",102,6,"22.2","Inicial",22.2,657,0.271790400097337,3.67930581669502
"08","Merlo","0071JI0942","AMBA","Estatal","Oficial","1.2.Inicial",262,10,"22.5","Inicial",22.5,657,0.698128282602965,1.43240150115608
"05","Presidente Perón","0129JI0918","AMBA","Estatal","Oficial","1.2.Inicial",127,7,"22.6","Inicial",22.6,657,0.338405694238842,2.95503301813301
"05","Almirante Brown","0004JI0930","AMBA","Estatal","Oficial","1.2.Inicial",168,8,"22.9","Inicial",22.9,657,0.447654776630909,2.23386424585055
"07","General San Martín","0045JI0941","AMBA","Estatal","Oficial","1.2.Inicial",52,4,"22.9","Inicial",22.9,657,0.138559811814329,7.21709987120946
"02","Lanús","0111JI0910","AMBA","Estatal","Oficial","1.2.Inicial",104,8,"22.9","Inicial",22.9,657,0.277119623628658,3.60854993560473
"04","Berazategui","0119JI0917","AMBA","Estatal","Oficial","1.2.Inicial",156,8,"22.9","Inicial",22.9,657,0.415679435442987,2.40569995706982
"01","La Plata","0001JI0951","AMBA","Estatal","Oficial","1.2.Inicial",136,6,"23.6","Inicial",23.6,657,0.362387200129783,2.75947936252126
"02","Avellaneda","0005JI0917","AMBA","Estatal","Oficial","1.2.Inicial",82,6,"23.6","Inicial",23.6,657,0.218498164784134,4.57669747930356
"04","Quilmes","0085JI0905","AMBA","Estatal","Oficial","1.2.Inicial",110,6,"23.6","Inicial",23.6,657,0.293107294222619,3.4117199391172
"01","Berisso","0113JI0904","AMBA","Estatal","Oficial","1.2.Inicial",225,12,"23.6","Inicial",23.6,657,0.599537647273538,1.66795197023508
"10","Suipacha","0101JI0901","AMBA","Estatal","Oficial","1.2.Inicial",190,14,"23.8","Inicial",23.8,657,0.506276235475432,1.97520628054154
"04","Florencio Varela","0032JI0935","AMBA","Estatal","Oficial","1.2.Inicial",238,8,"24","Inicial",24,657,0.634177600227121,1.57684535001215
"06","Tigre","0055JI0932","AMBA","Estatal","Oficial","1.2.Inicial",146,8,"24","Inicial",24,657,0.389033317786385,2.57047392673214
"08","Merlo","0071JI0954","AMBA","Estatal","Oficial","1.2.Inicial",241,8,"24","Inicial",24,657,0.642171435524101,1.55721656972154
"06","San Fernando","0095JI0929","AMBA","Estatal","Oficial","1.2.Inicial",103,8,"24","Inicial",24,657,0.274455011862998,3.64358440099895
"05","San Vicente","0099JI0903","AMBA","Estatal","Oficial","1.2.Inicial",205,9,"24.1","Inicial",24.1,657,0.546245411960335,1.83067899172142
"04","Florencio Varela","0032JI0903","AMBA","Estatal","Oficial","1.2.Inicial",231,10,"24.2","Inicial",24.2,657,0.615525317867499,1.62462854243676
"02","Lanús","0111JI0907","AMBA","Estatal","Oficial","1.2.Inicial",159,10,"24.2","Inicial",24.2,657,0.423673270739967,2.36030939184209
"05","Presidente Perón","0129JI0915","AMBA","Estatal","Oficial","1.2.Inicial",209,10,"24.2","Inicial",24.2,657,0.556903859022976,1.79564207321958
"03","La Matanza","0069JI0992","AMBA","Estatal","Oficial","1.2.Inicial",329,12,"24.3","Inicial",24.3,657,0.876657270902196,1.140696636179
"01","La Plata","0001JI0908","AMBA","Estatal","Oficial","1.2.Inicial",249,12,"25","Inicial",25,657,0.663488329649383,1.50718551527266
"05","Almirante Brown","0004JI0907","AMBA","Estatal","Oficial","1.2.Inicial",112,8,"25","Inicial",25,657,0.298436517753939,3.35079636877582
"05","Almirante Brown","0004JI0960","AMBA","Estatal","Oficial","1.2.Inicial",112,6,"25","Inicial",25,657,0.298436517753939,3.35079636877582
"02","Avellaneda","0005JI0927","AMBA","Estatal","Oficial","1.2.Inicial",141,8,"25","Inicial",25,657,0.375710258958084,2.66162548441767
"11","Campana","0015JI0908","AMBA","Estatal","Oficial","1.2.Inicial",128,8,"25","Inicial",25,657,0.341070306004502,2.93194682267884
"11","Campana","0015JI0913","AMBA","Estatal","Oficial","1.2.Inicial",158,6,"25","Inicial",25,657,0.421008658974307,2.37524805887906
"11","Campana","0015JI0920","AMBA","Estatal","Oficial","1.2.Inicial",81,5,"25","Inicial",25,657,0.215833553018474,4.63319991731965
"04","Florencio Varela","0032JI0915","AMBA","Estatal","Oficial","1.2.Inicial",190,8,"25","Inicial",25,657,0.506276235475432,1.97520628054154
"04","Florencio Varela","0032JI0916","AMBA","Estatal","Oficial","1.2.Inicial",223,8,"25","Inicial",25,657,0.594208423742218,1.68291118073046
"04","Florencio Varela","0032JI0923","AMBA","Estatal","Oficial","1.2.Inicial",227,8,"25","Inicial",25,657,0.604866870804859,1.65325635816252
"04","Florencio Varela","0032JI0925","AMBA","Estatal","Oficial","1.2.Inicial",224,8,"25","Inicial",25,657,0.596873035507878,1.67539818438791
"04","Florencio Varela","0032JI0936","AMBA","Estatal","Oficial","1.2.Inicial",180,6,"25","Inicial",25,657,0.479630117818831,2.08493996279384
"04","Florencio Varela","0032JI0946","AMBA","Estatal","Oficial","1.2.Inicial",211,8,"25","Inicial",25,657,0.562233082554296,1.77862176920802
"10","General Rodríguez","0044JI0901","AMBA","Estatal","Oficial","1.2.Inicial",229,10,"25","Inicial",25,657,0.610196094336179,1.6388174380039
"11","Zárate","0047JI0905","AMBA","Estatal","Oficial","1.2.Inicial",142,8,"25","Inicial",25,657,0.378374870723744,2.64288164297811
"11","Zárate","0047JI0912","AMBA","Estatal","Oficial","1.2.Inicial",116,6,"25","Inicial",25,657,0.30909496481658,3.23525166640424
"10","General Las Heras","0057JI0901","AMBA","Estatal","Oficial","1.2.Inicial",233,14,"25","Inicial",25,657,0.62085454139882,1.61068323305962
"02","Lomas de Zamora","0062JI0923","AMBA","Estatal","Oficial","1.2.Inicial",149,8,"25","Inicial",25,657,0.397027153083365,2.51871941814021
"10","Marcos Paz","0067JI0910","AMBA","Estatal","Oficial","1.2.Inicial",173,8,"25","Inicial",25,657,0.46097783545921,2.16930169539244
"03","La Matanza","0069JI0971","AMBA","Estatal","Oficial","1.2.Inicial",175,8,"25","Inicial",25,657,0.46630705899053,2.14450967601653
"08","Merlo","0071JI0902","AMBA","Estatal","Oficial","1.2.Inicial",263,12,"25","Inicial",25,657,0.700792894368625,1.42695510761556
"08","Merlo","0071JI0939","AMBA","Estatal","Oficial","1.2.Inicial",161,8,"25","Inicial",25,657,0.429002494271288,2.33098877827883
"08","Merlo","0071JI0956","AMBA","Estatal","Oficial","1.2.Inicial",221,8,"25","Inicial",25,657,0.588879200210898,1.69814114616693
"09","Moreno","0073JI0908","AMBA","Estatal","Oficial","1.2.Inicial",166,8,"25","Inicial",25,657,0.442325553099588,2.26077827290899
"09","Moreno","0073JI0944","AMBA","Estatal","Oficial","1.2.Inicial",207,8,"25","Inicial",25,657,0.551574635491655,1.81299127199465
"09","Moreno","0073JI0965","AMBA","Estatal","Oficial","1.2.Inicial",329,12,"25","Inicial",25,657,0.876657270902196,1.140696636179
"11","Pilar","0083JI0909","AMBA","Estatal","Oficial","1.2.Inicial",236,8,"25","Inicial",25,657,0.6288483766958,1.59020844619869
"11","Pilar","0083JI0916","AMBA","Estatal","Oficial","1.2.Inicial",258,10,"25","Inicial",25,657,0.687469835540324,1.4546092763678
"11","Pilar","0083JI0946","AMBA","Estatal","Oficial","1.2.Inicial",204,8,"25","Inicial",25,657,0.543580800194675,1.83965290834751
"04","Quilmes","0085JI0952","AMBA","Estatal","Oficial","1.2.Inicial",56,4,"25","Inicial",25,657,0.14921825887697,6.70159273755164
"06","San Fernando","0095JI0908","AMBA","Estatal","Oficial","1.2.Inicial",28,2,"25","Inicial",25,657,0.0746091294384848,13.4031854751033
"06","San Fernando","0095JI0923","AMBA","Estatal","Oficial","1.2.Inicial",72,4,"25","Inicial",25,657,0.191852047127532,5.21234990698461
"06","San Fernando","0095JI0930","AMBA","Estatal","Oficial","1.2.Inicial",113,6,"25","Inicial",25,657,0.301101129519599,3.32114330356542
"05","San Vicente","0099JI0906","AMBA","Estatal","Oficial","1.2.Inicial",200,8,"25","Inicial",25,657,0.532922353132034,1.87644596651446
"02","Lanús","0111JI0905","AMBA","Estatal","Oficial","1.2.Inicial",92,8,"25","Inicial",25,657,0.245144282440736,4.07923036198796
"02","Lanús","0111JI0924","AMBA","Estatal","Oficial","1.2.Inicial",147,6,"25","Inicial",25,657,0.391697929552045,2.55298770954348
"01","Ensenada","0114JI0906","AMBA","Estatal","Oficial","1.2.Inicial",90,8,"25","Inicial",25,657,0.239815058909415,4.16987992558769
"11","Escobar","0116JI0904","AMBA","Estatal","Oficial","1.2.Inicial",219,8,"25","Inicial",25,657,0.583549976679577,1.71364928448809
"07","Tres de Febrero","0117JI0905","AMBA","Estatal","Oficial","1.2.Inicial",108,10,"25","Inicial",25,657,0.287778070691298,3.47489993798974
"05","Presidente Perón","0129JI0904","AMBA","Estatal","Oficial","1.2.Inicial",206,8,"25","Inicial",25,657,0.548910023725995,1.82179220049948
"05","Presidente Perón","0129JI0913","AMBA","Estatal","Oficial","1.2.Inicial",301,12,"25","Inicial",25,657,0.802048141463711,1.2468079511724
"05","Presidente Perón","0129JI0914","AMBA","Estatal","Oficial","1.2.Inicial",179,8,"25","Inicial",25,657,0.476965506053171,2.0965876720832
"09","José C. Paz","0132JI0902","AMBA","Estatal","Oficial","1.2.Inicial",390,14,"25","Inicial",25,657,1,1
"09","Malvinas Argentinas","0133JI0907","AMBA","Estatal","Oficial","1.2.Inicial",224,8,"25","Inicial",25,657,0.596873035507878,1.67539818438791
"07","Hurlingham","0135JI0906","AMBA","Estatal","Oficial","1.2.Inicial",89,6,"25","Inicial",25,657,0.237150447143755,4.21673250902126
"08","Ituzaingó","0136JI0917","AMBA","Estatal","Oficial","1.2.Inicial",249,12,"25","Inicial",25,657,0.663488329649383,1.50718551527266
"06","Tigre","0055JI0929","AMBA","Estatal","Oficial","1.2.Inicial",187,12,"25.7","Inicial",25.7,657,0.498282400178452,2.00689408183365
"05","Almirante Brown","0004JI0940","AMBA","Estatal","Oficial","1.2.Inicial",222,8,"26","Inicial",26,657,0.591543811976558,1.69049186172474
"04","Florencio Varela","0032JI0911","AMBA","Estatal","Oficial","1.2.Inicial",340,14,"26.2","Inicial",26.2,657,0.905968000324458,1.10379174500851
"04","Quilmes","0085JI0968","AMBA","Estatal","Oficial","1.2.Inicial",137,6,"26.4","Inicial",26.4,657,0.365051811895443,2.73933717739337
"01","La Plata","0001JI2660","AMBA","Estatal","Oficial","1.2.Inicial",55,3,"SD","Inicial",NA,657,0.146553647111309,6.8234398782344
"02","Lomas de Zamora","0062JU0010","AMBA","Estatal","Oficial","1.2.Inicial",356,14,"SD","Inicial",NA,657,0.948601788575021,1.05418312725531
"03","La Matanza","0069JU0001","AMBA","Estatal","Oficial","1.2.Inicial",160,6,"SD","Inicial",NA,657,0.426337882505627,2.34555745814307
"03","La Matanza","0069JU0007","AMBA","Estatal","Oficial","1.2.Inicial",189,8,"SD","Inicial",NA,657,0.503611623709772,1.98565710742271
"03","La Matanza","0069JU0031","AMBA","Estatal","Oficial","1.2.Inicial",320,13,"SD","Inicial",NA,657,0.852675765011255,1.17277872907154
"02","Lomas de Zamora","0062JI0911","AMBA","Estatal","Oficial","1.2.Inicial",152,9,"26.9","Inicial",26.9,657,0.405020988380346,2.46900785067692
"04","Florencio Varela","0032JI0949","AMBA","Estatal","Oficial","1.2.Inicial",223,8,"27.1","Inicial",27.1,657,0.594208423742218,1.68291118073046
"03","La Matanza","0069JI0914","AMBA","Estatal","Oficial","1.2.Inicial",203,12,"27.1","Inicial",27.1,657,0.540916188429015,1.84871523794528
"03","La Matanza","0069JI0974","AMBA","Estatal","Oficial","1.2.Inicial",131,8,"27.1","Inicial",27.1,657,0.349064141301482,2.86480300231215
"08","Merlo","0071JI0931","AMBA","Estatal","Oficial","1.2.Inicial",163,8,"27.1","Inicial",27.1,657,0.434331717802608,2.3023876889748
"02","Lanús","0111JI0911","AMBA","Estatal","Oficial","1.2.Inicial",136,10,"27.1","Inicial",27.1,657,0.362387200129783,2.75947936252126
"08","Merlo","0071JI0915","AMBA","Estatal","Oficial","1.2.Inicial",285,12,"27.3","Inicial",27.3,657,0.759414353213149,1.31680418702769
"01","La Plata","0001JI0901","AMBA","Estatal","Oficial","1.2.Inicial",213,14,"27.4","Inicial",27.4,657,0.567562306085616,1.76192109531874
"02","Lomas de Zamora","0062JI0928","AMBA","Estatal","Oficial","1.2.Inicial",124,8,"27.5","Inicial",27.5,657,0.330411858941861,3.02652575244268
"05","Almirante Brown","0004JI0903","AMBA","Estatal","Oficial","1.2.Inicial",147,6,"27.8","Inicial",27.8,657,0.391697929552045,2.55298770954348
"07","Tres de Febrero","0117JI0930","AMBA","Estatal","Oficial","1.2.Inicial",128,6,"27.8","Inicial",27.8,657,0.341070306004502,2.93194682267884
"01","La Plata","0001JI0985","AMBA","Estatal","Oficial","1.2.Inicial",190,8,"28.1","Inicial",28.1,657,0.506276235475432,1.97520628054154
"03","La Matanza","0069JI0990","AMBA","Estatal","Oficial","1.2.Inicial",199,8,"28.1","Inicial",28.1,657,0.530257741366374,1.88587534323061
"09","Moreno","0073JI0904","AMBA","Estatal","Oficial","1.2.Inicial",215,8,"28.1","Inicial",28.1,657,0.572891529616937,1.74553113164136
"08","Ituzaingó","0136JI0919","AMBA","Estatal","Oficial","1.2.Inicial",120,8,"28.1","Inicial",28.1,657,0.319753411879221,3.12740994419077
"05","Almirante Brown","0004JI0902","AMBA","Estatal","Oficial","1.2.Inicial",202,10,"28.3","Inicial",28.3,657,0.538251576663354,1.85786729357867
"08","Merlo","0071JI0930","AMBA","Estatal","Oficial","1.2.Inicial",275,10,"28.3","Inicial",28.3,657,0.732768235556547,1.36468797564688
"05","Almirante Brown","0004JI0913","AMBA","Estatal","Oficial","1.2.Inicial",224,10,"29.2","Inicial",29.2,657,0.596873035507878,1.67539818438791
"10","Cañuelas","0016JI0902","AMBA","Estatal","Oficial","1.2.Inicial",201,10,"29.2","Inicial",29.2,657,0.535586964897694,1.86711041444225
"06","Tigre","0055JI0917","AMBA","Estatal","Oficial","1.2.Inicial",195,10,"29.2","Inicial",29.2,657,0.519599294303733,1.92455996565586
"03","La Matanza","0069JI0977","AMBA","Estatal","Oficial","1.2.Inicial",319,12,"29.2","Inicial",29.2,657,0.850011153245595,1.17645515141972
"03","La Matanza","0069JI0983","AMBA","Estatal","Oficial","1.2.Inicial",260,10,"29.2","Inicial",29.2,657,0.692799059071644,1.44341997424189
"09","Moreno","0073JI0953","AMBA","Estatal","Oficial","1.2.Inicial",148,6,"29.2","Inicial",29.2,657,0.394362541317705,2.53573779258711
"05","Presidente Perón","0129JI0908","AMBA","Estatal","Oficial","1.2.Inicial",312,12,"29.2","Inicial",29.2,657,0.831358870885973,1.20284997853491
"09","San Miguel","0131JI0912","AMBA","Estatal","Oficial","1.2.Inicial",254,10,"29.2","Inicial",29.2,657,0.676811388477683,1.4775165090665
"04","Quilmes","0085JI0907","AMBA","Estatal","Oficial","1.2.Inicial",274,14,"29.8","Inicial",29.8,657,0.730103623790887,1.36966858869669
"02","Lomas de Zamora","0062JI0916","AMBA","Estatal","Oficial","1.2.Inicial",64,6,"29.9","Inicial",29.9,657,0.170535153002251,5.86389364535769
"05","San Vicente","0099JI0912","AMBA","Estatal","Oficial","1.2.Inicial",220,10,"30","Inicial",30,657,0.586214588445238,1.7058599695586
"01","La Plata","0001JI0938","AMBA","Estatal","Oficial","1.2.Inicial",99,8,"30.2","Inicial",30.2,657,0.263796564800357,3.79079993235244
"07","General San Martín","0045JI0946","AMBA","Estatal","Oficial","1.2.Inicial",204,8,"30.2","Inicial",30.2,657,0.543580800194675,1.83965290834751
"03","La Matanza","0069JI1019","AMBA","Estatal","Oficial","1.2.Inicial",162,8,"30.2","Inicial",30.2,657,0.431667106036948,2.31659995865983
"04","Quilmes","0085JI0902","AMBA","Estatal","Oficial","1.2.Inicial",334,14,"30.4","Inicial",30.4,657,0.889980329730497,1.12362033923022
"02","Lanús","0111JI0918","AMBA","Estatal","Oficial","1.2.Inicial",103,6,"30.6","Inicial",30.6,657,0.274455011862998,3.64358440099895
"01","La Plata","0001JI0964","AMBA","Estatal","Oficial","1.2.Inicial",186,8,"31.2","Inicial",31.2,657,0.495617788412792,2.01768383496178
"02","Lomas de Zamora","0062JI0920","AMBA","Estatal","Oficial","1.2.Inicial",38,4,"31.2","Inicial",31.2,657,0.101255247095086,9.87603140270768
"03","La Matanza","0069JI0987","AMBA","Estatal","Oficial","1.2.Inicial",337,12,"31.2","Inicial",31.2,657,0.897974165027478,1.11361778428158
"08","Merlo","0071JI0926","AMBA","Estatal","Oficial","1.2.Inicial",210,8,"31.2","Inicial",31.2,657,0.559568470788636,1.78709139668044
"08","Morón","0100JI0933","AMBA","Estatal","Oficial","1.2.Inicial",141,8,"31.2","Inicial",31.2,657,0.375710258958084,2.66162548441767
"08","Ituzaingó","0136JI0910","AMBA","Estatal","Oficial","1.2.Inicial",151,8,"31.2","Inicial",31.2,657,0.402356376614686,2.48535889604564
"03","La Matanza","0069JI0922","AMBA","Estatal","Oficial","1.2.Inicial",183,10,"31.7","Inicial",31.7,657,0.487623953115811,2.05076061914149
"07","Tres de Febrero","0117JI0931","AMBA","Estatal","Oficial","1.2.Inicial",61,6,"31.7","Inicial",31.7,657,0.16254131770527,6.15228185742446
"10","General Rodríguez","0044JI0926","AMBA","Estatal","Oficial","1.2.Inicial",167,6,"31.9","Inicial",31.9,657,0.444990164865249,2.24724067846043
"08","Merlo","0071JI0944","AMBA","Estatal","Oficial","1.2.Inicial",181,6,"31.9","Inicial",31.9,657,0.482294729584491,2.07342095747454
"01","Ensenada","0114JI0909","AMBA","Estatal","Oficial","1.2.Inicial",114,8,"31.9","Inicial",31.9,657,0.303765741285259,3.29201046756923
"10","General Rodríguez","0044JI0913","AMBA","Estatal","Oficial","1.2.Inicial",341,14,"32.1","Inicial",32.1,657,0.908632612090118,1.10055481907006
"03","La Matanza","0069JI0935","AMBA","Estatal","Oficial","1.2.Inicial",140,8,"32.299999999999997","Inicial",32.3,657,0.373045647192424,2.68063709502066
"04","Quilmes","0085JI0913","AMBA","Estatal","Oficial","1.2.Inicial",136,8,"32.299999999999997","Inicial",32.3,657,0.362387200129783,2.75947936252126
"08","Ituzaingó","0136JI0903","AMBA","Estatal","Oficial","1.2.Inicial",119,8,"32.299999999999997","Inicial",32.3,657,0.31708880011356,3.1536907000243
"09","Malvinas Argentinas","0133JI0912","AMBA","Estatal","Oficial","1.2.Inicial",172,10,"32.5","Inicial",32.5,657,0.458313223693549,2.1819139145517
"05","Almirante Brown","0004JI0927","AMBA","Estatal","Oficial","1.2.Inicial",256,12,"32.6","Inicial",32.6,657,0.682140612009004,1.46597341133942
"05","Almirante Brown","0004JI0911","AMBA","Estatal","Oficial","1.2.Inicial",197,10,"33.299999999999997","Inicial",33.3,657,0.524928517835054,1.90502128580148
"05","Almirante Brown","0004JI0916","AMBA","Estatal","Oficial","1.2.Inicial",175,10,"33.299999999999997","Inicial",33.3,657,0.46630705899053,2.14450967601653
"05","Almirante Brown","0004JI0941","AMBA","Estatal","Oficial","1.2.Inicial",161,8,"33.299999999999997","Inicial",33.3,657,0.429002494271288,2.33098877827883
"02","Avellaneda","0005JI0926","AMBA","Estatal","Oficial","1.2.Inicial",199,8,"33.299999999999997","Inicial",33.3,657,0.530257741366374,1.88587534323061
"10","Cañuelas","0016JI0901","AMBA","Estatal","Oficial","1.2.Inicial",52,3,"33.299999999999997","Inicial",33.3,657,0.138559811814329,7.21709987120946
"04","Florencio Varela","0032JI0940","AMBA","Estatal","Oficial","1.2.Inicial",362,12,"33.299999999999997","Inicial",33.3,657,0.964589459168982,1.03671047873727
"11","Zárate","0047JI0919","AMBA","Estatal","Oficial","1.2.Inicial",187,8,"33.299999999999997","Inicial",33.3,657,0.498282400178452,2.00689408183365
"10","Marcos Paz","0067JI0913","AMBA","Estatal","Oficial","1.2.Inicial",152,8,"33.299999999999997","Inicial",33.3,657,0.405020988380346,2.46900785067692
"03","La Matanza","0069JI0970","AMBA","Estatal","Oficial","1.2.Inicial",120,8,"33.299999999999997","Inicial",33.3,657,0.319753411879221,3.12740994419077
"10","Mercedes","0070JI0915","AMBA","Estatal","Oficial","1.2.Inicial",118,6,"33.299999999999997","Inicial",33.3,657,0.3144241883479,3.18041689239739
"08","Merlo","0071JI0922","AMBA","Estatal","Oficial","1.2.Inicial",205,8,"33.299999999999997","Inicial",33.3,657,0.546245411960335,1.83067899172142
"08","Merlo","0071JI0943","AMBA","Estatal","Oficial","1.2.Inicial",157,6,"33.299999999999997","Inicial",33.3,657,0.418344047208647,2.39037702740695
"09","Moreno","0073JI0906","AMBA","Estatal","Oficial","1.2.Inicial",260,11,"33.299999999999997","Inicial",33.3,657,0.692799059071644,1.44341997424189
"09","Moreno","0073JI0917","AMBA","Estatal","Oficial","1.2.Inicial",336,14,"33.299999999999997","Inicial",33.3,657,0.895309553261817,1.11693212292527
"09","Moreno","0073JI0935","AMBA","Estatal","Oficial","1.2.Inicial",226,8,"33.299999999999997","Inicial",33.3,657,0.602202259039199,1.66057165178271
"11","Pilar","0083JI0911","AMBA","Estatal","Oficial","1.2.Inicial",231,10,"33.299999999999997","Inicial",33.3,657,0.615525317867499,1.62462854243676
"11","Pilar","0083JI0915","AMBA","Estatal","Oficial","1.2.Inicial",243,8,"33.299999999999997","Inicial",33.3,657,0.647500659055422,1.54439997243988
"07","Tres de Febrero","0117JI0927","AMBA","Estatal","Oficial","1.2.Inicial",43,4,"33.299999999999997","Inicial",33.3,657,0.114578305923387,8.72765565820679
"09","José C. Paz","0132JI0915","AMBA","Estatal","Oficial","1.2.Inicial",189,8,"33.299999999999997","Inicial",33.3,657,0.503611623709772,1.98565710742271
"05","Esteban Echeverría","0030JI0921","AMBA","Estatal","Oficial","1.2.Inicial",303,12,"33.700000000000003","Inicial",33.7,657,0.807377364995032,1.23857819571912
"04","Quilmes","0085JI0926","AMBA","Estatal","Oficial","1.2.Inicial",310,12,"33.700000000000003","Inicial",33.7,657,0.826029647354653,1.21061030097707
"05","Esteban Echeverría","0030JI0931","AMBA","Estatal","Oficial","1.2.Inicial",240,10,"33.799999999999997","Inicial",33.8,657,0.639506823758441,1.56370497209538
"06","Tigre","0055JI0903","AMBA","Estatal","Oficial","1.2.Inicial",258,14,"33.9","Inicial",33.9,657,0.687469835540324,1.4546092763678
"09","Moreno","0073JI0918","AMBA","Estatal","Oficial","1.2.Inicial",278,12,"34","Inicial",34,657,0.740762070853528,1.34996112698882
"05","San Vicente","0099JI0905","AMBA","Estatal","Oficial","1.2.Inicial",278,12,"34","Inicial",34,657,0.740762070853528,1.34996112698882
"06","Tigre","0055JI0939","AMBA","Estatal","Oficial","1.2.Inicial",172,8,"34.4","Inicial",34.4,657,0.458313223693549,2.1819139145517
"08","Merlo","0071JI0938","AMBA","Estatal","Oficial","1.2.Inicial",252,8,"34.4","Inicial",34.4,657,0.671482164946363,1.48924283056703
"05","Almirante Brown","0004JI0901","AMBA","Estatal","Oficial","1.2.Inicial",284,14,"34.5","Inicial",34.5,657,0.756749741447489,1.32144082148906
"03","La Matanza","0069JI0944","AMBA","Estatal","Oficial","1.2.Inicial",148,6,"34.700000000000003","Inicial",34.7,657,0.394362541317705,2.53573779258711
"03","La Matanza","0069JI0904","AMBA","Estatal","Oficial","1.2.Inicial",180,10,"35","Inicial",35,657,0.479630117818831,2.08493996279384
"04","Quilmes","0085JI0925","AMBA","Estatal","Oficial","1.2.Inicial",183,10,"35","Inicial",35,657,0.487623953115811,2.05076061914149
"10","Luján","0063JI0917","AMBA","Estatal","Oficial","1.2.Inicial",53,4,"35.4","Inicial",35.4,657,0.141224423579989,7.08092817552626
"08","Merlo","0071JI0917","AMBA","Estatal","Oficial","1.2.Inicial",262,12,"35.4","Inicial",35.4,657,0.698128282602965,1.43240150115608
"04","Quilmes","0085JI0957","AMBA","Estatal","Oficial","1.2.Inicial",330,12,"35.4","Inicial",35.4,657,0.879321882667856,1.13723997970573
"02","Lanús","0111JI0916","AMBA","Estatal","Oficial","1.2.Inicial",151,8,"35.4","Inicial",35.4,657,0.402356376614686,2.48535889604564
"07","General San Martín","0045JI0913","AMBA","Estatal","Oficial","1.2.Inicial",107,6,"36.1","Inicial",36.1,657,0.285113458925638,3.50737563834478
"09","Moreno","0073JI0928","AMBA","Estatal","Oficial","1.2.Inicial",292,12,"36.1","Inicial",36.1,657,0.77806663557277,1.28523696336607
"04","Quilmes","0085JI0972","AMBA","Estatal","Oficial","1.2.Inicial",149,6,"36.1","Inicial",36.1,657,0.397027153083365,2.51871941814021
"04","Berazategui","0119JI0951","AMBA","Estatal","Oficial","1.2.Inicial",121,6,"36.1","Inicial",36.1,657,0.322418023644881,3.10156358101564
"10","General Rodríguez","0044JI0902","AMBA","Estatal","Oficial","1.2.Inicial",166,8,"36.5","Inicial",36.5,657,0.442325553099588,2.26077827290899
"04","Berazategui","0119JI0931","AMBA","Estatal","Oficial","1.2.Inicial",168,8,"36.5","Inicial",36.5,657,0.447654776630909,2.23386424585055
"04","Quilmes","0085JI0948","AMBA","Estatal","Oficial","1.2.Inicial",299,10,"36.700000000000003","Inicial",36.7,657,0.796718917932391,1.2551478036886
"09","José C. Paz","0132JI0903","AMBA","Estatal","Oficial","1.2.Inicial",250,10,"36.700000000000003","Inicial",36.7,657,0.666152941415043,1.50115677321157
"08","Merlo","0071JI0932","AMBA","Estatal","Oficial","1.2.Inicial",189,10,"37.1","Inicial",37.1,657,0.503611623709772,1.98565710742271
"11","Pilar","0083JI0903","AMBA","Estatal","Oficial","1.2.Inicial",368,14,"37.200000000000003","Inicial",37.2,657,0.980577129762943,1.01980759049699
"01","La Plata","0001JI0954","AMBA","Estatal","Oficial","1.2.Inicial",140,6,"37.5","Inicial",37.5,657,0.373045647192424,2.68063709502066
"05","Almirante Brown","0004JI0920","AMBA","Estatal","Oficial","1.2.Inicial",178,8,"37.5","Inicial",37.5,657,0.47430089428751,2.10836625451063
"02","Lomas de Zamora","0062JI0921","AMBA","Estatal","Oficial","1.2.Inicial",148,8,"37.5","Inicial",37.5,657,0.394362541317705,2.53573779258711
"05","San Vicente","0099JI0911","AMBA","Estatal","Oficial","1.2.Inicial",161,8,"37.5","Inicial",37.5,657,0.429002494271288,2.33098877827883
"04","Quilmes","0085JI0932","AMBA","Estatal","Oficial","1.2.Inicial",138,7,"38.1","Inicial",38.1,657,0.367716423661104,2.71948690799197
"04","Florencio Varela","0032JI0908","AMBA","Estatal","Oficial","1.2.Inicial",255,10,"38.299999999999997","Inicial",38.3,657,0.679476000243344,1.47172232667801
"05","Esteban Echeverría","0030JI0930","AMBA","Estatal","Oficial","1.2.Inicial",155,8,"38.5","Inicial",38.5,657,0.413014823677326,2.42122060195414
"08","Merlo","0071JI0945","AMBA","Estatal","Oficial","1.2.Inicial",235,8,"38.5","Inicial",38.5,657,0.62618376493014,1.5969752906506
"09","Moreno","0073JI0942","AMBA","Estatal","Oficial","1.2.Inicial",236,8,"38.5","Inicial",38.5,657,0.6288483766958,1.59020844619869
"02","Lomas de Zamora","0062JI0930","AMBA","Estatal","Oficial","1.2.Inicial",115,6,"38.9","Inicial",38.9,657,0.30643035305092,3.26338428959036
"11","Pilar","0083JI0939","AMBA","Estatal","Oficial","1.2.Inicial",139,6,"38.9","Inicial",38.9,657,0.370381035426764,2.69992225397764
"09","José C. Paz","0132JI0922","AMBA","Estatal","Oficial","1.2.Inicial",152,6,"38.9","Inicial",38.9,657,0.405020988380346,2.46900785067692
"09","Moreno","0073JI0930","AMBA","Estatal","Oficial","1.2.Inicial",275,10,"39.200000000000003","Inicial",39.2,657,0.732768235556547,1.36468797564688
"05","Ezeiza","0130JI0913","AMBA","Estatal","Oficial","1.2.Inicial",230,10,"39.200000000000003","Inicial",39.2,657,0.612860706101839,1.63169214479518
"05","Almirante Brown","0004JI0905","AMBA","Estatal","Oficial","1.2.Inicial",288,12,"39.6","Inicial",39.6,657,0.767408188510129,1.30308747674615
"10","Cañuelas","0016JI0919","AMBA","Estatal","Oficial","1.2.Inicial",140,8,"39.6","Inicial",39.6,657,0.373045647192424,2.68063709502066
"06","Tigre","0055JI0933","AMBA","Estatal","Oficial","1.2.Inicial",165,8,"39.6","Inicial",39.6,657,0.439660941333928,2.27447995941147
"08","Merlo","0071JI0936","AMBA","Estatal","Oficial","1.2.Inicial",234,8,"39.6","Inicial",39.6,657,0.62351915316448,1.60379997137988
"09","Moreno","0073JI0909","AMBA","Estatal","Oficial","1.2.Inicial",341,12,"39.6","Inicial",39.6,657,0.908632612090118,1.10055481907006
"09","Moreno","0073JI0947","AMBA","Estatal","Oficial","1.2.Inicial",236,8,"39.6","Inicial",39.6,657,0.6288483766958,1.59020844619869
"09","Moreno","0073JI0959","AMBA","Estatal","Oficial","1.2.Inicial",297,12,"39.6","Inicial",39.6,657,0.791389694401071,1.26359997745081
"04","Quilmes","0085JI0912","AMBA","Estatal","Oficial","1.2.Inicial",306,12,"39.6","Inicial",39.6,657,0.815371200292012,1.22643527223167
"09","José C. Paz","0132JI0924","AMBA","Estatal","Oficial","1.2.Inicial",215,8,"39.6","Inicial",39.6,657,0.572891529616937,1.74553113164136
"09","Moreno","0073JI0964","AMBA","Estatal","Oficial","1.2.Inicial",417,18,"39.799999999999997","Inicial",39.8,657,1,1
"10","Luján","0063JI0907","AMBA","Estatal","Oficial","1.2.Inicial",172,10,"40","Inicial",40,657,0.458313223693549,2.1819139145517
"04","Quilmes","0085JI0962","AMBA","Estatal","Oficial","1.2.Inicial",287,10,"40","Inicial",40,657,0.764743576744469,1.30762785122959
"05","Esteban Echeverría","0030JI0929","AMBA","Estatal","Oficial","1.2.Inicial",283,12,"40.299999999999997","Inicial",40.3,657,0.754085129681828,1.32611022368513
"06","Tigre","0055JI0919","AMBA","Estatal","Oficial","1.2.Inicial",237,12,"40.299999999999997","Inicial",40.3,657,0.63151298846146,1.58349870591938
"01","La Plata","0001JI0924","AMBA","Estatal","Oficial","1.2.Inicial",201,8,"40.6","Inicial",40.6,657,0.535586964897694,1.86711041444225
"02","Lomas de Zamora","0062JI0917","AMBA","Estatal","Oficial","1.2.Inicial",114,8,"40.6","Inicial",40.6,657,0.303765741285259,3.29201046756923
"03","La Matanza","0069JI0952","AMBA","Estatal","Oficial","1.2.Inicial",226,8,"40.6","Inicial",40.6,657,0.602202259039199,1.66057165178271
"09","Malvinas Argentinas","0133JI0908","AMBA","Estatal","Oficial","1.2.Inicial",190,8,"40.6","Inicial",40.6,657,0.506276235475432,1.97520628054154
"11","Pilar","0083JI0926","AMBA","Estatal","Oficial","1.2.Inicial",280,12,"41","Inicial",41,657,0.746091294384848,1.34031854751033
"11","Pilar","0083JI0917","AMBA","Estatal","Oficial","1.2.Inicial",384,14,"41.1","Inicial",41.1,657,1,1
"09","Malvinas Argentinas","0133JI0924","AMBA","Estatal","Oficial","1.2.Inicial",342,14,"41.1","Inicial",41.1,657,0.911297223855778,1.09733682252308
"01","La Plata","0001JI0974","AMBA","Estatal","Oficial","1.2.Inicial",101,6,"41.7","Inicial",41.7,657,0.269125788331677,3.71573458715735
"05","Almirante Brown","0004JI0921","AMBA","Estatal","Oficial","1.2.Inicial",333,14,"41.7","Inicial",41.7,657,0.887315717964837,1.12699457448316
"05","Almirante Brown","0004JI0924","AMBA","Estatal","Oficial","1.2.Inicial",139,8,"41.7","Inicial",41.7,657,0.370381035426764,2.69992225397764
"04","Florencio Varela","0032JI0901","AMBA","Estatal","Oficial","1.2.Inicial",280,10,"41.7","Inicial",41.7,657,0.746091294384848,1.34031854751033
"06","Tigre","0055JI0918","AMBA","Estatal","Oficial","1.2.Inicial",125,8,"41.7","Inicial",41.7,657,0.333076470707521,3.00231354642314
"02","Lomas de Zamora","0062JI0925","AMBA","Estatal","Oficial","1.2.Inicial",308,14,"41.7","Inicial",41.7,657,0.820700423823333,1.21847140682757
"03","La Matanza","0069JI0948","AMBA","Estatal","Oficial","1.2.Inicial",155,7,"41.7","Inicial",41.7,657,0.413014823677326,2.42122060195414
"03","La Matanza","0069JI1004","AMBA","Estatal","Oficial","1.2.Inicial",283,10,"41.7","Inicial",41.7,657,0.754085129681828,1.32611022368513
"10","Mercedes","0070JI0908","AMBA","Estatal","Oficial","1.2.Inicial",89,5,"41.7","Inicial",41.7,657,0.237150447143755,4.21673250902126
"08","Merlo","0071JI0957","AMBA","Estatal","Oficial","1.2.Inicial",191,8,"41.7","Inicial",41.7,657,0.508940847241093,1.96486488640258
"11","Pilar","0083JI0931","AMBA","Estatal","Oficial","1.2.Inicial",218,10,"41.7","Inicial",41.7,657,0.580885364913917,1.72151006102244
"04","Berazategui","0119JI0913","AMBA","Estatal","Oficial","1.2.Inicial",162,8,"41.7","Inicial",41.7,657,0.431667106036948,2.31659995865983
"04","Berazategui","0119JI0929","AMBA","Estatal","Oficial","1.2.Inicial",215,10,"41.7","Inicial",41.7,657,0.572891529616937,1.74553113164136
"09","San Miguel","0131JI0909","AMBA","Estatal","Oficial","1.2.Inicial",163,8,"41.7","Inicial",41.7,657,0.434331717802608,2.3023876889748
"09","San Miguel","0131JI0914","AMBA","Estatal","Oficial","1.2.Inicial",249,10,"41.7","Inicial",41.7,657,0.663488329649383,1.50718551527266
"09","Malvinas Argentinas","0133JI0931","AMBA","Estatal","Oficial","1.2.Inicial",277,12,"41.7","Inicial",41.7,657,0.738097459087867,1.35483463286243
"05","Esteban Echeverría","0030JI0907","AMBA","Estatal","Oficial","1.2.Inicial",324,14,"42.3","Inicial",42.3,657,0.863334212073895,1.15829997932991
"05","Almirante Brown","0004JI0908","AMBA","Estatal","Oficial","1.2.Inicial",118,8,"42.7","Inicial",42.7,657,0.3144241883479,3.18041689239739
"04","Quilmes","0085JI0903","AMBA","Estatal","Oficial","1.2.Inicial",187,8,"42.7","Inicial",42.7,657,0.498282400178452,2.00689408183365
"03","La Matanza","0069JI0943","AMBA","Estatal","Oficial","1.2.Inicial",148,6,"43.1","Inicial",43.1,657,0.394362541317705,2.53573779258711
"05","Esteban Echeverría","0030JI0902","AMBA","Estatal","Oficial","1.2.Inicial",199,10,"43.3","Inicial",43.3,657,0.530257741366374,1.88587534323061
"03","La Matanza","0069JI0997","AMBA","Estatal","Oficial","1.2.Inicial",224,8,"43.8","Inicial",43.8,657,0.596873035507878,1.67539818438791
"04","Quilmes","0085JI0940","AMBA","Estatal","Oficial","1.2.Inicial",249,12,"43.8","Inicial",43.8,657,0.663488329649383,1.50718551527266
"07","Hurlingham","0135JI0920","AMBA","Estatal","Oficial","1.2.Inicial",159,8,"43.8","Inicial",43.8,657,0.423673270739967,2.36030939184209
"08","Merlo","0071JI0947","AMBA","Estatal","Oficial","1.2.Inicial",251,10,"44.2","Inicial",44.2,657,0.668817553180703,1.49517606893582
"09","Moreno","0073JI0937","AMBA","Estatal","Oficial","1.2.Inicial",121,6,"44.4","Inicial",44.4,657,0.322418023644881,3.10156358101564
"05","Esteban Echeverría","0030JI0932","AMBA","Estatal","Oficial","1.2.Inicial",167,8,"44.8","Inicial",44.8,657,0.444990164865249,2.24724067846043
"02","Lomas de Zamora","0062JI0938","AMBA","Estatal","Oficial","1.2.Inicial",217,8,"44.8","Inicial",44.8,657,0.578220753148257,1.7294432871101
"04","Quilmes","0085JI0943","AMBA","Estatal","Oficial","1.2.Inicial",156,8,"44.8","Inicial",44.8,657,0.415679435442987,2.40569995706982
"05","Almirante Brown","0004JI0944","AMBA","Estatal","Oficial","1.2.Inicial",242,12,"45.1","Inicial",45.1,657,0.644836047289761,1.55078179050782
"03","La Matanza","0069JI0902","AMBA","Estatal","Oficial","1.2.Inicial",281,12,"45.1","Inicial",45.1,657,0.748755906150508,1.33554873061527
"01","La Plata","0001JI0953","AMBA","Estatal","Oficial","1.2.Inicial",144,8,"45.8","Inicial",45.8,657,0.383704094255065,2.60617495349231
"05","Esteban Echeverría","0030JI0916","AMBA","Estatal","Oficial","1.2.Inicial",140,6,"45.8","Inicial",45.8,657,0.373045647192424,2.68063709502066
"06","Tigre","0055JI0910","AMBA","Estatal","Oficial","1.2.Inicial",218,10,"45.8","Inicial",45.8,657,0.580885364913917,1.72151006102244
"04","Quilmes","0085JI0920","AMBA","Estatal","Oficial","1.2.Inicial",160,8,"45.8","Inicial",45.8,657,0.426337882505627,2.34555745814307
"04","Berazategui","0119JI0944","AMBA","Estatal","Oficial","1.2.Inicial",97,6,"45.8","Inicial",45.8,657,0.258467341269037,3.86896075569992
"08","Merlo","0071JI0918","AMBA","Estatal","Oficial","1.2.Inicial",261,12,"46.5","Inicial",46.5,657,0.695463670837305,1.437889629513
"03","La Matanza","0069JI1003","AMBA","Estatal","Oficial","1.2.Inicial",244,10,"46.7","Inicial",46.7,657,0.650165270821082,1.53807046435611
"01","Ensenada","0114JI0901","AMBA","Estatal","Oficial","1.2.Inicial",185,12,"46.7","Inicial",46.7,657,0.492953176647132,2.02859023406969
"09","Moreno","0073JI0903","AMBA","Estatal","Oficial","1.2.Inicial",183,8,"46.9","Inicial",46.9,657,0.487623953115811,2.05076061914149
"09","Moreno","0073JI0929","AMBA","Estatal","Oficial","1.2.Inicial",229,8,"46.9","Inicial",46.9,657,0.610196094336179,1.6388174380039
"09","Malvinas Argentinas","0133JI0906","AMBA","Estatal","Oficial","1.2.Inicial",146,8,"46.9","Inicial",46.9,657,0.389033317786385,2.57047392673214
"10","Marcos Paz","0067JI0902","AMBA","Estatal","Oficial","1.2.Inicial",310,14,"47","Inicial",47,657,0.826029647354653,1.21061030097707
"05","Almirante Brown","0004JI0925","AMBA","Estatal","Oficial","1.2.Inicial",290,12,"47.2","Inicial",47.2,657,0.77273741204145,1.2941006665617
"10","Cañuelas","0016JI0912","AMBA","Estatal","Oficial","1.2.Inicial",121,6,"47.2","Inicial",47.2,657,0.322418023644881,3.10156358101564
"05","Almirante Brown","0004JI0963","AMBA","Estatal","Oficial","1.2.Inicial",171,8,"47.9","Inicial",47.9,657,0.455648611927889,2.19467364504615
"04","Quilmes","0085JI0961","AMBA","Estatal","Oficial","1.2.Inicial",157,8,"47.9","Inicial",47.9,657,0.418344047208647,2.39037702740695
"03","La Matanza","0069JI0981","AMBA","Estatal","Oficial","1.2.Inicial",258,10,"48.3","Inicial",48.3,657,0.687469835540324,1.4546092763678
"03","La Matanza","0069JI0999","AMBA","Estatal","Oficial","1.2.Inicial",262,10,"48.3","Inicial",48.3,657,0.698128282602965,1.43240150115608
"03","La Matanza","0069JI0986","AMBA","Estatal","Oficial","1.2.Inicial",380,16,"48.4","Inicial",48.4,657,1,1
"05","Esteban Echeverría","0030JI0918","AMBA","Estatal","Oficial","1.2.Inicial",303,12,"48.6","Inicial",48.6,657,0.807377364995032,1.23857819571912
"03","La Matanza","0069JI0946","AMBA","Estatal","Oficial","1.2.Inicial",283,12,"48.6","Inicial",48.6,657,0.754085129681828,1.32611022368513
"09","Moreno","0073JI0956","AMBA","Estatal","Oficial","1.2.Inicial",140,6,"48.6","Inicial",48.6,657,0.373045647192424,2.68063709502066
"09","José C. Paz","0132JI0927","AMBA","Estatal","Oficial","1.2.Inicial",355,12,"48.6","Inicial",48.6,657,0.945937176809361,1.05715265719124
"08","Ituzaingó","0136JI0901","AMBA","Estatal","Oficial","1.2.Inicial",196,16,"48.6","Inicial",48.6,657,0.522263906069393,1.91474078215761
"05","Almirante Brown","0004JI0910","AMBA","Estatal","Oficial","1.2.Inicial",186,8,"49","Inicial",49,657,0.495617788412792,2.01768383496178
"03","La Matanza","0069JI1013","AMBA","Estatal","Oficial","1.2.Inicial",200,8,"49","Inicial",49,657,0.532922353132034,1.87644596651446
"09","Moreno","0073JI0925","AMBA","Estatal","Oficial","1.2.Inicial",230,8,"49","Inicial",49,657,0.612860706101839,1.63169214479518
"11","Pilar","0083JI0943","AMBA","Estatal","Oficial","1.2.Inicial",214,8,"49","Inicial",49,657,0.570226917851277,1.75368781917239
"08","Ituzaingó","0136JI0918","AMBA","Estatal","Oficial","1.2.Inicial",193,8,"49","Inicial",49,657,0.514270070772413,1.94450359224296
"04","Berazategui","0119JI0932","AMBA","Estatal","Oficial","1.2.Inicial",186,10,"49.2","Inicial",49.2,657,0.495617788412792,2.01768383496178
"01","La Plata","0001JI0963","AMBA","Estatal","Oficial","1.2.Inicial",200,8,"50","Inicial",50,657,0.532922353132034,1.87644596651446
"05","Almirante Brown","0004JI0934","AMBA","Estatal","Oficial","1.2.Inicial",66,4,"50","Inicial",50,657,0.175864376533571,5.68619989852867
"05","Esteban Echeverría","0030JI0915","AMBA","Estatal","Oficial","1.2.Inicial",226,10,"50","Inicial",50,657,0.602202259039199,1.66057165178271
"10","General Rodríguez","0044JI0927","AMBA","Estatal","Oficial","1.2.Inicial",181,8,"50","Inicial",50,657,0.482294729584491,2.07342095747454
"06","Tigre","0055JI0945","AMBA","Estatal","Oficial","1.2.Inicial",182,12,"50","Inicial",50,657,0.484959341350151,2.06202853463127
"02","Lomas de Zamora","0062JI0941","AMBA","Estatal","Oficial","1.2.Inicial",198,8,"50","Inicial",50,657,0.527593129600714,1.89539996617622
"10","Luján","0063JI0913","AMBA","Estatal","Oficial","1.2.Inicial",47,3,"50","Inicial",50,657,0.125236752986028,7.98487645325302
"03","La Matanza","0069JI0905","AMBA","Estatal","Oficial","1.2.Inicial",262,10,"50","Inicial",50,657,0.698128282602965,1.43240150115608
"03","La Matanza","0069JI0988","AMBA","Estatal","Oficial","1.2.Inicial",45,4,"50","Inicial",50,657,0.119907529454708,8.33975985117538
"03","La Matanza","0069JI1012","AMBA","Estatal","Oficial","1.2.Inicial",162,8,"50","Inicial",50,657,0.431667106036948,2.31659995865983
"03","La Matanza","0069JI1029","AMBA","Estatal","Oficial","1.2.Inicial",123,6,"50","Inicial",50,657,0.327747247176201,3.05113165286904
"09","Moreno","0073JI0911","AMBA","Estatal","Oficial","1.2.Inicial",200,8,"50","Inicial",50,657,0.532922353132034,1.87644596651446
"11","Pilar","0083JI0913","AMBA","Estatal","Oficial","1.2.Inicial",314,12,"50","Inicial",50,657,0.836688094417294,1.19518851370348
"04","Quilmes","0085JI0910","AMBA","Estatal","Oficial","1.2.Inicial",110,8,"50","Inicial",50,657,0.293107294222619,3.4117199391172
"04","Quilmes","0085JI0944","AMBA","Estatal","Oficial","1.2.Inicial",364,12,"50","Inicial",50,657,0.969918682700302,1.03101426731564
"04","Berazategui","0119JI0907","AMBA","Estatal","Oficial","1.2.Inicial",163,8,"50","Inicial",50,657,0.434331717802608,2.3023876889748
"09","José C. Paz","0132JI0914","AMBA","Estatal","Oficial","1.2.Inicial",314,12,"50","Inicial",50,657,0.836688094417294,1.19518851370348
"09","Malvinas Argentinas","0133JI0928","AMBA","Estatal","Oficial","1.2.Inicial",192,8,"50","Inicial",50,657,0.511605459006753,1.95463121511923
"06","Tigre","0055JI0949","AMBA","Estatal","Oficial","1.2.Inicial",93,8,"50.5","Inicial",50.5,657,0.247808894206396,4.03536766992357
"03","La Matanza","0069JI0923","AMBA","Estatal","Oficial","1.2.Inicial",308,12,"50.7","Inicial",50.7,657,0.820700423823333,1.21847140682757
"05","Esteban Echeverría","0030JI0904","AMBA","Estatal","Oficial","1.2.Inicial",210,10,"50.8","Inicial",50.8,657,0.559568470788636,1.78709139668044
"05","Esteban Echeverría","0030JI0913","AMBA","Estatal","Oficial","1.2.Inicial",205,8,"51","Inicial",51,657,0.546245411960335,1.83067899172142
"05","Esteban Echeverría","0030JI0934","AMBA","Estatal","Oficial","1.2.Inicial",174,8,"51","Inicial",51,657,0.46364244722487,2.15683444426949
"05","Almirante Brown","0004JI0950","AMBA","Estatal","Oficial","1.2.Inicial",95,6,"51.4","Inicial",51.4,657,0.253138117737716,3.95041256108307
"05","Esteban Echeverría","0030JI0905","AMBA","Estatal","Oficial","1.2.Inicial",286,12,"51.7","Inicial",51.7,657,0.762078964978809,1.31219997658354
"05","Esteban Echeverría","0030JI0909","AMBA","Estatal","Oficial","1.2.Inicial",204,10,"51.7","Inicial",51.7,657,0.543580800194675,1.83965290834751
"05","Esteban Echeverría","0030JI0937","AMBA","Estatal","Oficial","1.2.Inicial",223,11,"52.1","Inicial",52.1,657,0.594208423742218,1.68291118073046
"04","Berazategui","0119JI0918","AMBA","Estatal","Oficial","1.2.Inicial",173,8,"52.1","Inicial",52.1,657,0.46097783545921,2.16930169539244
"04","Quilmes","0085JI0922","AMBA","Estatal","Oficial","1.2.Inicial",92,6,"52.8","Inicial",52.8,657,0.245144282440736,4.07923036198796
"01","La Plata","0001JI0950","AMBA","Estatal","Oficial","1.2.Inicial",118,8,"53.1","Inicial",53.1,657,0.3144241883479,3.18041689239739
"11","Pilar","0083JI0942","AMBA","Estatal","Oficial","1.2.Inicial",199,8,"53.1","Inicial",53.1,657,0.530257741366374,1.88587534323061
"08","Merlo","0071JI0934","AMBA","Estatal","Oficial","1.2.Inicial",302,12,"53.5","Inicial",53.5,657,0.804712753229372,1.24267944802282
"01","Ensenada","0114JI0904","AMBA","Estatal","Oficial","1.2.Inicial",136,7,"53.6","Inicial",53.6,657,0.362387200129783,2.75947936252126
"01","La Plata","0001JI0936","AMBA","Estatal","Oficial","1.2.Inicial",175,8,"54.2","Inicial",54.2,657,0.46630705899053,2.14450967601653
"05","Esteban Echeverría","0030JI0923","AMBA","Estatal","Oficial","1.2.Inicial",187,8,"54.2","Inicial",54.2,657,0.498282400178452,2.00689408183365
"05","Esteban Echeverría","0030JI0927","AMBA","Estatal","Oficial","1.2.Inicial",335,14,"54.2","Inicial",54.2,657,0.892644941496157,1.12026624866535
"04","Berazategui","0119JI0911","AMBA","Estatal","Oficial","1.2.Inicial",153,8,"54.2","Inicial",54.2,657,0.407685600146006,2.45287054446335
"05","Ezeiza","0130JI0932","AMBA","Estatal","Oficial","1.2.Inicial",123,6,"54.2","Inicial",54.2,657,0.327747247176201,3.05113165286904
"09","José C. Paz","0132JI0913","AMBA","Estatal","Oficial","1.2.Inicial",327,12,"54.2","Inicial",54.2,657,0.871328047370876,1.14767337401496
"10","General Rodríguez","0044JI0929","AMBA","Estatal","Oficial","1.2.Inicial",175,10,"55","Inicial",55,657,0.46630705899053,2.14450967601653
"01","Ensenada","0114JI0911","AMBA","Estatal","Oficial","1.2.Inicial",162,10,"55","Inicial",55,657,0.431667106036948,2.31659995865983
"03","La Matanza","0069JI0996","AMBA","Estatal","Oficial","1.2.Inicial",223,8,"55.2","Inicial",55.2,657,0.594208423742218,1.68291118073046
"09","Moreno","0073JI0961","AMBA","Estatal","Oficial","1.2.Inicial",167,6,"55.6","Inicial",55.6,657,0.444990164865249,2.24724067846043
"05","Esteban Echeverría","0030JI0903","AMBA","Estatal","Oficial","1.2.Inicial",245,10,"55.8","Inicial",55.8,657,0.652829882586742,1.53179262572609
"03","La Matanza","0069JI0930","AMBA","Estatal","Oficial","1.2.Inicial",167,10,"55.8","Inicial",55.8,657,0.444990164865249,2.24724067846043
"05","Almirante Brown","0004JI0962","AMBA","Estatal","Oficial","1.2.Inicial",300,12,"56.2","Inicial",56.2,657,0.799383529698051,1.25096397767631
"10","Cañuelas","0016JI0904","AMBA","Estatal","Oficial","1.2.Inicial",208,8,"56.2","Inicial",56.2,657,0.554239247257316,1.80427496780236
"03","La Matanza","0069JI0916","AMBA","Estatal","Oficial","1.2.Inicial",116,8,"56.2","Inicial",56.2,657,0.30909496481658,3.23525166640424
"04","Berazategui","0119JI0908","AMBA","Estatal","Oficial","1.2.Inicial",157,8,"56.2","Inicial",56.2,657,0.418344047208647,2.39037702740695
"09","José C. Paz","0132JI0910","AMBA","Estatal","Oficial","1.2.Inicial",232,8,"56.2","Inicial",56.2,657,0.61818992963316,1.61762583320212
"04","Quilmes","0085JI0960","AMBA","Estatal","Oficial","1.2.Inicial",397,14,"56.5","Inicial",56.5,657,1,1
"05","Esteban Echeverría","0030JI0901","AMBA","Estatal","Oficial","1.2.Inicial",244,10,"56.7","Inicial",56.7,657,0.650165270821082,1.53807046435611
"11","Pilar","0083JI0928","AMBA","Estatal","Oficial","1.2.Inicial",289,10,"56.7","Inicial",56.7,657,0.770072800275789,1.29857852353942
"06","Tigre","0055JI0925","AMBA","Estatal","Oficial","1.2.Inicial",80,6,"56.9","Inicial",56.9,657,0.213168941252814,4.69111491628615
"05","Esteban Echeverría","0030JI0928","AMBA","Estatal","Oficial","1.2.Inicial",211,8,"57.3","Inicial",57.3,657,0.562233082554296,1.77862176920802
"03","La Matanza","0069JI1005","AMBA","Estatal","Oficial","1.2.Inicial",195,8,"57.3","Inicial",57.3,657,0.519599294303733,1.92455996565586
"04","Berazategui","0119JI0921","AMBA","Estatal","Oficial","1.2.Inicial",159,8,"57.3","Inicial",57.3,657,0.423673270739967,2.36030939184209
"03","La Matanza","0069JI0925","AMBA","Estatal","Oficial","1.2.Inicial",187,10,"57.5","Inicial",57.5,657,0.498282400178452,2.00689408183365
"03","La Matanza","0069JI0917","AMBA","Estatal","Oficial","1.2.Inicial",273,12,"57.6","Inicial",57.6,657,0.727439012025227,1.37468568975418
"10","General Rodríguez","0044JI0916","AMBA","Estatal","Oficial","1.2.Inicial",332,14,"57.7","Inicial",57.7,657,0.884651106199177,1.13038913645449
"03","La Matanza","0069JI1001","AMBA","Estatal","Oficial","1.2.Inicial",155,8,"57.8","Inicial",57.8,657,0.413014823677326,2.42122060195414
"01","La Plata","0001JI0909","AMBA","Estatal","Oficial","1.2.Inicial",293,12,"58.3","Inicial",58.3,657,0.78073124733843,1.28085048908837
"01","La Plata","0001JI0972","AMBA","Estatal","Oficial","1.2.Inicial",52,2,"58.3","Inicial",58.3,657,0.138559811814329,7.21709987120946
"05","Esteban Echeverría","0030JI0924","AMBA","Estatal","Oficial","1.2.Inicial",329,14,"58.3","Inicial",58.3,657,0.876657270902196,1.140696636179
"10","General Rodríguez","0044JI0903","AMBA","Estatal","Oficial","1.2.Inicial",232,10,"58.3","Inicial",58.3,657,0.61818992963316,1.61762583320212
"10","General Rodríguez","0044JI0905","AMBA","Estatal","Oficial","1.2.Inicial",209,10,"58.3","Inicial",58.3,657,0.556903859022976,1.79564207321958
"10","General Rodríguez","0044JI0911","AMBA","Estatal","Oficial","1.2.Inicial",296,12,"58.3","Inicial",58.3,657,0.788725082635411,1.26786889629355
"10","General Rodríguez","0044JI0930","AMBA","Estatal","Oficial","1.2.Inicial",106,6,"58.3","Inicial",58.3,657,0.282448847159978,3.54046408776313
"02","Lomas de Zamora","0062JI0945","AMBA","Estatal","Oficial","1.2.Inicial",219,8,"58.3","Inicial",58.3,657,0.583549976679577,1.71364928448809
"02","Lomas de Zamora","0062JI0950","AMBA","Estatal","Oficial","1.2.Inicial",149,6,"58.3","Inicial",58.3,657,0.397027153083365,2.51871941814021
"08","Merlo","0071JI0946","AMBA","Estatal","Oficial","1.2.Inicial",107,6,"58.3","Inicial",58.3,657,0.285113458925638,3.50737563834478
"09","Moreno","0073JI0916","AMBA","Estatal","Oficial","1.2.Inicial",202,8,"58.3","Inicial",58.3,657,0.538251576663354,1.85786729357867
"05","San Vicente","0099JI0904","AMBA","Estatal","Oficial","1.2.Inicial",121,6,"58.3","Inicial",58.3,657,0.322418023644881,3.10156358101564
"04","Berazategui","0119JI0924","AMBA","Estatal","Oficial","1.2.Inicial",195,10,"58.3","Inicial",58.3,657,0.519599294303733,1.92455996565586
"05","Ezeiza","0130JI0920","AMBA","Estatal","Oficial","1.2.Inicial",229,10,"58.3","Inicial",58.3,657,0.610196094336179,1.6388174380039
"01","Ensenada","0114JI0902","AMBA","Estatal","Oficial","1.2.Inicial",152,12,"59.1","Inicial",59.1,657,0.405020988380346,2.46900785067692
"05","Ezeiza","0130JI0909","AMBA","Estatal","Oficial","1.2.Inicial",235,10,"59.2","Inicial",59.2,657,0.62618376493014,1.5969752906506
"06","Tigre","0055JI0920","AMBA","Estatal","Oficial","1.2.Inicial",209,12,"59.4","Inicial",59.4,657,0.556903859022976,1.79564207321958
"01","Ensenada","0114JI0905","AMBA","Estatal","Oficial","1.2.Inicial",231,15,"60","Inicial",60,657,0.615525317867499,1.62462854243676
"09","José C. Paz","0132JI0909","AMBA","Estatal","Oficial","1.2.Inicial",348,12,"60.1","Inicial",60.1,657,0.927284894449739,1.07841722213475
"04","Berazategui","0119JI0912","AMBA","Estatal","Oficial","1.2.Inicial",223,10,"60.8","Inicial",60.8,657,0.594208423742218,1.68291118073046
"09","Malvinas Argentinas","0133JI0905","AMBA","Estatal","Oficial","1.2.Inicial",253,10,"60.8","Inicial",60.8,657,0.674146776712023,1.48335649526835
"03","La Matanza","0069JI0980","AMBA","Estatal","Oficial","1.2.Inicial",254,12,"61.1","Inicial",61.1,657,0.676811388477683,1.4775165090665
"04","Berazategui","0119JI0906","AMBA","Estatal","Oficial","1.2.Inicial",123,6,"61.1","Inicial",61.1,657,0.327747247176201,3.05113165286904
"01","La Plata","0001JI0958","AMBA","Estatal","Oficial","1.2.Inicial",274,10,"61.7","Inicial",61.7,657,0.730103623790887,1.36966858869669
"10","General Rodríguez","0044JI0920","AMBA","Estatal","Oficial","1.2.Inicial",217,8,"61.7","Inicial",61.7,657,0.578220753148257,1.7294432871101
"01","La Plata","0001JI0986","AMBA","Estatal","Oficial","1.2.Inicial",142,6,"62.5","Inicial",62.5,657,0.378374870723744,2.64288164297811
"03","La Matanza","0069JI1026","AMBA","Estatal","Oficial","1.2.Inicial",185,8,"62.5","Inicial",62.5,657,0.492953176647132,2.02859023406969
"04","Berazategui","0119JI0943","AMBA","Estatal","Oficial","1.2.Inicial",199,10,"62.5","Inicial",62.5,657,0.530257741366374,1.88587534323061
"09","José C. Paz","0132JI0923","AMBA","Estatal","Oficial","1.2.Inicial",155,6,"62.5","Inicial",62.5,657,0.413014823677326,2.42122060195414
"05","Ezeiza","0130JI0902","AMBA","Estatal","Oficial","1.2.Inicial",241,12,"63.2","Inicial",63.2,657,0.642171435524101,1.55721656972154
"05","Esteban Echeverría","0030JI0912","AMBA","Estatal","Oficial","1.2.Inicial",252,10,"63.3","Inicial",63.3,657,0.671482164946363,1.48924283056703
"02","Lomas de Zamora","0062JI0946","AMBA","Estatal","Oficial","1.2.Inicial",304,12,"63.9","Inicial",63.9,657,0.810041976760692,1.23450392533846
"05","Esteban Echeverría","0030JI0920","AMBA","Estatal","Oficial","1.2.Inicial",199,8,"64.599999999999994","Inicial",64.6,657,0.530257741366374,1.88587534323061
"02","Lomas de Zamora","0062JI0933","AMBA","Estatal","Oficial","1.2.Inicial",164,10,"64.8","Inicial",64.8,657,0.436996329568268,2.28834873965178
"04","Quilmes","0085JI0934","AMBA","Estatal","Oficial","1.2.Inicial",292,11,"65","Inicial",65,657,0.77806663557277,1.28523696336607
"10","General Rodríguez","0044JI0909","AMBA","Estatal","Oficial","1.2.Inicial",331,12,"65.3","Inicial",65.3,657,0.881986494433517,1.1338042093743
"03","La Matanza","0069JI1011","AMBA","Estatal","Oficial","1.2.Inicial",305,12,"65.3","Inicial",65.3,657,0.812706588526352,1.23045637148489
"05","Esteban Echeverría","0030JI0926","AMBA","Estatal","Oficial","1.2.Inicial",200,8,"65.599999999999994","Inicial",65.6,657,0.532922353132034,1.87644596651446
"03","La Matanza","0069JI1018","AMBA","Estatal","Oficial","1.2.Inicial",219,8,"65.599999999999994","Inicial",65.6,657,0.583549976679577,1.71364928448809
"09","Malvinas Argentinas","0133JI0930","AMBA","Estatal","Oficial","1.2.Inicial",151,8,"65.599999999999994","Inicial",65.6,657,0.402356376614686,2.48535889604564
"10","General Rodríguez","0044JI0904","AMBA","Estatal","Oficial","1.2.Inicial",264,10,"65.8","Inicial",65.8,657,0.703457506134285,1.42154997463217
"05","Almirante Brown","0004JI0937","AMBA","Estatal","Oficial","1.2.Inicial",216,10,"66.7","Inicial",66.7,657,0.575556141382597,1.73744996899487
"10","General Rodríguez","0044JI0912","AMBA","Estatal","Oficial","1.2.Inicial",247,10,"66.7","Inicial",66.7,657,0.658159106118062,1.51938944657041
"02","Lomas de Zamora","0062JI0926","AMBA","Estatal","Oficial","1.2.Inicial",354,14,"66.7","Inicial",66.7,657,0.9432725650437,1.06013896413246
"02","Lomas de Zamora","0062JI0934","AMBA","Estatal","Oficial","1.2.Inicial",208,10,"66.7","Inicial",66.7,657,0.554239247257316,1.80427496780236
"10","Luján","0063JI0928","AMBA","Estatal","Oficial","1.2.Inicial",106,5,"66.7","Inicial",66.7,657,0.282448847159978,3.54046408776313
"08","Merlo","0071JI0906","AMBA","Estatal","Oficial","1.2.Inicial",338,12,"66.7","Inicial",66.7,657,0.900638776793138,1.11032305710915
"11","Pilar","0083JI0934","AMBA","Estatal","Oficial","1.2.Inicial",161,6,"66.7","Inicial",66.7,657,0.429002494271288,2.33098877827883
"05","Ezeiza","0130JI0929","AMBA","Estatal","Oficial","1.2.Inicial",132,6,"66.7","Inicial",66.7,657,0.351728753067143,2.84309994926433
"10","General Rodríguez","0044JI0923","AMBA","Estatal","Oficial","1.2.Inicial",216,10,"67.5","Inicial",67.5,657,0.575556141382597,1.73744996899487
"05","Ezeiza","0130JI0901","AMBA","Estatal","Oficial","1.2.Inicial",221,12,"68.099999999999994","Inicial",68.1,657,0.588879200210898,1.69814114616693
"01","La Plata","0001JI0906","AMBA","Estatal","Oficial","1.2.Inicial",108,8,"69.3","Inicial",69.3,657,0.287778070691298,3.47489993798974
"03","La Matanza","0069JI0973","AMBA","Estatal","Oficial","1.2.Inicial",362,16,"69.3","Inicial",69.3,657,0.964589459168982,1.03671047873727
"05","Ezeiza","0130JI0924","AMBA","Estatal","Oficial","1.2.Inicial",249,12,"70.099999999999994","Inicial",70.1,657,0.663488329649383,1.50718551527266
"09","José C. Paz","0132JI0926","AMBA","Estatal","Oficial","1.2.Inicial",305,16,"70.400000000000006","Inicial",70.4,657,0.812706588526352,1.23045637148489
"09","José C. Paz","0132JI0908","AMBA","Estatal","Oficial","1.2.Inicial",379,14,"70.5","Inicial",70.5,657,1,1
"04","Quilmes","0085JI0951","AMBA","Estatal","Oficial","1.2.Inicial",114,4,"70.8","Inicial",70.8,657,0.303765741285259,3.29201046756923
"09","José C. Paz","0132JI0916","AMBA","Estatal","Oficial","1.2.Inicial",227,8,"70.8","Inicial",70.8,657,0.604866870804859,1.65325635816252
"01","La Plata","0001JI0967","AMBA","Estatal","Oficial","1.2.Inicial",273,12,"71.5","Inicial",71.5,657,0.727439012025227,1.37468568975418
"05","Ezeiza","0130JI0904","AMBA","Estatal","Oficial","1.2.Inicial",336,12,"71.5","Inicial",71.5,657,0.895309553261817,1.11693212292527
"01","La Plata","0001JI0980","AMBA","Estatal","Oficial","1.2.Inicial",156,6,"72.2","Inicial",72.2,657,0.415679435442987,2.40569995706982
"01","La Plata","0001JI0919","AMBA","Estatal","Oficial","1.2.Inicial",155,10,"73.3","Inicial",73.3,657,0.413014823677326,2.42122060195414
"01","La Plata","0001JI0940","AMBA","Estatal","Oficial","1.2.Inicial",172,8,"74","Inicial",74,657,0.458313223693549,2.1819139145517
"04","Berazategui","0119JI0904","AMBA","Estatal","Oficial","1.2.Inicial",194,10,"74.2","Inicial",74.2,657,0.516934682538073,1.93448037784996
"02","Lomas de Zamora","0062JI0922","AMBA","Estatal","Oficial","1.2.Inicial",242,10,"75","Inicial",75,657,0.644836047289761,1.55078179050782
"04","Berazategui","0119JI0930","AMBA","Estatal","Oficial","1.2.Inicial",154,8,"75","Inicial",75,657,0.410350211911666,2.43694281365514
"01","La Plata","0001JI0922","AMBA","Estatal","Oficial","1.2.Inicial",139,8,"76","Inicial",76,657,0.370381035426764,2.69992225397764
"05","Ezeiza","0130JI0928","AMBA","Estatal","Oficial","1.2.Inicial",205,12,"77.8","Inicial",77.8,657,0.546245411960335,1.83067899172142
"05","Ezeiza","0130JI0907","AMBA","Estatal","Oficial","1.2.Inicial",165,8,"79.2","Inicial",79.2,657,0.439660941333928,2.27447995941147
"05","Ezeiza","0130JI0908","AMBA","Estatal","Oficial","1.2.Inicial",196,8,"81.2","Inicial",81.2,657,0.522263906069393,1.91474078215761
"05","Ezeiza","0130JI0910","AMBA","Estatal","Oficial","1.2.Inicial",126,8,"82.3","Inicial",82.3,657,0.335741082473182,2.97848566113406
"01","La Plata","4001JI0052","AMBA","Privado","Privada","1.2.Inicial",209,9,"NA","Inicial",NA,404,0.594908793709619,1.68092993509877
"01","La Plata","4001JI1004","AMBA","Privado","Privada","1.2.Inicial",168,9,"NA","Inicial",NA,404,0.478204197814431,2.0911568835455
"01","La Plata","4001JI1102","AMBA","Privado","Privada","1.2.Inicial",176,8,"NA","Inicial",NA,404,0.500975826281785,1.99610429792979
"01","La Plata","4001JI1186","AMBA","Privado","Privada","1.2.Inicial",112,6,"NA","Inicial",NA,404,0.318802798542954,3.13673532531825
"01","La Plata","4001JI1238","AMBA","Privado","Privada","1.2.Inicial",82,5,"NA","Inicial",NA,404,0.233409191790377,4.28432141994687
"01","La Plata","4001JI1313","AMBA","Privado","Privada","1.2.Inicial",81,4,"NA","Inicial",NA,404,0.230562738231958,4.33721427698325
"01","La Plata","4001JI1356","AMBA","Privado","Privada","1.2.Inicial",162,10,"NA","Inicial",NA,404,0.461125476463916,2.16860713849163
"01","La Plata","4001JI1419","AMBA","Privado","Privada","1.2.Inicial",157,9,"NA","Inicial",NA,404,0.446893208671819,2.23767106009964
"01","La Plata","4001JI1676","AMBA","Privado","Privada","1.2.Inicial",176,8,"NA","Inicial",NA,404,0.500975826281785,1.99610429792979
"01","La Plata","4001JI1807","AMBA","Privado","Privada","1.2.Inicial",68,8,"NA","Inicial",NA,404,0.193558841972508,5.16638759464182
"01","La Plata","4001JI2110","AMBA","Privado","Privada","1.2.Inicial",158,6,"NA","Inicial",NA,404,0.449739662230239,2.22350858503572
"01","La Plata","4001JI2125","AMBA","Privado","Privada","1.2.Inicial",162,6,"NA","Inicial",NA,404,0.461125476463916,2.16860713849163
"01","La Plata","4001JI2237","AMBA","Privado","Privada","1.2.Inicial",193,8,"NA","Inicial",NA,404,0.549365536774912,1.82028163956292
"01","La Plata","4001JI2344","AMBA","Privado","Privada","1.2.Inicial",95,6,"NA","Inicial",NA,404,0.270413088049827,3.6980458572173
"01","La Plata","4001JI2742","AMBA","Privado","Privada","1.2.Inicial",239,9,"NA","Inicial",NA,404,0.680302400462196,1.46993454575583
"01","La Plata","4001JI3349","AMBA","Privado","Privada","1.2.Inicial",104,8,"NA","Inicial",NA,404,0.2960311700756,3.37802265803503
"01","La Plata","4001JI3868","AMBA","Privado","Privada","1.2.Inicial",217,10,"NA","Inicial",NA,404,0.617680422176973,1.61896016790619
"01","La Plata","4001JI5462","AMBA","Privado","Privada","1.2.Inicial",35,3,"NA","Inicial",NA,404,0.0996258745446731,10.0375530410184
"01","La Plata","4001JI5886","AMBA","Privado","Privada","1.2.Inicial",155,6,"NA","Inicial",NA,404,0.441200301554981,2.26654423506867
"01","La Plata","4001JI6325","AMBA","Privado","Privada","1.2.Inicial",215,12,"NA","Inicial",NA,404,0.611987515060135,1.63402026249137
"01","La Plata","4001JI7584","AMBA","Privado","Privada","1.2.Inicial",127,6,"NA","Inicial",NA,404,0.361499601919242,2.76625477508381
"01","La Plata","4001JI8067","AMBA","Privado","Privada","1.2.Inicial",127,6,"NA","Inicial",NA,404,0.361499601919242,2.76625477508381
"01","La Plata","4001JI8307","AMBA","Privado","Privada","1.2.Inicial",173,6,"NA","Inicial",NA,404,0.492436465606527,2.03071882332742
"01","La Plata","4001JI8385","AMBA","Privado","Privada","1.2.Inicial",142,6,"NA","Inicial",NA,404,0.404196405295531,2.47404476363129
"01","La Plata","4001JI8448","AMBA","Privado","Privada","1.2.Inicial",206,9,"NA","Inicial",NA,404,0.586369433034362,1.70540949726041
"01","La Plata","4001JI8555","AMBA","Privado","Privada","1.2.Inicial",84,3,"NA","Inicial",NA,404,0.239102098907215,4.18231376709099
"01","La Plata","4001JI8576","AMBA","Privado","Privada","1.2.Inicial",163,7,"NA","Inicial",NA,404,0.463971930022335,2.15530280021867
"01","La Plata","4001JI8738","AMBA","Privado","Privada","1.2.Inicial",95,4,"NA","Inicial",NA,404,0.270413088049827,3.6980458572173
"01","La Plata","4001JI8854","AMBA","Privado","Privada","1.2.Inicial",150,7,"NA","Inicial",NA,404,0.426968033762885,2.34209570957096
"01","La Plata","4001JI8969","AMBA","Privado","Privada","1.2.Inicial",88,3,"NA","Inicial",NA,404,0.250487913140892,3.99220859585959
"05","Almirante Brown","4004JI1245","AMBA","Privado","Privada","1.2.Inicial",263,12,"NA","Inicial",NA,404,0.748617285864258,1.33579603207469
"05","Almirante Brown","4004JI1371","AMBA","Privado","Privada","1.2.Inicial",167,7,"NA","Inicial",NA,404,0.475357744256012,2.10367878105176
"05","Almirante Brown","4004JI1423","AMBA","Privado","Privada","1.2.Inicial",212,8,"NA","Inicial",NA,404,0.603448154384877,1.65714319073417
"05","Almirante Brown","4004JI1653","AMBA","Privado","Privada","1.2.Inicial",66,4,"NA","Inicial",NA,404,0.187865934855669,5.32294479447945
"05","Almirante Brown","4004JI1800","AMBA","Privado","Privada","1.2.Inicial",95,6,"NA","Inicial",NA,404,0.270413088049827,3.6980458572173
"05","Almirante Brown","4004JI1991","AMBA","Privado","Privada","1.2.Inicial",283,12,"NA","Inicial",NA,404,0.805546357032643,1.24139348563832
"05","Almirante Brown","4004JI1992","AMBA","Privado","Privada","1.2.Inicial",160,6,"NA","Inicial",NA,404,0.455432569347077,2.19571472772277
"05","Almirante Brown","4004JI2083","AMBA","Privado","Privada","1.2.Inicial",123,6,"NA","Inicial",NA,404,0.350113787685566,2.85621427996458
"05","Almirante Brown","4004JI2150","AMBA","Privado","Privada","1.2.Inicial",137,6,"NA","Inicial",NA,404,0.389964137503435,2.56433836814338
"05","Almirante Brown","4004JI2216","AMBA","Privado","Privada","1.2.Inicial",41,3,"NA","Inicial",NA,404,0.116704595895189,8.56864283989375
"05","Almirante Brown","4004JI2475","AMBA","Privado","Privada","1.2.Inicial",166,6,"NA","Inicial",NA,404,0.472511290697593,2.11635154479303
"05","Almirante Brown","4004JI2813","AMBA","Privado","Privada","1.2.Inicial",107,7,"NA","Inicial",NA,404,0.304570530750858,3.28331174238919
"05","Almirante Brown","4004JI2990","AMBA","Privado","Privada","1.2.Inicial",141,6,"NA","Inicial",NA,404,0.401349951737112,2.49159118039464
"05","Almirante Brown","4004JI3447","AMBA","Privado","Privada","1.2.Inicial",157,6,"NA","Inicial",NA,404,0.446893208671819,2.23767106009964
"05","Almirante Brown","4004JI3569","AMBA","Privado","Privada","1.2.Inicial",171,6,"NA","Inicial",NA,404,0.486743558489689,2.05446992067628
"05","Almirante Brown","4004JI5404","AMBA","Privado","Privada","1.2.Inicial",126,8,"NA","Inicial",NA,404,0.358653148360823,2.78820917806066
"05","Almirante Brown","4004JI5871","AMBA","Privado","Privada","1.2.Inicial",85,4,"NA","Inicial",NA,404,0.241948552465635,4.13311007571345
"05","Almirante Brown","4004JI6164","AMBA","Privado","Privada","1.2.Inicial",89,6,"NA","Inicial",NA,404,0.253334366699312,3.94735231950161
"05","Almirante Brown","4004JI8254","AMBA","Privado","Privada","1.2.Inicial",73,4,"NA","Inicial",NA,404,0.207791109764604,4.81252543062525
"05","Almirante Brown","4004JI9111","AMBA","Privado","Privada","1.2.Inicial",112,5,"NA","Inicial",NA,404,0.318802798542954,3.13673532531825
"02","Avellaneda","4005JI1355","AMBA","Privado","Privada","1.2.Inicial",383,19,"NA","Inicial",NA,404,1,1
"02","Avellaneda","4005JI1448","AMBA","Privado","Privada","1.2.Inicial",67,4,"NA","Inicial",NA,404,0.190712388414089,5.24349785724841
"02","Avellaneda","4005JI1711","AMBA","Privado","Privada","1.2.Inicial",61,5,"NA","Inicial",NA,404,0.173633667063573,5.75925174484662
"02","Avellaneda","4005JI2122","AMBA","Privado","Privada","1.2.Inicial",186,10,"NA","Inicial",NA,404,0.529440361865977,1.88878686255722
"02","Avellaneda","4005JI2235","AMBA","Privado","Privada","1.2.Inicial",116,6,"NA","Inicial",NA,404,0.330188612776631,3.02857203823831
"02","Avellaneda","4005JI3904","AMBA","Privado","Privada","1.2.Inicial",213,11,"NA","Inicial",NA,404,0.606294607943296,1.6493631757542
"02","Avellaneda","4005JI3905","AMBA","Privado","Privada","1.2.Inicial",278,14,"NA","Inicial",NA,404,0.791314089240546,1.26372070660303
"02","Avellaneda","4005JI5283","AMBA","Privado","Privada","1.2.Inicial",118,6,"NA","Inicial",NA,404,0.335881519893469,2.97724030877664
"02","Avellaneda","4005JI7361","AMBA","Privado","Privada","1.2.Inicial",191,14,"NA","Inicial",NA,404,0.543672629658073,1.83934218029133
"02","Avellaneda","4005JI8032","AMBA","Privado","Privada","1.2.Inicial",52,5,"NA","Inicial",NA,404,0.1480155850378,6.75604531607007
"01","Brandsen","4014JI8324","AMBA","Privado","Privada","1.2.Inicial",64,3,"NA","Inicial",NA,404,0.182173027738831,5.48928681930693
"11","Campana","4015JI2324","AMBA","Privado","Privada","1.2.Inicial",225,15,"NA","Inicial",NA,404,0.640452050644327,1.56139713971397
"11","Campana","4015JI7477","AMBA","Privado","Privada","1.2.Inicial",122,7,"NA","Inicial",NA,404,0.347267334127146,2.87962587242331
"11","Campana","4015JI8249","AMBA","Privado","Privada","1.2.Inicial",210,11,"NA","Inicial",NA,404,0.597755247268039,1.6729255068364
"10","Cañuelas","4016JI0138","AMBA","Privado","Privada","1.2.Inicial",327,13,"NA","Inicial",NA,404,0.930790313603089,1.07435583007842
"10","Cañuelas","4016JI5433","AMBA","Privado","Privada","1.2.Inicial",127,5,"NA","Inicial",NA,404,0.361499601919242,2.76625477508381
"05","Esteban Echeverría","4030JI0954","AMBA","Privado","Privada","1.2.Inicial",236,10,"NA","Inicial",NA,404,0.671763039786939,1.48862015438832
"05","Esteban Echeverría","4030JI1391","AMBA","Privado","Privada","1.2.Inicial",166,6,"NA","Inicial",NA,404,0.472511290697593,2.11635154479303
"05","Esteban Echeverría","4030JI1881","AMBA","Privado","Privada","1.2.Inicial",284,12,"NA","Inicial",NA,404,0.808392810591062,1.23702238181565
"05","Esteban Echeverría","4030JI1893","AMBA","Privado","Privada","1.2.Inicial",162,7,"NA","Inicial",NA,404,0.461125476463916,2.16860713849163
"05","Esteban Echeverría","4030JI2509","AMBA","Privado","Privada","1.2.Inicial",217,8,"NA","Inicial",NA,404,0.617680422176973,1.61896016790619
"05","Esteban Echeverría","4030JI5367","AMBA","Privado","Privada","1.2.Inicial",230,9,"NA","Inicial",NA,404,0.654684318436423,1.52745372363323
"05","Esteban Echeverría","4030JI6254","AMBA","Privado","Privada","1.2.Inicial",442,19,"NA","Inicial",NA,404,1,1
"05","Esteban Echeverría","4030JI8251","AMBA","Privado","Privada","1.2.Inicial",141,6,"NA","Inicial",NA,404,0.401349951737112,2.49159118039464
"11","Exaltación de la Cruz","4031JI2970","AMBA","Privado","Privada","1.2.Inicial",73,3,"NA","Inicial",NA,404,0.207791109764604,4.81252543062525
"04","Florencio Varela","4032JI1322","AMBA","Privado","Privada","1.2.Inicial",171,10,"NA","Inicial",NA,404,0.486743558489689,2.05446992067628
"04","Florencio Varela","4032JI1764","AMBA","Privado","Privada","1.2.Inicial",173,6,"NA","Inicial",NA,404,0.492436465606527,2.03071882332742
"04","Florencio Varela","4032JI1903","AMBA","Privado","Privada","1.2.Inicial",311,12,"NA","Inicial",NA,404,0.885247056668381,1.12962815574162
"04","Florencio Varela","4032JI2113","AMBA","Privado","Privada","1.2.Inicial",156,6,"NA","Inicial",NA,404,0.4440467551134,2.25201510535669
"04","Florencio Varela","4032JI2577","AMBA","Privado","Privada","1.2.Inicial",107,4,"NA","Inicial",NA,404,0.304570530750858,3.28331174238919
"04","Florencio Varela","4032JI3528","AMBA","Privado","Privada","1.2.Inicial",135,8,"NA","Inicial",NA,404,0.384271230386596,2.60232856618995
"04","Florencio Varela","4032JI5126","AMBA","Privado","Privada","1.2.Inicial",136,6,"NA","Inicial",NA,404,0.387117683945016,2.58319379732091
"04","Florencio Varela","4032JI5311","AMBA","Privado","Privada","1.2.Inicial",256,10,"NA","Inicial",NA,404,0.728692110955323,1.37232170482673
"04","Florencio Varela","4032JI8919","AMBA","Privado","Privada","1.2.Inicial",95,6,"NA","Inicial",NA,404,0.270413088049827,3.6980458572173
"10","General Rodríguez","4044JI1425","AMBA","Privado","Privada","1.2.Inicial",200,8,"NA","Inicial",NA,404,0.569290711683846,1.75657178217822
"10","General Rodríguez","4044JI2101","AMBA","Privado","Privada","1.2.Inicial",311,12,"NA","Inicial",NA,404,0.885247056668381,1.12962815574162
"10","General Rodríguez","4044JI7473","AMBA","Privado","Privada","1.2.Inicial",147,6,"NA","Inicial",NA,404,0.418428673087627,2.38989358119485
"10","General Rodríguez","4044JI8441","AMBA","Privado","Privada","1.2.Inicial",149,8,"NA","Inicial",NA,404,0.424121580204466,2.35781447272244
"07","General San Martín","4045JI1427","AMBA","Privado","Privada","1.2.Inicial",90,6,"NA","Inicial",NA,404,0.256180820257731,3.90349284928493
"07","General San Martín","4045JI1534","AMBA","Privado","Privada","1.2.Inicial",235,13,"NA","Inicial",NA,404,0.668916586228519,1.49495470823678
"07","General San Martín","4045JI1679","AMBA","Privado","Privada","1.2.Inicial",89,6,"NA","Inicial",NA,404,0.253334366699312,3.94735231950161
"07","General San Martín","4045JI1811","AMBA","Privado","Privada","1.2.Inicial",290,14,"NA","Inicial",NA,404,0.825471531941577,1.21142881529532
"07","General San Martín","4045JI1959","AMBA","Privado","Privada","1.2.Inicial",150,10,"NA","Inicial",NA,404,0.426968033762885,2.34209570957096
"07","General San Martín","4045JI2343","AMBA","Privado","Privada","1.2.Inicial",207,10,"NA","Inicial",NA,404,0.589215886592781,1.69717080403693
"07","General San Martín","4045JI2812","AMBA","Privado","Privada","1.2.Inicial",118,8,"NA","Inicial",NA,404,0.335881519893469,2.97724030877664
"07","General San Martín","4045JI5136","AMBA","Privado","Privada","1.2.Inicial",554,24,"NA","Inicial",NA,404,1,1
"07","General San Martín","4045JI5476","AMBA","Privado","Privada","1.2.Inicial",98,8,"NA","Inicial",NA,404,0.278952448725085,3.58484037179228
"07","General San Martín","4045JI6361","AMBA","Privado","Privada","1.2.Inicial",105,6,"NA","Inicial",NA,404,0.298877623634019,3.3458510136728
"07","General San Martín","4045JI8284","AMBA","Privado","Privada","1.2.Inicial",73,4,"NA","Inicial",NA,404,0.207791109764604,4.81252543062525
"11","Zárate","4047JI1604","AMBA","Privado","Privada","1.2.Inicial",120,6,"NA","Inicial",NA,404,0.341574427010308,2.9276196369637
"11","Zárate","4047JI2167","AMBA","Privado","Privada","1.2.Inicial",146,8,"NA","Inicial",NA,404,0.415582219529208,2.40626271531263
"11","Zárate","4047JI2738","AMBA","Privado","Privada","1.2.Inicial",111,4,"NA","Inicial",NA,404,0.315956344984535,3.16499420212291
"11","Zárate","4047JI7486","AMBA","Privado","Privada","1.2.Inicial",131,6,"NA","Inicial",NA,404,0.372885416152919,2.68178898042476
"06","Tigre","4055JI1624","AMBA","Privado","Privada","1.2.Inicial",184,8,"NA","Inicial",NA,404,0.523747454749139,1.90931715454154
"06","Tigre","4055JI1656","AMBA","Privado","Privada","1.2.Inicial",160,7,"NA","Inicial",NA,404,0.455432569347077,2.19571472772277
"06","Tigre","4055JI1739","AMBA","Privado","Privada","1.2.Inicial",89,4,"NA","Inicial",NA,404,0.253334366699312,3.94735231950161
"06","Tigre","4055JI2010","AMBA","Privado","Privada","1.2.Inicial",143,6,"NA","Inicial",NA,404,0.40704285885395,2.45674375129821
"06","Tigre","4055JI2120","AMBA","Privado","Privada","1.2.Inicial",94,5,"NA","Inicial",NA,404,0.267566634491408,3.73738677059195
"06","Tigre","4055JI2551","AMBA","Privado","Privada","1.2.Inicial",99,4,"NA","Inicial",NA,404,0.281798902283504,3.5486298629863
"06","Tigre","4055JI2868","AMBA","Privado","Privada","1.2.Inicial",86,5,"NA","Inicial",NA,404,0.244795006024054,4.08505065622841
"06","Tigre","4055JI3078","AMBA","Privado","Privada","1.2.Inicial",132,6,"NA","Inicial",NA,404,0.375731869711339,2.66147239723972
"06","Tigre","4055JI3552","AMBA","Privado","Privada","1.2.Inicial",171,8,"NA","Inicial",NA,404,0.486743558489689,2.05446992067628
"06","Tigre","4055JI5460","AMBA","Privado","Privada","1.2.Inicial",104,6,"NA","Inicial",NA,404,0.2960311700756,3.37802265803503
"06","Tigre","4055JI5878","AMBA","Privado","Privada","1.2.Inicial",232,10,"NA","Inicial",NA,404,0.660377225553262,1.51428601911915
"06","Tigre","4055JI6044","AMBA","Privado","Privada","1.2.Inicial",195,14,"NA","Inicial",NA,404,0.55505844389175,1.80161208428535
"06","Tigre","4055JI6058","AMBA","Privado","Privada","1.2.Inicial",205,14,"NA","Inicial",NA,404,0.583522979475943,1.71372856797875
"06","Tigre","4055JI6433","AMBA","Privado","Privada","1.2.Inicial",169,8,"NA","Inicial",NA,404,0.48105065137285,2.07878317417541
"06","Tigre","4055JI6620","AMBA","Privado","Privada","1.2.Inicial",66,4,"NA","Inicial",NA,404,0.187865934855669,5.32294479447945
"06","Tigre","4055JI7635","AMBA","Privado","Privada","1.2.Inicial",144,8,"NA","Inicial",NA,404,0.409889312412369,2.43968303080308
"06","Tigre","4055JI7675","AMBA","Privado","Privada","1.2.Inicial",153,9,"NA","Inicial",NA,404,0.435507394438142,2.29617226428525
"06","Tigre","4055JI8265","AMBA","Privado","Privada","1.2.Inicial",90,4,"NA","Inicial",NA,404,0.256180820257731,3.90349284928493
"06","Tigre","4055JI8382","AMBA","Privado","Privada","1.2.Inicial",110,5,"NA","Inicial",NA,404,0.313109891426116,3.19376687668767
"06","Tigre","4055JI8866","AMBA","Privado","Privada","1.2.Inicial",115,6,"NA","Inicial",NA,404,0.327342159218212,3.05490744726647
"06","Tigre","4055JI9219","AMBA","Privado","Privada","1.2.Inicial",112,6,"NA","Inicial",NA,404,0.318802798542954,3.13673532531825
"10","General Las Heras","4057JI6507","AMBA","Privado","Privada","1.2.Inicial",141,6,"NA","Inicial",NA,404,0.401349951737112,2.49159118039464
"02","Lomas de Zamora","4062JI1221","AMBA","Privado","Privada","1.2.Inicial",103,6,"NA","Inicial",NA,404,0.293184716517181,3.41081899452081
"02","Lomas de Zamora","4062JI1396","AMBA","Privado","Privada","1.2.Inicial",122,6,"NA","Inicial",NA,404,0.347267334127146,2.87962587242331
"02","Lomas de Zamora","4062JI1433","AMBA","Privado","Privada","1.2.Inicial",204,9,"NA","Inicial",NA,404,0.580676525917523,1.72212919821394
"02","Lomas de Zamora","4062JI1434","AMBA","Privado","Privada","1.2.Inicial",294,12,"NA","Inicial",NA,404,0.836857346175254,1.19494679059743
"02","Lomas de Zamora","4062JI1533","AMBA","Privado","Privada","1.2.Inicial",118,6,"NA","Inicial",NA,404,0.335881519893469,2.97724030877664
"02","Lomas de Zamora","4062JI1772","AMBA","Privado","Privada","1.2.Inicial",228,10,"NA","Inicial",NA,404,0.648991411319585,1.54085244050721
"02","Lomas de Zamora","4062JI1894","AMBA","Privado","Privada","1.2.Inicial",131,8,"NA","Inicial",NA,404,0.372885416152919,2.68178898042476
"02","Lomas de Zamora","4062JI1906","AMBA","Privado","Privada","1.2.Inicial",192,8,"NA","Inicial",NA,404,0.546519083216493,1.82976227310231
"02","Lomas de Zamora","4062JI1937","AMBA","Privado","Privada","1.2.Inicial",241,12,"NA","Inicial",NA,404,0.685995307579035,1.4577359188201
"02","Lomas de Zamora","4062JI2023","AMBA","Privado","Privada","1.2.Inicial",463,20,"NA","Inicial",NA,404,1,1
"02","Lomas de Zamora","4062JI2199","AMBA","Privado","Privada","1.2.Inicial",118,5,"NA","Inicial",NA,404,0.335881519893469,2.97724030877664
"02","Lomas de Zamora","4062JI2353","AMBA","Privado","Privada","1.2.Inicial",89,5,"NA","Inicial",NA,404,0.253334366699312,3.94735231950161
"02","Lomas de Zamora","4062JI2471","AMBA","Privado","Privada","1.2.Inicial",152,8,"NA","Inicial",NA,404,0.432660940879723,2.31127866076081
"02","Lomas de Zamora","4062JI2850","AMBA","Privado","Privada","1.2.Inicial",111,6,"NA","Inicial",NA,404,0.315956344984535,3.16499420212291
"02","Lomas de Zamora","4062JI3068","AMBA","Privado","Privada","1.2.Inicial",107,6,"NA","Inicial",NA,404,0.304570530750858,3.28331174238919
"02","Lomas de Zamora","4062JI3767","AMBA","Privado","Privada","1.2.Inicial",104,7,"NA","Inicial",NA,404,0.2960311700756,3.37802265803503
"02","Lomas de Zamora","4062JI5493","AMBA","Privado","Privada","1.2.Inicial",129,7,"NA","Inicial",NA,404,0.367192509036081,2.72336710415228
"02","Lomas de Zamora","4062JI5663","AMBA","Privado","Privada","1.2.Inicial",208,9,"NA","Inicial",NA,404,0.5920623401512,1.68901132901752
"02","Lomas de Zamora","4062JI6187","AMBA","Privado","Privada","1.2.Inicial",100,6,"NA","Inicial",NA,404,0.284645355841923,3.51314356435644
"02","Lomas de Zamora","4062JI7470","AMBA","Privado","Privada","1.2.Inicial",127,8,"NA","Inicial",NA,404,0.361499601919242,2.76625477508381
"02","Lomas de Zamora","4062JI7527","AMBA","Privado","Privada","1.2.Inicial",81,5,"NA","Inicial",NA,404,0.230562738231958,4.33721427698325
"02","Lomas de Zamora","4062JI7751","AMBA","Privado","Privada","1.2.Inicial",81,4,"NA","Inicial",NA,404,0.230562738231958,4.33721427698325
"02","Lomas de Zamora","4062JI8371","AMBA","Privado","Privada","1.2.Inicial",140,11,"NA","Inicial",NA,404,0.398503498178692,2.5093882602546
"02","Lomas de Zamora","4062JI8931","AMBA","Privado","Privada","1.2.Inicial",42,3,"NA","Inicial",NA,404,0.119551049453608,8.36462753418199
"10","Luján","4063JI1878","AMBA","Privado","Privada","1.2.Inicial",322,12,"NA","Inicial",NA,404,0.916558045810993,1.09103837402374
"10","Luján","4063JI2635","AMBA","Privado","Privada","1.2.Inicial",135,6,"NA","Inicial",NA,404,0.384271230386596,2.60232856618995
"10","Luján","4063JI5985","AMBA","Privado","Privada","1.2.Inicial",168,6,"NA","Inicial",NA,404,0.478204197814431,2.0911568835455
"10","Luján","4063JI7762","AMBA","Privado","Privada","1.2.Inicial",153,6,"NA","Inicial",NA,404,0.435507394438142,2.29617226428525
"10","Luján","4063JI7977","AMBA","Privado","Privada","1.2.Inicial",186,10,"NA","Inicial",NA,404,0.529440361865977,1.88878686255722
"10","Marcos Paz","4067JI2508","AMBA","Privado","Privada","1.2.Inicial",137,6,"NA","Inicial",NA,404,0.389964137503435,2.56433836814338
"10","Marcos Paz","4067JI8590","AMBA","Privado","Privada","1.2.Inicial",186,10,"NA","Inicial",NA,404,0.529440361865977,1.88878686255722
"03","La Matanza","4069JI1397","AMBA","Privado","Privada","1.2.Inicial",255,15,"NA","Inicial",NA,404,0.725845657396904,1.37770335857115
"03","La Matanza","4069JI1466","AMBA","Privado","Privada","1.2.Inicial",76,6,"NA","Inicial",NA,404,0.216330470439862,4.62255732152163
"03","La Matanza","4069JI1479","AMBA","Privado","Privada","1.2.Inicial",90,6,"NA","Inicial",NA,404,0.256180820257731,3.90349284928493
"03","La Matanza","4069JI1480","AMBA","Privado","Privada","1.2.Inicial",386,16,"NA","Inicial",NA,404,1,1
"03","La Matanza","4069JI1641","AMBA","Privado","Privada","1.2.Inicial",121,7,"NA","Inicial",NA,404,0.344420880568727,2.90342443335243
"03","La Matanza","4069JI1859","AMBA","Privado","Privada","1.2.Inicial",109,6,"NA","Inicial",NA,404,0.310263437867696,3.22306749023526
"03","La Matanza","4069JI1908","AMBA","Privado","Privada","1.2.Inicial",86,4,"NA","Inicial",NA,404,0.244795006024054,4.08505065622841
"03","La Matanza","4069JI1928","AMBA","Privado","Privada","1.2.Inicial",280,14,"NA","Inicial",NA,404,0.797006996357385,1.2546941301273
"03","La Matanza","4069JI2022","AMBA","Privado","Privada","1.2.Inicial",111,6,"NA","Inicial",NA,404,0.315956344984535,3.16499420212291
"03","La Matanza","4069JI2272","AMBA","Privado","Privada","1.2.Inicial",192,8,"NA","Inicial",NA,404,0.546519083216493,1.82976227310231
"03","La Matanza","4069JI2321","AMBA","Privado","Privada","1.2.Inicial",104,6,"NA","Inicial",NA,404,0.2960311700756,3.37802265803503
"03","La Matanza","4069JI2322","AMBA","Privado","Privada","1.2.Inicial",295,12,"NA","Inicial",NA,404,0.839703799733673,1.19089612351066
"03","La Matanza","4069JI2461","AMBA","Privado","Privada","1.2.Inicial",167,9,"NA","Inicial",NA,404,0.475357744256012,2.10367878105176
"03","La Matanza","4069JI2514","AMBA","Privado","Privada","1.2.Inicial",492,15,"NA","Inicial",NA,404,1,1
"03","La Matanza","4069JI2679","AMBA","Privado","Privada","1.2.Inicial",48,6,"NA","Inicial",NA,404,0.136629770804123,7.31904909240924
"03","La Matanza","4069JI2788","AMBA","Privado","Privada","1.2.Inicial",267,12,"NA","Inicial",NA,404,0.760003100097935,1.31578410650054
"03","La Matanza","4069JI2878","AMBA","Privado","Privada","1.2.Inicial",275,10,"NA","Inicial",NA,404,0.782774728565289,1.27750675067507
"03","La Matanza","4069JI3142","AMBA","Privado","Privada","1.2.Inicial",221,10,"NA","Inicial",NA,404,0.62906623641065,1.58965772142825
"03","La Matanza","4069JI3218","AMBA","Privado","Privada","1.2.Inicial",155,6,"NA","Inicial",NA,404,0.441200301554981,2.26654423506867
"03","La Matanza","4069JI3348","AMBA","Privado","Privada","1.2.Inicial",153,7,"NA","Inicial",NA,404,0.435507394438142,2.29617226428525
"03","La Matanza","4069JI3558","AMBA","Privado","Privada","1.2.Inicial",86,6,"NA","Inicial",NA,404,0.244795006024054,4.08505065622841
"03","La Matanza","4069JI3633","AMBA","Privado","Privada","1.2.Inicial",144,6,"NA","Inicial",NA,404,0.409889312412369,2.43968303080308
"03","La Matanza","4069JI3888","AMBA","Privado","Privada","1.2.Inicial",220,9,"NA","Inicial",NA,404,0.626219782852231,1.59688343834383
"03","La Matanza","4069JI3934","AMBA","Privado","Privada","1.2.Inicial",94,8,"NA","Inicial",NA,404,0.267566634491408,3.73738677059195
"03","La Matanza","4069JI5240","AMBA","Privado","Privada","1.2.Inicial",128,6,"NA","Inicial",NA,404,0.364346055477662,2.74464340965347
"03","La Matanza","4069JI5863","AMBA","Privado","Privada","1.2.Inicial",77,8,"NA","Inicial",NA,404,0.219176923998281,4.56252410955381
"03","La Matanza","4069JI6004","AMBA","Privado","Privada","1.2.Inicial",69,6,"NA","Inicial",NA,404,0.196405295530927,5.09151241211078
"03","La Matanza","4069JI7343","AMBA","Privado","Privada","1.2.Inicial",40,4,"NA","Inicial",NA,404,0.113858142336769,8.78285891089109
"03","La Matanza","4069JI8404","AMBA","Privado","Privada","1.2.Inicial",90,3,"NA","Inicial",NA,404,0.256180820257731,3.90349284928493
"03","La Matanza","4069JI8569","AMBA","Privado","Privada","1.2.Inicial",189,8,"NA","Inicial",NA,404,0.537979722541235,1.85880611870711
"03","La Matanza","4069JI8753","AMBA","Privado","Privada","1.2.Inicial",91,6,"NA","Inicial",NA,404,0.25902727381615,3.86059732346861
"03","La Matanza","4069JU7416","AMBA","Privado","Privada","1.2.Inicial",149,7,"NA","Inicial",NA,404,0.424121580204466,2.35781447272244
"03","La Matanza","4069JU7418","AMBA","Privado","Privada","1.2.Inicial",196,8,"NA","Inicial",NA,404,0.557904897450169,1.79242018589614
"03","La Matanza","4069JU7419","AMBA","Privado","Privada","1.2.Inicial",220,8,"NA","Inicial",NA,404,0.626219782852231,1.59688343834383
"03","La Matanza","4069JU7421","AMBA","Privado","Privada","1.2.Inicial",195,8,"NA","Inicial",NA,404,0.55505844389175,1.80161208428535
"03","La Matanza","4069JU7423","AMBA","Privado","Privada","1.2.Inicial",177,8,"NA","Inicial",NA,404,0.503822279840204,1.98482687251776
"03","La Matanza","4069JU7425","AMBA","Privado","Privada","1.2.Inicial",158,6,"NA","Inicial",NA,404,0.449739662230239,2.22350858503572
"03","La Matanza","4069JU8682","AMBA","Privado","Privada","1.2.Inicial",94,8,"NA","Inicial",NA,404,0.267566634491408,3.73738677059195
"10","Mercedes","4070JI5052","AMBA","Privado","Privada","1.2.Inicial",171,7,"NA","Inicial",NA,404,0.486743558489689,2.05446992067628
"10","Mercedes","4070JI7583","AMBA","Privado","Privada","1.2.Inicial",141,7,"NA","Inicial",NA,404,0.401349951737112,2.49159118039464
"10","Mercedes","4070JI8192","AMBA","Privado","Privada","1.2.Inicial",124,6,"NA","Inicial",NA,404,0.352960241243985,2.83318029383584
"08","Merlo","4071JI1300","AMBA","Privado","Privada","1.2.Inicial",285,16,"NA","Inicial",NA,404,0.811239264149481,1.23268195240577
"08","Merlo","4071JI1325","AMBA","Privado","Privada","1.2.Inicial",157,6,"NA","Inicial",NA,404,0.446893208671819,2.23767106009964
"08","Merlo","4071JI1438","AMBA","Privado","Privada","1.2.Inicial",423,16,"NA","Inicial",NA,404,1,1
"08","Merlo","4071JI1439","AMBA","Privado","Privada","1.2.Inicial",193,8,"NA","Inicial",NA,404,0.549365536774912,1.82028163956292
"08","Merlo","4071JI1671","AMBA","Privado","Privada","1.2.Inicial",137,6,"NA","Inicial",NA,404,0.389964137503435,2.56433836814338
"08","Merlo","4071JI2218","AMBA","Privado","Privada","1.2.Inicial",59,3,"NA","Inicial",NA,404,0.167940759946735,5.95448061755328
"08","Merlo","4071JI2262","AMBA","Privado","Privada","1.2.Inicial",249,10,"NA","Inicial",NA,404,0.708766936046389,1.41090102986202
"08","Merlo","4071JI2293","AMBA","Privado","Privada","1.2.Inicial",116,6,"NA","Inicial",NA,404,0.330188612776631,3.02857203823831
"08","Merlo","4071JI2500","AMBA","Privado","Privada","1.2.Inicial",53,4,"NA","Inicial",NA,404,0.150862038596219,6.62857276293667
"08","Merlo","4071JI3036","AMBA","Privado","Privada","1.2.Inicial",154,6,"NA","Inicial",NA,404,0.438353847996562,2.28126205477691
"08","Merlo","4071JI3744","AMBA","Privado","Privada","1.2.Inicial",104,6,"NA","Inicial",NA,404,0.2960311700756,3.37802265803503
"08","Merlo","4071JI6506","AMBA","Privado","Privada","1.2.Inicial",196,8,"NA","Inicial",NA,404,0.557904897450169,1.79242018589614
"09","Moreno","4073JI1440","AMBA","Privado","Privada","1.2.Inicial",168,6,"NA","Inicial",NA,404,0.478204197814431,2.0911568835455
"09","Moreno","4073JI1936","AMBA","Privado","Privada","1.2.Inicial",139,5,"NA","Inicial",NA,404,0.395657044620273,2.52744141320607
"09","Moreno","4073JI2885","AMBA","Privado","Privada","1.2.Inicial",152,6,"NA","Inicial",NA,404,0.432660940879723,2.31127866076081
"09","Moreno","4073JI3734","AMBA","Privado","Privada","1.2.Inicial",234,11,"NA","Inicial",NA,404,0.6660701326701,1.50134340357113
"09","Moreno","4073JI3936","AMBA","Privado","Privada","1.2.Inicial",38,3,"NA","Inicial",NA,404,0.108165235219931,9.24511464304325
"09","Moreno","4073JI6508","AMBA","Privado","Privada","1.2.Inicial",158,6,"NA","Inicial",NA,404,0.449739662230239,2.22350858503572
"09","Moreno","4073JI7506","AMBA","Privado","Privada","1.2.Inicial",83,4,"NA","Inicial",NA,404,0.236255645348796,4.23270308958607
"09","Moreno","4073JI8345","AMBA","Privado","Privada","1.2.Inicial",135,6,"NA","Inicial",NA,404,0.384271230386596,2.60232856618995
"11","Pilar","4083JI1430","AMBA","Privado","Privada","1.2.Inicial",154,6,"NA","Inicial",NA,404,0.438353847996562,2.28126205477691
"11","Pilar","4083JI2111","AMBA","Privado","Privada","1.2.Inicial",62,3,"NA","Inicial",NA,404,0.176480120621992,5.66636058767167
"11","Pilar","4083JI2375","AMBA","Privado","Privada","1.2.Inicial",173,8,"NA","Inicial",NA,404,0.492436465606527,2.03071882332742
"11","Pilar","4083JI3379","AMBA","Privado","Privada","1.2.Inicial",16,1,"NA","Inicial",NA,404,0.0455432569347077,21.9571472772277
"11","Pilar","4083JI3791","AMBA","Privado","Privada","1.2.Inicial",163,9,"NA","Inicial",NA,404,0.463971930022335,2.15530280021867
"11","Pilar","4083JI6095","AMBA","Privado","Privada","1.2.Inicial",176,8,"NA","Inicial",NA,404,0.500975826281785,1.99610429792979
"11","Pilar","4083JI6138","AMBA","Privado","Privada","1.2.Inicial",290,17,"NA","Inicial",NA,404,0.825471531941577,1.21142881529532
"11","Pilar","4083JI6145","AMBA","Privado","Privada","1.2.Inicial",184,12,"NA","Inicial",NA,404,0.523747454749139,1.90931715454154
"11","Pilar","4083JI6476","AMBA","Privado","Privada","1.2.Inicial",100,6,"NA","Inicial",NA,404,0.284645355841923,3.51314356435644
"11","Pilar","4083JI6510","AMBA","Privado","Privada","1.2.Inicial",165,10,"NA","Inicial",NA,404,0.469664837139173,2.12917791779178
"11","Pilar","4083JI8218","AMBA","Privado","Privada","1.2.Inicial",157,10,"NA","Inicial",NA,404,0.446893208671819,2.23767106009964
"11","Pilar","4083JI8458","AMBA","Privado","Privada","1.2.Inicial",388,20,"NA","Inicial",NA,404,1,1
"11","Pilar","4083JI8826","AMBA","Privado","Privada","1.2.Inicial",196,9,"NA","Inicial",NA,404,0.557904897450169,1.79242018589614
"11","Pilar","4083JI9037","AMBA","Privado","Privada","1.2.Inicial",38,3,"NA","Inicial",NA,404,0.108165235219931,9.24511464304325
"04","Quilmes","4085JI1107","AMBA","Privado","Privada","1.2.Inicial",75,4,"NA","Inicial",NA,404,0.213484016881442,4.68419141914191
"04","Quilmes","4085JI1297","AMBA","Privado","Privada","1.2.Inicial",75,4,"NA","Inicial",NA,404,0.213484016881442,4.68419141914191
"04","Quilmes","4085JI1445","AMBA","Privado","Privada","1.2.Inicial",242,12,"NA","Inicial",NA,404,0.688841761137454,1.45171221667621
"04","Quilmes","4085JI1475","AMBA","Privado","Privada","1.2.Inicial",104,4,"NA","Inicial",NA,404,0.2960311700756,3.37802265803503
"04","Quilmes","4085JI1522","AMBA","Privado","Privada","1.2.Inicial",239,12,"NA","Inicial",NA,404,0.680302400462196,1.46993454575583
"04","Quilmes","4085JI1884","AMBA","Privado","Privada","1.2.Inicial",340,16,"NA","Inicial",NA,404,0.967794209862539,1.03327751892836
"04","Quilmes","4085JI1926","AMBA","Privado","Privada","1.2.Inicial",103,6,"NA","Inicial",NA,404,0.293184716517181,3.41081899452081
"04","Quilmes","4085JI1993","AMBA","Privado","Privada","1.2.Inicial",12,1,"NA","Inicial",NA,404,0.0341574427010308,29.276196369637
"04","Quilmes","4085JI2336","AMBA","Privado","Privada","1.2.Inicial",165,9,"NA","Inicial",NA,404,0.469664837139173,2.12917791779178
"04","Quilmes","4085JI2459","AMBA","Privado","Privada","1.2.Inicial",120,6,"NA","Inicial",NA,404,0.341574427010308,2.9276196369637
"04","Quilmes","4085JI2524","AMBA","Privado","Privada","1.2.Inicial",92,6,"NA","Inicial",NA,404,0.261873727374569,3.81863430908308
"04","Quilmes","4085JI2725","AMBA","Privado","Privada","1.2.Inicial",120,6,"NA","Inicial",NA,404,0.341574427010308,2.9276196369637
"04","Quilmes","4085JI2870","AMBA","Privado","Privada","1.2.Inicial",133,7,"NA","Inicial",NA,404,0.378578323269758,2.64146132658379
"04","Quilmes","4085JI3156","AMBA","Privado","Privada","1.2.Inicial",131,12,"NA","Inicial",NA,404,0.372885416152919,2.68178898042476
"04","Quilmes","4085JI3786","AMBA","Privado","Privada","1.2.Inicial",237,12,"NA","Inicial",NA,404,0.674609493345358,1.48233905669048
"04","Quilmes","4085JI5180","AMBA","Privado","Privada","1.2.Inicial",152,6,"NA","Inicial",NA,404,0.432660940879723,2.31127866076081
"04","Quilmes","4085JI6019","AMBA","Privado","Privada","1.2.Inicial",45,2,"NA","Inicial",NA,404,0.128090410128865,7.80698569856986
"04","Quilmes","4085JI7581","AMBA","Privado","Privada","1.2.Inicial",81,4,"NA","Inicial",NA,404,0.230562738231958,4.33721427698325
"04","Quilmes","4085JI8532","AMBA","Privado","Privada","1.2.Inicial",55,5,"NA","Inicial",NA,404,0.156554945713058,6.38753375337534
"10","San Andrés de Giles","4093JI3334","AMBA","Privado","Privada","1.2.Inicial",181,9,"NA","Inicial",NA,404,0.515208094073881,1.94096329522455
"06","San Fernando","4095JI1447","AMBA","Privado","Privada","1.2.Inicial",216,10,"NA","Inicial",NA,404,0.614833968618554,1.62645535386872
"06","San Fernando","4095JI1668","AMBA","Privado","Privada","1.2.Inicial",190,10,"NA","Inicial",NA,404,0.540826176099654,1.84902292860865
"06","San Fernando","4095JI2327","AMBA","Privado","Privada","1.2.Inicial",129,6,"NA","Inicial",NA,404,0.367192509036081,2.72336710415228
"06","San Fernando","4095JI5633","AMBA","Privado","Privada","1.2.Inicial",145,8,"NA","Inicial",NA,404,0.412735765970789,2.42285763059065
"06","San Fernando","4095JI6098","AMBA","Privado","Privada","1.2.Inicial",181,8,"NA","Inicial",NA,404,0.515208094073881,1.94096329522455
"06","San Fernando","4095JI6475","AMBA","Privado","Privada","1.2.Inicial",367,22,"NA","Inicial",NA,404,1,1
"06","San Fernando","4095JI7464","AMBA","Privado","Privada","1.2.Inicial",240,11,"NA","Inicial",NA,404,0.683148854020616,1.46380981848185
"06","San Fernando","4095JI8737","AMBA","Privado","Privada","1.2.Inicial",117,6,"NA","Inicial",NA,404,0.33303506633505,3.00268680714225
"06","San Fernando","4095JU7412","AMBA","Privado","Privada","1.2.Inicial",72,3,"NA","Inicial",NA,404,0.204944656206185,4.87936606160616
"06","San Isidro","4096JI1212","AMBA","Privado","Privada","1.2.Inicial",161,11,"NA","Inicial",NA,404,0.458279022905496,2.18207674804748
"06","San Isidro","4096JI1473","AMBA","Privado","Privada","1.2.Inicial",364,18,"NA","Inicial",NA,404,1,1
"06","San Isidro","4096JI1638","AMBA","Privado","Privada","1.2.Inicial",180,12,"NA","Inicial",NA,404,0.512361640515462,1.95174642464246
"06","San Isidro","4096JI1883","AMBA","Privado","Privada","1.2.Inicial",97,4,"NA","Inicial",NA,404,0.276105995166666,3.62179748902725
"06","San Isidro","4096JI2319","AMBA","Privado","Privada","1.2.Inicial",221,10,"NA","Inicial",NA,404,0.62906623641065,1.58965772142825
"06","San Isidro","4096JI2752","AMBA","Privado","Privada","1.2.Inicial",99,6,"NA","Inicial",NA,404,0.281798902283504,3.5486298629863
"06","San Isidro","4096JI2777","AMBA","Privado","Privada","1.2.Inicial",133,11,"NA","Inicial",NA,404,0.378578323269758,2.64146132658379
"06","San Isidro","4096JI2877","AMBA","Privado","Privada","1.2.Inicial",213,12,"NA","Inicial",NA,404,0.606294607943296,1.6493631757542
"06","San Isidro","4096JI3654","AMBA","Privado","Privada","1.2.Inicial",141,6,"NA","Inicial",NA,404,0.401349951737112,2.49159118039464
"06","San Isidro","4096JI3762","AMBA","Privado","Privada","1.2.Inicial",116,7,"NA","Inicial",NA,404,0.330188612776631,3.02857203823831
"06","San Isidro","4096JI5271","AMBA","Privado","Privada","1.2.Inicial",93,6,"NA","Inicial",NA,404,0.264720180932989,3.77757372511445
"06","San Isidro","4096JI5530","AMBA","Privado","Privada","1.2.Inicial",195,11,"NA","Inicial",NA,404,0.55505844389175,1.80161208428535
"06","San Isidro","4096JI5873","AMBA","Privado","Privada","1.2.Inicial",166,8,"NA","Inicial",NA,404,0.472511290697593,2.11635154479303
"06","San Isidro","4096JI6043","AMBA","Privado","Privada","1.2.Inicial",175,12,"NA","Inicial",NA,404,0.498129372723366,2.00751060820368
"06","San Isidro","4096JI6206","AMBA","Privado","Privada","1.2.Inicial",139,9,"NA","Inicial",NA,404,0.395657044620273,2.52744141320607
"06","San Isidro","4096JI6587","AMBA","Privado","Privada","1.2.Inicial",131,6,"NA","Inicial",NA,404,0.372885416152919,2.68178898042476
"06","San Isidro","4096JI8389","AMBA","Privado","Privada","1.2.Inicial",50,3,"NA","Inicial",NA,404,0.142322677920962,7.02628712871287
"06","San Isidro","4096JI8885","AMBA","Privado","Privada","1.2.Inicial",252,11,"NA","Inicial",NA,404,0.717306296721646,1.39410458903033
"05","San Vicente","4099JI8490","AMBA","Privado","Privada","1.2.Inicial",55,3,"NA","Inicial",NA,404,0.156554945713058,6.38753375337534
"08","Morón","4100JI0417","AMBA","Privado","Privada","1.2.Inicial",207,11,"NA","Inicial",NA,404,0.589215886592781,1.69717080403693
"08","Morón","4100JI1162","AMBA","Privado","Privada","1.2.Inicial",241,13,"NA","Inicial",NA,404,0.685995307579035,1.4577359188201
"08","Morón","4100JI1374","AMBA","Privado","Privada","1.2.Inicial",98,5,"NA","Inicial",NA,404,0.278952448725085,3.58484037179228
"08","Morón","4100JI1450","AMBA","Privado","Privada","1.2.Inicial",238,12,"NA","Inicial",NA,404,0.677455946903777,1.47611074132623
"08","Morón","4100JI1451","AMBA","Privado","Privada","1.2.Inicial",131,7,"NA","Inicial",NA,404,0.372885416152919,2.68178898042476
"08","Morón","4100JI1453","AMBA","Privado","Privada","1.2.Inicial",215,11,"NA","Inicial",NA,404,0.611987515060135,1.63402026249137
"08","Morón","4100JI1455","AMBA","Privado","Privada","1.2.Inicial",343,16,"NA","Inicial",NA,404,0.976333570537797,1.02424010622637
"08","Morón","4100JI1915","AMBA","Privado","Privada","1.2.Inicial",82,4,"NA","Inicial",NA,404,0.233409191790377,4.28432141994687
"08","Morón","4100JI2044","AMBA","Privado","Privada","1.2.Inicial",89,4,"NA","Inicial",NA,404,0.253334366699312,3.94735231950161
"08","Morón","4100JI2271","AMBA","Privado","Privada","1.2.Inicial",151,8,"NA","Inicial",NA,404,0.429814487321304,2.3265851419579
"08","Morón","4100JI2480","AMBA","Privado","Privada","1.2.Inicial",246,10,"NA","Inicial",NA,404,0.700227575371131,1.42810713998229
"08","Morón","4100JI2838","AMBA","Privado","Privada","1.2.Inicial",188,12,"NA","Inicial",NA,404,0.535133268982816,1.86869338529598
"08","Morón","4100JI5257","AMBA","Privado","Privada","1.2.Inicial",48,3,"NA","Inicial",NA,404,0.136629770804123,7.31904909240924
"08","Morón","4100JI6608","AMBA","Privado","Privada","1.2.Inicial",101,5,"NA","Inicial",NA,404,0.287491809400342,3.47835996470934
"08","Morón","4100JI8258","AMBA","Privado","Privada","1.2.Inicial",54,3,"NA","Inicial",NA,404,0.153708492154639,6.50582141547488
"06","Vicente López","4109JI1187","AMBA","Privado","Privada","1.2.Inicial",128,8,"NA","Inicial",NA,404,0.364346055477662,2.74464340965347
"06","Vicente López","4109JI1607","AMBA","Privado","Privada","1.2.Inicial",260,17,"NA","Inicial",NA,404,0.740077925189,1.35120906321401
"06","Vicente López","4109JI1644","AMBA","Privado","Privada","1.2.Inicial",84,4,"NA","Inicial",NA,404,0.239102098907215,4.18231376709099
"06","Vicente López","4109JI2301","AMBA","Privado","Privada","1.2.Inicial",138,6,"NA","Inicial",NA,404,0.392810591061854,2.54575620605539
"06","Vicente López","4109JI2743","AMBA","Privado","Privada","1.2.Inicial",157,9,"NA","Inicial",NA,404,0.446893208671819,2.23767106009964
"06","Vicente López","4109JI3409","AMBA","Privado","Privada","1.2.Inicial",71,4,"NA","Inicial",NA,404,0.202098202647765,4.94808952726259
"06","Vicente López","4109JI5335","AMBA","Privado","Privada","1.2.Inicial",120,6,"NA","Inicial",NA,404,0.341574427010308,2.9276196369637
"06","Vicente López","4109JI5557","AMBA","Privado","Privada","1.2.Inicial",61,3,"NA","Inicial",NA,404,0.173633667063573,5.75925174484662
"06","Vicente López","4109JI6063","AMBA","Privado","Privada","1.2.Inicial",69,4,"NA","Inicial",NA,404,0.196405295530927,5.09151241211078
"06","Vicente López","4109JI6148","AMBA","Privado","Privada","1.2.Inicial",151,11,"NA","Inicial",NA,404,0.429814487321304,2.3265851419579
"06","Vicente López","4109JI6435","AMBA","Privado","Privada","1.2.Inicial",100,6,"NA","Inicial",NA,404,0.284645355841923,3.51314356435644
"06","Vicente López","4109JI7735","AMBA","Privado","Privada","1.2.Inicial",93,5,"NA","Inicial",NA,404,0.264720180932989,3.77757372511445
"06","Vicente López","4109JI8925","AMBA","Privado","Privada","1.2.Inicial",100,5,"NA","Inicial",NA,404,0.284645355841923,3.51314356435644
"02","Lanús","4111JI1415","AMBA","Privado","Privada","1.2.Inicial",353,22,"NA","Inicial",NA,404,1,1
"02","Lanús","4111JI1457","AMBA","Privado","Privada","1.2.Inicial",68,6,"NA","Inicial",NA,404,0.193558841972508,5.16638759464182
"02","Lanús","4111JI1459","AMBA","Privado","Privada","1.2.Inicial",191,8,"NA","Inicial",NA,404,0.543672629658073,1.83934218029133
"02","Lanús","4111JI1462","AMBA","Privado","Privada","1.2.Inicial",60,4,"NA","Inicial",NA,404,0.170787213505154,5.85523927392739
"02","Lanús","4111JI1771","AMBA","Privado","Privada","1.2.Inicial",71,3,"NA","Inicial",NA,404,0.202098202647765,4.94808952726259
"02","Lanús","4111JI1924","AMBA","Privado","Privada","1.2.Inicial",149,7,"NA","Inicial",NA,404,0.424121580204466,2.35781447272244
"02","Lanús","4111JI1969","AMBA","Privado","Privada","1.2.Inicial",214,9,"NA","Inicial",NA,404,0.609141061501716,1.6416558711946
"02","Lanús","4111JI2055","AMBA","Privado","Privada","1.2.Inicial",115,7,"NA","Inicial",NA,404,0.327342159218212,3.05490744726647
"02","Lanús","4111JI2357","AMBA","Privado","Privada","1.2.Inicial",243,12,"NA","Inicial",NA,404,0.691688214695873,1.44573809232775
"02","Lanús","4111JI2397","AMBA","Privado","Privada","1.2.Inicial",77,4,"NA","Inicial",NA,404,0.219176923998281,4.56252410955381
"02","Lanús","4111JI2649","AMBA","Privado","Privada","1.2.Inicial",126,8,"NA","Inicial",NA,404,0.358653148360823,2.78820917806066
"02","Lanús","4111JI3699","AMBA","Privado","Privada","1.2.Inicial",45,3,"NA","Inicial",NA,404,0.128090410128865,7.80698569856986
"02","Lanús","4111JI5503","AMBA","Privado","Privada","1.2.Inicial",109,6,"NA","Inicial",NA,404,0.310263437867696,3.22306749023526
"02","Lanús","4111JI6077","AMBA","Privado","Privada","1.2.Inicial",130,5,"NA","Inicial",NA,404,0.3700389625945,2.70241812642803
"02","Lanús","4111JI7491","AMBA","Privado","Privada","1.2.Inicial",175,10,"NA","Inicial",NA,404,0.498129372723366,2.00751060820368
"02","Lanús","4111JI8561","AMBA","Privado","Privada","1.2.Inicial",131,7,"NA","Inicial",NA,404,0.372885416152919,2.68178898042476
"01","Berisso","4113JI1799","AMBA","Privado","Privada","1.2.Inicial",113,6,"NA","Inicial",NA,404,0.321649252101373,3.10897660562516
"01","Berisso","4113JI8455","AMBA","Privado","Privada","1.2.Inicial",118,6,"NA","Inicial",NA,404,0.335881519893469,2.97724030877664
"01","Ensenada","4114JI1464","AMBA","Privado","Privada","1.2.Inicial",142,6,"NA","Inicial",NA,404,0.404196405295531,2.47404476363129
"11","Escobar","4116JI2414","AMBA","Privado","Privada","1.2.Inicial",60,3,"NA","Inicial",NA,404,0.170787213505154,5.85523927392739
"11","Escobar","4116JI3110","AMBA","Privado","Privada","1.2.Inicial",121,7,"NA","Inicial",NA,404,0.344420880568727,2.90342443335243
"11","Escobar","4116JI3400","AMBA","Privado","Privada","1.2.Inicial",240,13,"NA","Inicial",NA,404,0.683148854020616,1.46380981848185
"11","Escobar","4116JI5406","AMBA","Privado","Privada","1.2.Inicial",89,4,"NA","Inicial",NA,404,0.253334366699312,3.94735231950161
"11","Escobar","4116JI7995","AMBA","Privado","Privada","1.2.Inicial",351,18,"NA","Inicial",NA,404,0.99910519900515,1.00089560238075
"11","Escobar","4116JI8344","AMBA","Privado","Privada","1.2.Inicial",160,10,"NA","Inicial",NA,404,0.455432569347077,2.19571472772277
"11","Escobar","4116JI8400","AMBA","Privado","Privada","1.2.Inicial",148,6,"NA","Inicial",NA,404,0.421275126646046,2.37374565159219
"11","Escobar","4116JI8472","AMBA","Privado","Privada","1.2.Inicial",122,6,"NA","Inicial",NA,404,0.347267334127146,2.87962587242331
"11","Escobar","4116JI8917","AMBA","Privado","Privada","1.2.Inicial",173,8,"NA","Inicial",NA,404,0.492436465606527,2.03071882332742
"11","Escobar","4116JI8968","AMBA","Privado","Privada","1.2.Inicial",182,9,"NA","Inicial",NA,404,0.5180545476323,1.93029866173431
"07","Tres de Febrero","4117JI1357","AMBA","Privado","Privada","1.2.Inicial",139,10,"NA","Inicial",NA,404,0.395657044620273,2.52744141320607
"07","Tres de Febrero","4117JI1467","AMBA","Privado","Privada","1.2.Inicial",174,10,"NA","Inicial",NA,404,0.495282919164946,2.0190480254922
"07","Tres de Febrero","4117JI1469","AMBA","Privado","Privada","1.2.Inicial",74,6,"NA","Inicial",NA,404,0.210637563323023,4.74749130318437
"07","Tres de Febrero","4117JI1496","AMBA","Privado","Privada","1.2.Inicial",258,14,"NA","Inicial",NA,404,0.734385018072162,1.36168355207614
"07","Tres de Febrero","4117JI1633","AMBA","Privado","Privada","1.2.Inicial",177,10,"NA","Inicial",NA,404,0.503822279840204,1.98482687251776
"07","Tres de Febrero","4117JI2207","AMBA","Privado","Privada","1.2.Inicial",147,6,"NA","Inicial",NA,404,0.418428673087627,2.38989358119485
"07","Tres de Febrero","4117JI3728","AMBA","Privado","Privada","1.2.Inicial",142,8,"NA","Inicial",NA,404,0.404196405295531,2.47404476363129
"07","Tres de Febrero","4117JI5445","AMBA","Privado","Privada","1.2.Inicial",164,10,"NA","Inicial",NA,404,0.466818383580754,2.14216070997344
"07","Tres de Febrero","4117JI7596","AMBA","Privado","Privada","1.2.Inicial",52,4,"NA","Inicial",NA,404,0.1480155850378,6.75604531607007
"04","Berazategui","4119JI1265","AMBA","Privado","Privada","1.2.Inicial",119,8,"NA","Inicial",NA,404,0.338727973451889,2.95222148265247
"04","Berazategui","4119JI1494","AMBA","Privado","Privada","1.2.Inicial",116,7,"NA","Inicial",NA,404,0.330188612776631,3.02857203823831
"04","Berazategui","4119JI1875","AMBA","Privado","Privada","1.2.Inicial",128,6,"NA","Inicial",NA,404,0.364346055477662,2.74464340965347
"04","Berazategui","4119JI2201","AMBA","Privado","Privada","1.2.Inicial",113,6,"NA","Inicial",NA,404,0.321649252101373,3.10897660562516
"04","Berazategui","4119JI2249","AMBA","Privado","Privada","1.2.Inicial",319,13,"NA","Inicial",NA,404,0.908018685135735,1.10129892299575
"04","Berazategui","4119JI3443","AMBA","Privado","Privada","1.2.Inicial",161,6,"NA","Inicial",NA,404,0.458279022905496,2.18207674804748
"04","Berazategui","4119JI4955","AMBA","Privado","Privada","1.2.Inicial",181,8,"NA","Inicial",NA,404,0.515208094073881,1.94096329522455
"04","Berazategui","4119JI6130","AMBA","Privado","Privada","1.2.Inicial",233,11,"NA","Inicial",NA,404,0.663223679111681,1.50778693749203
"04","Berazategui","4119JI6580","AMBA","Privado","Privada","1.2.Inicial",142,6,"NA","Inicial",NA,404,0.404196405295531,2.47404476363129
"04","Berazategui","4119JI7359","AMBA","Privado","Privada","1.2.Inicial",180,8,"NA","Inicial",NA,404,0.512361640515462,1.95174642464246
"04","Berazategui","4119JI8202","AMBA","Privado","Privada","1.2.Inicial",142,6,"NA","Inicial",NA,404,0.404196405295531,2.47404476363129
"05","Presidente Perón","4129JI1094","AMBA","Privado","Privada","1.2.Inicial",333,12,"NA","Inicial",NA,404,0.947869034953604,1.05499806737431
"05","Presidente Perón","4129JI5223","AMBA","Privado","Privada","1.2.Inicial",142,6,"NA","Inicial",NA,404,0.404196405295531,2.47404476363129
"05","Ezeiza","4130JI1303","AMBA","Privado","Privada","1.2.Inicial",301,12,"NA","Inicial",NA,404,0.856782521084189,1.16715733035098
"05","Ezeiza","4130JI1721","AMBA","Privado","Privada","1.2.Inicial",207,8,"NA","Inicial",NA,404,0.589215886592781,1.69717080403693
"05","Ezeiza","4130JI3194","AMBA","Privado","Privada","1.2.Inicial",140,6,"NA","Inicial",NA,404,0.398503498178692,2.5093882602546
"05","Ezeiza","4130JI5980","AMBA","Privado","Privada","1.2.Inicial",240,12,"NA","Inicial",NA,404,0.683148854020616,1.46380981848185
"05","Ezeiza","4130JI7952","AMBA","Privado","Privada","1.2.Inicial",239,14,"NA","Inicial",NA,404,0.680302400462196,1.46993454575583
"05","Ezeiza","4130JI8521","AMBA","Privado","Privada","1.2.Inicial",71,4,"NA","Inicial",NA,404,0.202098202647765,4.94808952726259
"05","Ezeiza","4130JI8796","AMBA","Privado","Privada","1.2.Inicial",192,11,"NA","Inicial",NA,404,0.546519083216493,1.82976227310231
"09","San Miguel","4131JI1486","AMBA","Privado","Privada","1.2.Inicial",110,7,"NA","Inicial",NA,404,0.313109891426116,3.19376687668767
"09","San Miguel","4131JI1780","AMBA","Privado","Privada","1.2.Inicial",86,6,"NA","Inicial",NA,404,0.244795006024054,4.08505065622841
"09","San Miguel","4131JI2277","AMBA","Privado","Privada","1.2.Inicial",162,8,"NA","Inicial",NA,404,0.461125476463916,2.16860713849163
"09","San Miguel","4131JI3102","AMBA","Privado","Privada","1.2.Inicial",149,7,"NA","Inicial",NA,404,0.424121580204466,2.35781447272244
"09","San Miguel","4131JI3267","AMBA","Privado","Privada","1.2.Inicial",113,6,"NA","Inicial",NA,404,0.321649252101373,3.10897660562516
"09","San Miguel","4131JI5080","AMBA","Privado","Privada","1.2.Inicial",110,6,"NA","Inicial",NA,404,0.313109891426116,3.19376687668767
"09","San Miguel","4131JI5822","AMBA","Privado","Privada","1.2.Inicial",163,8,"NA","Inicial",NA,404,0.463971930022335,2.15530280021867
"09","San Miguel","4131JI6501","AMBA","Privado","Privada","1.2.Inicial",165,8,"NA","Inicial",NA,404,0.469664837139173,2.12917791779178
"09","San Miguel","4131JI8313","AMBA","Privado","Privada","1.2.Inicial",119,6,"NA","Inicial",NA,404,0.338727973451889,2.95222148265247
"09","San Miguel","4131JI8446","AMBA","Privado","Privada","1.2.Inicial",138,8,"NA","Inicial",NA,404,0.392810591061854,2.54575620605539
"09","San Miguel","4131JI8572","AMBA","Privado","Privada","1.2.Inicial",175,10,"NA","Inicial",NA,404,0.498129372723366,2.00751060820368
"09","San Miguel","4131JI8947","AMBA","Privado","Privada","1.2.Inicial",133,5,"NA","Inicial",NA,404,0.378578323269758,2.64146132658379
"09","José C. Paz","4132JI1537","AMBA","Privado","Privada","1.2.Inicial",192,6,"NA","Inicial",NA,404,0.546519083216493,1.82976227310231
"09","José C. Paz","4132JI1927","AMBA","Privado","Privada","1.2.Inicial",222,8,"NA","Inicial",NA,404,0.631912689969069,1.58249710106146
"09","José C. Paz","4132JI3850","AMBA","Privado","Privada","1.2.Inicial",240,8,"NA","Inicial",NA,404,0.683148854020616,1.46380981848185
"09","José C. Paz","4132JI5095","AMBA","Privado","Privada","1.2.Inicial",99,4,"NA","Inicial",NA,404,0.281798902283504,3.5486298629863
"09","José C. Paz","4132JI5448","AMBA","Privado","Privada","1.2.Inicial",118,4,"NA","Inicial",NA,404,0.335881519893469,2.97724030877664
"09","José C. Paz","4132JI8486","AMBA","Privado","Privada","1.2.Inicial",109,4,"NA","Inicial",NA,404,0.310263437867696,3.22306749023526
"09","Malvinas Argentinas","4133JI1429","AMBA","Privado","Privada","1.2.Inicial",220,10,"NA","Inicial",NA,404,0.626219782852231,1.59688343834383
"09","Malvinas Argentinas","4133JI2000","AMBA","Privado","Privada","1.2.Inicial",104,6,"NA","Inicial",NA,404,0.2960311700756,3.37802265803503
"09","Malvinas Argentinas","4133JI2282","AMBA","Privado","Privada","1.2.Inicial",106,4,"NA","Inicial",NA,404,0.301724077192439,3.31428638146834
"09","Malvinas Argentinas","4133JI2415","AMBA","Privado","Privada","1.2.Inicial",182,8,"NA","Inicial",NA,404,0.5180545476323,1.93029866173431
"09","Malvinas Argentinas","4133JI2971","AMBA","Privado","Privada","1.2.Inicial",124,5,"NA","Inicial",NA,404,0.352960241243985,2.83318029383584
"09","Malvinas Argentinas","4133JI3371","AMBA","Privado","Privada","1.2.Inicial",51,3,"NA","Inicial",NA,404,0.145169131479381,6.88851679285576
"09","Malvinas Argentinas","4133JI7666","AMBA","Privado","Privada","1.2.Inicial",198,10,"NA","Inicial",NA,404,0.563597804567008,1.77431493149315
"09","Malvinas Argentinas","4133JI8557","AMBA","Privado","Privada","1.2.Inicial",41,2,"NA","Inicial",NA,404,0.116704595895189,8.56864283989375
"07","Hurlingham","4135JI2338","AMBA","Privado","Privada","1.2.Inicial",234,12,"NA","Inicial",NA,404,0.6660701326701,1.50134340357113
"07","Hurlingham","4135JI2658","AMBA","Privado","Privada","1.2.Inicial",114,7,"NA","Inicial",NA,404,0.324495705659792,3.08170488101442
"07","Hurlingham","4135JI5932","AMBA","Privado","Privada","1.2.Inicial",196,12,"NA","Inicial",NA,404,0.557904897450169,1.79242018589614
"08","Ituzaingó","4136JI1040","AMBA","Privado","Privada","1.2.Inicial",70,6,"NA","Inicial",NA,404,0.199251749089346,5.01877652050919
"08","Ituzaingó","4136JI2036","AMBA","Privado","Privada","1.2.Inicial",268,14,"NA","Inicial",NA,404,0.762849553656354,1.3108744643121
"08","Ituzaingó","4136JI2077","AMBA","Privado","Privada","1.2.Inicial",264,16,"NA","Inicial",NA,404,0.751463739422677,1.33073619861986
"08","Ituzaingó","4136JI3159","AMBA","Privado","Privada","1.2.Inicial",24,2,"NA","Inicial",NA,404,0.0683148854020616,14.6380981848185
"08","Ituzaingó","4136JI8958","AMBA","Privado","Privada","1.2.Inicial",91,3,"NA","Inicial",NA,404,0.25902727381615,3.86059732346861
"06","San Isidro","4096JI2144","AMBA","Privado","Privada","1.2.Inicial",62,8,"NA","Inicial",NA,404,0.176480120621992,5.66636058767167
"06","Vicente López","4109JI5410","AMBA","Privado","Privada","1.2.Inicial",190,10,"NA","Inicial",NA,404,0.540826176099654,1.84902292860865
"07","Tres de Febrero","4117JI1384","AMBA","Privado","Privada","1.2.Inicial",79,6,"NA","Inicial",NA,404,0.224869831115119,4.44701717007144
"09","San Miguel","4131JI8415","AMBA","Privado","Privada","1.2.Inicial",152,8,"NA","Inicial",NA,404,0.432660940879723,2.31127866076081
"08","Merlo","4071JI2033","AMBA","Privado","Privada","1.2.Inicial",178,7,"NA","Inicial",NA,404,0.506668733398623,1.97367615975081
"18","Ayacucho","0006JI0901","Interior","Estatal","Oficial","1.2.Inicial",129,11,"0","Inicial",0,639,0.832123640988886,1.20174448933047
"25","Azul","0007JI0902","Interior","Estatal","Oficial","1.2.Inicial",84,6,"0","Inicial",0,639,0.541847952271832,1.84553618004322
"25","Azul","0007JI0916","Interior","Estatal","Oficial","1.2.Inicial",78,5,"0","Inicial",0,639,0.503144527109559,1.98750050158501
"22","Bahía Blanca","0008JI0953","Interior","Estatal","Oficial","1.2.Inicial",92,6,"0","Inicial",0,639,0.593452519154864,1.68505477308294
"12","Baradero","0010JI0902","Interior","Estatal","Oficial","1.2.Inicial",129,6,"0","Inicial",0,639,0.832123640988886,1.20174448933047
"12","Arrecifes","0011JI0901","Interior","Estatal","Oficial","1.2.Inicial",279,12,"0","Inicial",0,639,1,1
"25","Bolívar","0012JI0907","Interior","Estatal","Oficial","1.2.Inicial",113,6,"0","Inicial",0,639,0.728914507222822,1.37190300109408
"15","Bragado","0013JI0913","Interior","Estatal","Oficial","1.2.Inicial",182,8,"0","Inicial",0,639,1,1
"15","Carlos Casares","0017JI0906","Interior","Estatal","Oficial","1.2.Inicial",242,12,"0","Inicial",0,639,1,1
"16","Carlos Tejedor","0018JI0901","Interior","Estatal","Oficial","1.2.Inicial",139,11,"0","Inicial",0,639,0.896629349592675,1.11528805124914
"13","Carmen de Areco","0019JI0904","Interior","Estatal","Oficial","1.2.Inicial",120,6,"0","Inicial",0,639,0.774068503245475,1.29187532603026
"13","Carmen de Areco","0019JI0905","Interior","Estatal","Oficial","1.2.Inicial",163,8,"0","Inicial",0,639,1,1
"18","Castelli","0021JI0903","Interior","Estatal","Oficial","1.2.Inicial",23,2,"0","Inicial",0,639,0.148363129788716,6.74021909233177
"13","Colón","0022JI0904","Interior","Estatal","Oficial","1.2.Inicial",16,1,"0","Inicial",0,639,0.103209133766063,9.68906494522692
"23","Coronel Suárez","0025JI0904","Interior","Estatal","Oficial","1.2.Inicial",60,6,"0","Inicial",0,639,0.387034251622738,2.58375065206051
"14","Chacabuco","0026JI0908","Interior","Estatal","Oficial","1.2.Inicial",108,7,"0","Inicial",0,639,0.696661652920928,1.43541702892251
"14","Chacabuco","0026JI0913","Interior","Estatal","Oficial","1.2.Inicial",167,8,"0","Inicial",0,639,1,1
"15","Chivilcoy","0028JI0904","Interior","Estatal","Oficial","1.2.Inicial",178,13,"0","Inicial",0,639,1,1
"15","Chivilcoy","0028JI0908","Interior","Estatal","Oficial","1.2.Inicial",23,1,"0","Inicial",0,639,0.148363129788716,6.74021909233177
"15","Chivilcoy","0028JI0920","Interior","Estatal","Oficial","1.2.Inicial",144,8,"0","Inicial",0,639,0.92888220389457,1.07656277169188
"19","General Alvarado","0033JI0902","Interior","Estatal","Oficial","1.2.Inicial",234,10,"0","Inicial",0,639,1,1
"19","General Alvarado","0033JI0905","Interior","Estatal","Oficial","1.2.Inicial",183,8,"0","Inicial",0,639,1,1
"14","General Arenales","0035JI0901","Interior","Estatal","Oficial","1.2.Inicial",179,10,"0","Inicial",0,639,1,1
"14","General Arenales","0035JI0903","Interior","Estatal","Oficial","1.2.Inicial",85,4,"0","Inicial",0,639,0.548298523132212,1.82382398968977
"17","General Paz","0041JI0901","Interior","Estatal","Oficial","1.2.Inicial",182,9,"0","Inicial",0,639,1,1
"19","General Pueyrredón","0043JI0911","Interior","Estatal","Oficial","1.2.Inicial",188,10,"0","Inicial",0,639,1,1
"19","General Pueyrredón","0043JI0924","Interior","Estatal","Oficial","1.2.Inicial",70,3,"0","Inicial",0,639,0.451539960226527,2.21464341605187
"19","General Pueyrredón","0043JI0951","Interior","Estatal","Oficial","1.2.Inicial",84,4,"0","Inicial",0,639,0.541847952271832,1.84553618004322
"16","General Villegas","0049JI0918","Interior","Estatal","Oficial","1.2.Inicial",166,8,"0","Inicial",0,639,1,1
"14","Junín","0053JI0912","Interior","Estatal","Oficial","1.2.Inicial",46,3,"0","Inicial",0,639,0.296726259577432,3.37010954616588
"14","Lincoln","0059JI0910","Interior","Estatal","Oficial","1.2.Inicial",110,5,"0","Inicial",0,639,0.709562794641685,1.40931853748755
"14","Lincoln","0059JI0913","Interior","Estatal","Oficial","1.2.Inicial",120,8,"0","Inicial",0,639,0.774068503245475,1.29187532603026
"13","Salto","0066JI0901","Interior","Estatal","Oficial","1.2.Inicial",227,12,"0","Inicial",0,639,1,1
"13","Salto","0066JI0908","Interior","Estatal","Oficial","1.2.Inicial",10,1,"0","Inicial",0,639,0.0645057086037896,15.5025039123631
"17","Monte","0072JI0903","Interior","Estatal","Oficial","1.2.Inicial",124,8,"0","Inicial",0,639,0.799870786686991,1.25020192841638
"20","Necochea","0075JI0911","Interior","Estatal","Oficial","1.2.Inicial",167,8,"0","Inicial",0,639,1,1
"15","9 de Julio","0076JI0901","Interior","Estatal","Oficial","1.2.Inicial",108,10,"0","Inicial",0,639,0.696661652920928,1.43541702892251
"15","9 de Julio","0076JI0909","Interior","Estatal","Oficial","1.2.Inicial",186,10,"0","Inicial",0,639,1,1
"15","9 de Julio","0076JI0913","Interior","Estatal","Oficial","1.2.Inicial",122,7,"0","Inicial",0,639,0.786969644966233,1.27069704199697
"15","9 de Julio","0076JI0919","Interior","Estatal","Oficial","1.2.Inicial",117,7,"0","Inicial",0,639,0.754716790664338,1.32500033439001
"25","Olavarría","0077JI0908","Interior","Estatal","Oficial","1.2.Inicial",136,8,"0","Inicial",0,639,0.877277637011538,1.13988999355611
"25","Olavarría","0077JI0928","Interior","Estatal","Oficial","1.2.Inicial",44,3,"0","Inicial",0,639,0.283825117856674,3.52329634371888
"15","Pehuajó","0079JI0913","Interior","Estatal","Oficial","1.2.Inicial",16,2,"0","Inicial",0,639,0.103209133766063,9.68906494522692
"15","Pehuajó","0079JI0917","Interior","Estatal","Oficial","1.2.Inicial",109,6,"0","Inicial",0,639,0.703112223781306,1.42224806535441
"13","Pergamino","0081JI0906","Interior","Estatal","Oficial","1.2.Inicial",34,2,"0","Inicial",0,639,0.219319409252885,4.55955997422443
"13","Pergamino","0081JI0918","Interior","Estatal","Oficial","1.2.Inicial",74,5,"0","Inicial",0,639,0.477342243668043,2.09493296113014
"13","Pergamino","0081JI0922","Interior","Estatal","Oficial","1.2.Inicial",187,9,"0","Inicial",0,639,1,1
"13","Pergamino","0081JI0924","Interior","Estatal","Oficial","1.2.Inicial",110,6,"0","Inicial",0,639,0.709562794641685,1.40931853748755
"12","Ramallo","0086JI0908","Interior","Estatal","Oficial","1.2.Inicial",122,6,"0","Inicial",0,639,0.786969644966233,1.27069704199697
"16","Rivadavia","0088JS0007","Interior","Estatal","Oficial","1.2.Inicial",2,1,"0","Inicial",0,639,0.0129011417207579,77.5125195618153
"24","Saladillo","0092JI0903","Interior","Estatal","Oficial","1.2.Inicial",22,1,"0","Inicial",0,639,0.141912558928337,7.04659268743776
"12","San Nicolás","0097JI0903","Interior","Estatal","Oficial","1.2.Inicial",59,4,"0","Inicial",0,639,0.380583680762359,2.62754303599374
"12","San Nicolás","0097JI0908","Interior","Estatal","Oficial","1.2.Inicial",172,10,"0","Inicial",0,639,1,1
"12","San Pedro","0098JI0906","Interior","Estatal","Oficial","1.2.Inicial",151,8,"0","Inicial",0,639,0.974036199917223,1.02665588823596
"12","San Pedro","0098JI0907","Interior","Estatal","Oficial","1.2.Inicial",62,3,"0","Inicial",0,639,0.399935393343495,2.50040385683275
"12","San Pedro","0098JI0917","Interior","Estatal","Oficial","1.2.Inicial",117,6,"0","Inicial",0,639,0.754716790664338,1.32500033439001
"12","San Pedro","0098JI0919","Interior","Estatal","Oficial","1.2.Inicial",275,12,"0","Inicial",0,639,1,1
"20","Tandil","0102JI0902","Interior","Estatal","Oficial","1.2.Inicial",91,6,"0","Inicial",0,639,0.587001948294485,1.70357185850144
"20","Tandil","0102JI0917","Interior","Estatal","Oficial","1.2.Inicial",184,12,"0","Inicial",0,639,1,1
"20","Tandil","0102JI0924","Interior","Estatal","Oficial","1.2.Inicial",81,7,"0","Inicial",0,639,0.522496239690696,1.91388937189668
"23","Tornquist","0105JI0903","Interior","Estatal","Oficial","1.2.Inicial",110,8,"0","Inicial",0,639,0.709562794641685,1.40931853748755
"16","Trenque Lauquen","0106JI0903","Interior","Estatal","Oficial","1.2.Inicial",151,8,"0","Inicial",0,639,0.974036199917223,1.02665588823596
"21","Tres Arroyos","0107JI0902","Interior","Estatal","Oficial","1.2.Inicial",32,3,"0","Inicial",0,639,0.206418267532127,4.84453247261346
"21","Tres Arroyos","0107JI0903","Interior","Estatal","Oficial","1.2.Inicial",156,10,"0","Inicial",0,639,1,1
"21","Tres Arroyos","0107JI0915","Interior","Estatal","Oficial","1.2.Inicial",68,4,"0","Inicial",0,639,0.438638818505769,2.27977998711222
"12","Capitán Sarmiento","0121JI0904","Interior","Estatal","Oficial","1.2.Inicial",16,1,"0","Inicial",0,639,0.103209133766063,9.68906494522692
"16","Tres Lomas","0127JI0901","Interior","Estatal","Oficial","1.2.Inicial",212,13,"0","Inicial",0,639,1,1
"25","Azul","0007JI0901","Interior","Estatal","Oficial","1.2.Inicial",173,11,"0.8","Inicial",0.8,639,1,1
"24","General Alvear","0034JI0902","Interior","Estatal","Oficial","1.2.Inicial",116,8,"3.1","Inicial",3.1,639,0.748266219803959,1.33642275106578
"19","General Pueyrredón","0043JI0947","Interior","Estatal","Oficial","1.2.Inicial",148,8,"3.1","Inicial",3.1,639,0.954684487336086,1.04746648056507
"24","Lobos","0061JI0902","Interior","Estatal","Oficial","1.2.Inicial",163,8,"3.1","Inicial",3.1,639,1,1
"13","Carmen de Areco","0019JI0901","Interior","Estatal","Oficial","1.2.Inicial",201,12,"3.5","Inicial",3.5,639,1,1
"25","Olavarría","0077JI0919","Interior","Estatal","Oficial","1.2.Inicial",168,8,"4.2","Inicial",4.2,639,1,1
"12","San Nicolás","0097JI0913","Interior","Estatal","Oficial","1.2.Inicial",87,5,"4.2","Inicial",4.2,639,0.561199664852969,1.78189700142104
"23","Coronel Suárez","0025JI0902","Interior","Estatal","Oficial","1.2.Inicial",102,7,"4.8","Inicial",4.8,639,0.657958227758654,1.51985332474148
"16","Rivadavia","0088JI0906","Interior","Estatal","Oficial","1.2.Inicial",179,10,"5","Inicial",5,639,1,1
"15","Chivilcoy","0028JI0916","Interior","Estatal","Oficial","1.2.Inicial",112,6,"5.6","Inicial",5.6,639,0.722463936362443,1.38415213503242
"17","Monte","0072JI0909","Interior","Estatal","Oficial","1.2.Inicial",105,6,"6.2","Inicial",6.2,639,0.677309940339791,1.47642894403458
"13","Rojas","0089JI0904","Interior","Estatal","Oficial","1.2.Inicial",130,8,"6.2","Inicial",6.2,639,0.838574211849265,1.19250030095101
"15","Carlos Casares","0017JI0907","Interior","Estatal","Oficial","1.2.Inicial",172,10,"6.7","Inicial",6.7,639,1,1
"12","San Nicolás","0097JI0924","Interior","Estatal","Oficial","1.2.Inicial",133,6,"6.9","Inicial",6.9,639,0.857925924430401,1.16560179792203
"13","San Antonio de Areco","0094JI0901","Interior","Estatal","Oficial","1.2.Inicial",144,9,"7.3","Inicial",7.3,639,0.92888220389457,1.07656277169188
"16","Salliqueló","0120JI0901","Interior","Estatal","Oficial","1.2.Inicial",137,8,"7.3","Inicial",7.3,639,0.883728207871917,1.13156962863964
"25","Bolívar","0012JI0910","Interior","Estatal","Oficial","1.2.Inicial",81,5,"7.5","Inicial",7.5,639,0.522496239690696,1.91388937189668
"20","Necochea","0075JI0903","Interior","Estatal","Oficial","1.2.Inicial",249,12,"7.6","Inicial",7.6,639,1,1
"22","Bahía Blanca","0008JI0901","Interior","Estatal","Oficial","1.2.Inicial",234,13,"7.7","Inicial",7.7,639,1,1
"21","Benito Juárez","0052JI0902","Interior","Estatal","Oficial","1.2.Inicial",208,12,"8","Inicial",8,639,1,1
"23","Adolfo Alsina","0002JI0904","Interior","Estatal","Oficial","1.2.Inicial",80,5,"8.3000000000000007","Inicial",8.3,639,0.516045668830317,1.93781298904538
"25","Azul","0007JI0910","Interior","Estatal","Oficial","1.2.Inicial",69,4,"8.3000000000000007","Inicial",8.3,639,0.445089389366148,2.24673969744392
"25","Azul","0007JI0915","Interior","Estatal","Oficial","1.2.Inicial",72,5,"8.3000000000000007","Inicial",8.3,639,0.464441101947285,2.15312554338376
"22","Bahía Blanca","0008JI0906","Interior","Estatal","Oficial","1.2.Inicial",165,8,"8.3000000000000007","Inicial",8.3,639,1,1
"20","Balcarce","0009JI0901","Interior","Estatal","Oficial","1.2.Inicial",237,12,"8.3000000000000007","Inicial",8.3,639,1,1
"20","Balcarce","0009JI0906","Interior","Estatal","Oficial","1.2.Inicial",106,6,"8.3000000000000007","Inicial",8.3,639,0.68376051120017,1.46250036909086
"12","Baradero","0010JI0901","Interior","Estatal","Oficial","1.2.Inicial",222,12,"8.3000000000000007","Inicial",8.3,639,1,1
"12","Baradero","0010JI0906","Interior","Estatal","Oficial","1.2.Inicial",102,7,"8.3000000000000007","Inicial",8.3,639,0.657958227758654,1.51985332474148
"12","Arrecifes","0011JI0902","Interior","Estatal","Oficial","1.2.Inicial",46,3,"8.3000000000000007","Inicial",8.3,639,0.296726259577432,3.37010954616588
"12","Arrecifes","0011JI0904","Interior","Estatal","Oficial","1.2.Inicial",142,7,"8.3000000000000007","Inicial",8.3,639,0.915981062173812,1.0917256276312
"12","Arrecifes","0011JI0906","Interior","Estatal","Oficial","1.2.Inicial",280,12,"8.3000000000000007","Inicial",8.3,639,1,1
"12","Arrecifes","0011JI0909","Interior","Estatal","Oficial","1.2.Inicial",185,8,"8.3000000000000007","Inicial",8.3,639,1,1
"25","Bolívar","0012JI0901","Interior","Estatal","Oficial","1.2.Inicial",166,8,"8.3000000000000007","Inicial",8.3,639,1,1
"25","Bolívar","0012JS0006","Interior","Estatal","Oficial","1.2.Inicial",11,1,"8.3000000000000007","Inicial",8.3,639,0.0709562794641685,14.0931853748755
"15","Bragado","0013JI0901","Interior","Estatal","Oficial","1.2.Inicial",260,14,"8.3000000000000007","Inicial",8.3,639,1,1
"15","Bragado","0013JI0905","Interior","Estatal","Oficial","1.2.Inicial",183,10,"8.3000000000000007","Inicial",8.3,639,1,1
"15","Bragado","0013JI0908","Interior","Estatal","Oficial","1.2.Inicial",15,2,"8.3000000000000007","Inicial",8.3,639,0.0967585629056844,10.335002608242
"15","Bragado","0013JI0914","Interior","Estatal","Oficial","1.2.Inicial",140,8,"8.3000000000000007","Inicial",8.3,639,0.903079920453054,1.10732170802593
"15","Carlos Casares","0017JI0912","Interior","Estatal","Oficial","1.2.Inicial",19,2,"8.3000000000000007","Inicial",8.3,639,0.1225608463472,8.15921258545425
"13","Carmen de Areco","0019JS0004","Interior","Estatal","Oficial","1.2.Inicial",2,1,"8.3000000000000007","Inicial",8.3,639,0.0129011417207579,77.5125195618153
"18","Castelli","0021JI0901","Interior","Estatal","Oficial","1.2.Inicial",122,7,"8.3000000000000007","Inicial",8.3,639,0.786969644966233,1.27069704199697
"21","Coronel Dorrego","0023JI0906","Interior","Estatal","Oficial","1.2.Inicial",147,8,"8.3000000000000007","Inicial",8.3,639,0.948233916475707,1.05459210288184
"21","Coronel Dorrego","0023JS0005","Interior","Estatal","Oficial","1.2.Inicial",6,1,"8.3000000000000007","Inicial",8.3,639,0.0387034251622737,25.8375065206051
"21","Coronel Pringles","0024JI0910","Interior","Estatal","Oficial","1.2.Inicial",177,8,"8.3000000000000007","Inicial",8.3,639,1,1
"23","Coronel Suárez","0025JI0903","Interior","Estatal","Oficial","1.2.Inicial",105,7,"8.3000000000000007","Inicial",8.3,639,0.677309940339791,1.47642894403458
"23","Coronel Suárez","0025JI0905","Interior","Estatal","Oficial","1.2.Inicial",148,9,"8.3000000000000007","Inicial",8.3,639,0.954684487336086,1.04746648056507
"23","Coronel Suárez","0025JI0913","Interior","Estatal","Oficial","1.2.Inicial",120,7,"8.3000000000000007","Inicial",8.3,639,0.774068503245475,1.29187532603026
"17","Chascomús","0027JI0910","Interior","Estatal","Oficial","1.2.Inicial",93,6,"8.3000000000000007","Inicial",8.3,639,0.599903090015243,1.66693590455517
"15","Chivilcoy","0028JI0902","Interior","Estatal","Oficial","1.2.Inicial",151,12,"8.3000000000000007","Inicial",8.3,639,0.974036199917223,1.02665588823596
"15","Chivilcoy","0028JI0907","Interior","Estatal","Oficial","1.2.Inicial",194,12,"8.3000000000000007","Inicial",8.3,639,1,1
"15","Chivilcoy","0028JI0914","Interior","Estatal","Oficial","1.2.Inicial",174,9,"8.3000000000000007","Inicial",8.3,639,1,1
"15","Chivilcoy","0028JI0919","Interior","Estatal","Oficial","1.2.Inicial",18,1,"8.3000000000000007","Inicial",8.3,639,0.116110275486821,8.61250217353504
"19","General Pueyrredón","0043JI0904","Interior","Estatal","Oficial","1.2.Inicial",138,8,"8.3000000000000007","Inicial",8.3,639,0.890178778732296,1.12336984872196
"19","General Pueyrredón","0043JI0907","Interior","Estatal","Oficial","1.2.Inicial",201,10,"8.3000000000000007","Inicial",8.3,639,1,1
"19","General Pueyrredón","0043JI0913","Interior","Estatal","Oficial","1.2.Inicial",96,6,"8.3000000000000007","Inicial",8.3,639,0.61925480259638,1.61484415753782
"19","General Pueyrredón","0043JI0914","Interior","Estatal","Oficial","1.2.Inicial",70,5,"8.3000000000000007","Inicial",8.3,639,0.451539960226527,2.21464341605187
"19","General Pueyrredón","0043JI0920","Interior","Estatal","Oficial","1.2.Inicial",109,4,"8.3000000000000007","Inicial",8.3,639,0.703112223781306,1.42224806535441
"19","General Pueyrredón","0043JI0927","Interior","Estatal","Oficial","1.2.Inicial",218,12,"8.3000000000000007","Inicial",8.3,639,1,1
"19","General Pueyrredón","0043JI0940","Interior","Estatal","Oficial","1.2.Inicial",174,8,"8.3000000000000007","Inicial",8.3,639,1,1
"19","General Pueyrredón","0043JI0946","Interior","Estatal","Oficial","1.2.Inicial",190,9,"8.3000000000000007","Inicial",8.3,639,1,1
"14","General Viamonte","0048JI0901","Interior","Estatal","Oficial","1.2.Inicial",163,10,"8.3000000000000007","Inicial",8.3,639,1,1
"14","General Viamonte","0048JI0906","Interior","Estatal","Oficial","1.2.Inicial",7,1,"8.3000000000000007","Inicial",8.3,639,0.0451539960226527,22.1464341605187
"16","General Villegas","0049JI0906","Interior","Estatal","Oficial","1.2.Inicial",75,5,"8.3000000000000007","Inicial",8.3,639,0.483792814528422,2.06700052164841
"16","General Villegas","0049JI0913","Interior","Estatal","Oficial","1.2.Inicial",130,8,"8.3000000000000007","Inicial",8.3,639,0.838574211849265,1.19250030095101
"16","General Villegas","0049JI0914","Interior","Estatal","Oficial","1.2.Inicial",143,8,"8.3000000000000007","Inicial",8.3,639,0.922431633034191,1.08409118268273
"21","Adolfo Gonzales Chaves","0050JI0907","Interior","Estatal","Oficial","1.2.Inicial",27,3,"8.3000000000000007","Inicial",8.3,639,0.174165413230232,5.74166811569002
"21","Benito Juárez","0052JI0906","Interior","Estatal","Oficial","1.2.Inicial",137,9,"8.3000000000000007","Inicial",8.3,639,0.883728207871917,1.13156962863964
"14","Junín","0053JI0906","Interior","Estatal","Oficial","1.2.Inicial",198,9,"8.3000000000000007","Inicial",8.3,639,1,1
"14","Junín","0053JI0911","Interior","Estatal","Oficial","1.2.Inicial",136,8,"8.3000000000000007","Inicial",8.3,639,0.877277637011538,1.13988999355611
"14","Junín","0053JI0920","Interior","Estatal","Oficial","1.2.Inicial",43,3,"8.3000000000000007","Inicial",8.3,639,0.277374546996295,3.60523346799141
"24","Las Flores","0056JI0901","Interior","Estatal","Oficial","1.2.Inicial",186,10,"8.3000000000000007","Inicial",8.3,639,1,1
"24","Las Flores","0056JI0907","Interior","Estatal","Oficial","1.2.Inicial",27,2,"8.3000000000000007","Inicial",8.3,639,0.174165413230232,5.74166811569002
"14","Leandro N. Alem","0058JI0901","Interior","Estatal","Oficial","1.2.Inicial",178,9,"8.3000000000000007","Inicial",8.3,639,1,1
"14","Leandro N. Alem","0058JI0905","Interior","Estatal","Oficial","1.2.Inicial",114,8,"8.3000000000000007","Inicial",8.3,639,0.735365078083201,1.35986876424237
"24","Lobos","0061JI0907","Interior","Estatal","Oficial","1.2.Inicial",7,1,"8.3000000000000007","Inicial",8.3,639,0.0451539960226527,22.1464341605187
"13","Salto","0066JI0904","Interior","Estatal","Oficial","1.2.Inicial",82,4,"8.3000000000000007","Inicial",8.3,639,0.528946810551075,1.89054925760525
"19","Mar Chiquita","0068JI0909","Interior","Estatal","Oficial","1.2.Inicial",149,7,"8.3000000000000007","Inicial",8.3,639,0.961135058196465,1.04043650418544
"20","Necochea","0075JI0914","Interior","Estatal","Oficial","1.2.Inicial",74,4,"8.3000000000000007","Inicial",8.3,639,0.477342243668043,2.09493296113014
"15","9 de Julio","0076JI0902","Interior","Estatal","Oficial","1.2.Inicial",73,4,"8.3000000000000007","Inicial",8.3,639,0.470891672807664,2.12363067292645
"25","Olavarría","0077JI0902","Interior","Estatal","Oficial","1.2.Inicial",242,12,"8.3000000000000007","Inicial",8.3,639,1,1
"25","Olavarría","0077JI0906","Interior","Estatal","Oficial","1.2.Inicial",87,6,"8.3000000000000007","Inicial",8.3,639,0.561199664852969,1.78189700142104
"25","Olavarría","0077JI0907","Interior","Estatal","Oficial","1.2.Inicial",103,6,"8.3000000000000007","Inicial",8.3,639,0.664408798619033,1.50509746721972
"15","Pehuajó","0079JI0901","Interior","Estatal","Oficial","1.2.Inicial",167,10,"8.3000000000000007","Inicial",8.3,639,1,1
"15","Pehuajó","0079JI0907","Interior","Estatal","Oficial","1.2.Inicial",155,8,"8.3000000000000007","Inicial",8.3,639,0.999838483358739,1.0001615427331
"15","Pehuajó","0079JI0908","Interior","Estatal","Oficial","1.2.Inicial",187,12,"8.3000000000000007","Inicial",8.3,639,1,1
"15","Pehuajó","0079JI0914","Interior","Estatal","Oficial","1.2.Inicial",13,1,"8.3000000000000007","Inicial",8.3,639,0.0838574211849265,11.9250030095101
"16","Pellegrini","0080JI0901","Interior","Estatal","Oficial","1.2.Inicial",158,10,"8.3000000000000007","Inicial",8.3,639,1,1
"13","Pergamino","0081JI0911","Interior","Estatal","Oficial","1.2.Inicial",17,1,"8.3000000000000007","Inicial",8.3,639,0.109659704626442,9.11911994844886
"13","Pergamino","0081JI0913","Interior","Estatal","Oficial","1.2.Inicial",166,9,"8.3000000000000007","Inicial",8.3,639,1,1
"13","Pergamino","0081JI0923","Interior","Estatal","Oficial","1.2.Inicial",126,7,"8.3000000000000007","Inicial",8.3,639,0.812771928407749,1.23035745336215
"13","Pergamino","0081JS0003","Interior","Estatal","Oficial","1.2.Inicial",13,1,"8.3000000000000007","Inicial",8.3,639,0.0838574211849265,11.9250030095101
"12","Ramallo","0086JI0901","Interior","Estatal","Oficial","1.2.Inicial",253,13,"8.3000000000000007","Inicial",8.3,639,1,1
"12","Ramallo","0086JI0902","Interior","Estatal","Oficial","1.2.Inicial",246,15,"8.3000000000000007","Inicial",8.3,639,1,1
"16","Rivadavia","0088JI0901","Interior","Estatal","Oficial","1.2.Inicial",212,12,"8.3000000000000007","Inicial",8.3,639,1,1
"24","Saladillo","0092JI0907","Interior","Estatal","Oficial","1.2.Inicial",134,7,"8.3000000000000007","Inicial",8.3,639,0.86437649529078,1.15690327704202
"13","San Antonio de Areco","0094JI0905","Interior","Estatal","Oficial","1.2.Inicial",75,5,"8.3000000000000007","Inicial",8.3,639,0.483792814528422,2.06700052164841
"12","San Nicolás","0097JI0906","Interior","Estatal","Oficial","1.2.Inicial",142,7,"8.3000000000000007","Inicial",8.3,639,0.915981062173812,1.0917256276312
"12","San Nicolás","0097JI0912","Interior","Estatal","Oficial","1.2.Inicial",102,6,"8.3000000000000007","Inicial",8.3,639,0.657958227758654,1.51985332474148
"12","San Nicolás","0097JI0923","Interior","Estatal","Oficial","1.2.Inicial",124,8,"8.3000000000000007","Inicial",8.3,639,0.799870786686991,1.25020192841638
"12","San Nicolás","0097JI0925","Interior","Estatal","Oficial","1.2.Inicial",174,8,"8.3000000000000007","Inicial",8.3,639,1,1
"12","San Nicolás","0097JI0926","Interior","Estatal","Oficial","1.2.Inicial",157,8,"8.3000000000000007","Inicial",8.3,639,1,1
"12","San Pedro","0098JI0908","Interior","Estatal","Oficial","1.2.Inicial",134,6,"8.3000000000000007","Inicial",8.3,639,0.86437649529078,1.15690327704202
"20","Tandil","0102JI0903","Interior","Estatal","Oficial","1.2.Inicial",130,9,"8.3000000000000007","Inicial",8.3,639,0.838574211849265,1.19250030095101
"20","Tandil","0102JI0904","Interior","Estatal","Oficial","1.2.Inicial",152,10,"8.3000000000000007","Inicial",8.3,639,0.980486770777602,1.01990157318178
"20","Tandil","0102JI0905","Interior","Estatal","Oficial","1.2.Inicial",196,12,"8.3000000000000007","Inicial",8.3,639,1,1
"20","Tandil","0102JI0907","Interior","Estatal","Oficial","1.2.Inicial",104,8,"8.3000000000000007","Inicial",8.3,639,0.670859369479412,1.49062537618876
"20","Tandil","0102JI0919","Interior","Estatal","Oficial","1.2.Inicial",42,4,"8.3000000000000007","Inicial",8.3,639,0.270923976135916,3.69107236008644
"20","Tandil","0102JI0926","Interior","Estatal","Oficial","1.2.Inicial",75,5,"8.3000000000000007","Inicial",8.3,639,0.483792814528422,2.06700052164841
"23","Tornquist","0105JI0905","Interior","Estatal","Oficial","1.2.Inicial",62,5,"8.3000000000000007","Inicial",8.3,639,0.399935393343495,2.50040385683275
"16","Trenque Lauquen","0106JI0908","Interior","Estatal","Oficial","1.2.Inicial",53,4,"8.3000000000000007","Inicial",8.3,639,0.341880255600085,2.92500073818171
"21","Tres Arroyos","0107JI0912","Interior","Estatal","Oficial","1.2.Inicial",84,6,"8.3000000000000007","Inicial",8.3,639,0.541847952271832,1.84553618004322
"21","Tres Arroyos","0107JI0913","Interior","Estatal","Oficial","1.2.Inicial",127,6,"8.3000000000000007","Inicial",8.3,639,0.819222499268128,1.22066959939867
"21","Tres Arroyos","0107JI0919","Interior","Estatal","Oficial","1.2.Inicial",26,2,"8.3000000000000007","Inicial",8.3,639,0.167714842369853,5.96250150475503
"15","Hipólito Yrigoyen","0118JS0001","Interior","Estatal","Oficial","1.2.Inicial",6,1,"8.3000000000000007","Inicial",8.3,639,0.0387034251622737,25.8375065206051
"16","Salliqueló","0120JI0905","Interior","Estatal","Oficial","1.2.Inicial",46,5,"8.3000000000000007","Inicial",8.3,639,0.296726259577432,3.37010954616588
"12","Capitán Sarmiento","0121JI0901","Interior","Estatal","Oficial","1.2.Inicial",186,9,"8.3000000000000007","Inicial",8.3,639,1,1
"12","Capitán Sarmiento","0121JI0903","Interior","Estatal","Oficial","1.2.Inicial",110,6,"8.3000000000000007","Inicial",8.3,639,0.709562794641685,1.40931853748755
"18","La Costa","0123JI0902","Interior","Estatal","Oficial","1.2.Inicial",174,8,"8.3000000000000007","Inicial",8.3,639,1,1
"18","La Costa","0123JI0907","Interior","Estatal","Oficial","1.2.Inicial",166,8,"8.3000000000000007","Inicial",8.3,639,1,1
"18","La Costa","0123JI0910","Interior","Estatal","Oficial","1.2.Inicial",116,7,"8.3000000000000007","Inicial",8.3,639,0.748266219803959,1.33642275106578
"18","La Costa","0123JI0911","Interior","Estatal","Oficial","1.2.Inicial",186,10,"8.3000000000000007","Inicial",8.3,639,1,1
"18","Pinamar","0124JI0902","Interior","Estatal","Oficial","1.2.Inicial",141,8,"8.3000000000000007","Inicial",8.3,639,0.909530491313433,1.09946836257894
"18","Pinamar","0124JI0904","Interior","Estatal","Oficial","1.2.Inicial",115,8,"8.3000000000000007","Inicial",8.3,639,0.74181564894358,1.34804381846635
"16","Tres Lomas","0127JI0903","Interior","Estatal","Oficial","1.2.Inicial",85,6,"8.3000000000000007","Inicial",8.3,639,0.548298523132212,1.82382398968977
"24","Roque Pérez","0090JI0901","Interior","Estatal","Oficial","1.2.Inicial",203,10,"9.1999999999999993","Inicial",9.2,639,1,1
"23","Coronel Suárez","0025JI0914","Interior","Estatal","Oficial","1.2.Inicial",123,8,"9.4","Inicial",9.4,639,0.793420215826612,1.26036617173683
"12","San Pedro","0098JI0902","Interior","Estatal","Oficial","1.2.Inicial",220,12,"9.4","Inicial",9.4,639,1,1
"15","Bragado","0013JI0903","Interior","Estatal","Oficial","1.2.Inicial",100,7,"9.5","Inicial",9.5,639,0.645057086037896,1.55025039123631
"20","Lobería","0060JI0904","Interior","Estatal","Oficial","1.2.Inicial",114,6,"9.6999999999999993","Inicial",9.7,639,0.735365078083201,1.35986876424237
"17","Lezama","0137JI0901","Interior","Estatal","Oficial","1.2.Inicial",126,9,"10.199999999999999","Inicial",10.2,639,0.812771928407749,1.23035745336215
"14","General Pinto","0042JI0902","Interior","Estatal","Oficial","1.2.Inicial",57,4,"10.4","Inicial",10.4,639,0.367682539041601,2.71973752848475
"14","Junín","0053JI0904","Interior","Estatal","Oficial","1.2.Inicial",203,10,"10.4","Inicial",10.4,639,1,1
"14","Leandro N. Alem","0058JI0908","Interior","Estatal","Oficial","1.2.Inicial",132,7,"10.7","Inicial",10.7,639,0.851475353570022,1.17443211457296
"15","9 de Julio","0076JI0905","Interior","Estatal","Oficial","1.2.Inicial",131,7,"10.7","Inicial",10.7,639,0.845024782709644,1.18339724521855
"12","Ramallo","0086JI0905","Interior","Estatal","Oficial","1.2.Inicial",131,6,"10.7","Inicial",10.7,639,0.845024782709644,1.18339724521855
"15","Bragado","0013JI0904","Interior","Estatal","Oficial","1.2.Inicial",103,6,"11.1","Inicial",11.1,639,0.664408798619033,1.50509746721972
"13","Pergamino","0081JI0921","Interior","Estatal","Oficial","1.2.Inicial",104,6,"11.1","Inicial",11.1,639,0.670859369479412,1.49062537618876
"23","Puan","0084JI0903","Interior","Estatal","Oficial","1.2.Inicial",169,11,"11.4","Inicial",11.4,639,1,1
"24","Lobos","0061JI0910","Interior","Estatal","Oficial","1.2.Inicial",177,8,"11.5","Inicial",11.5,639,1,1
"12","San Nicolás","0097JI0919","Interior","Estatal","Oficial","1.2.Inicial",172,8,"11.5","Inicial",11.5,639,1,1
"18","Pinamar","0124JI0905","Interior","Estatal","Oficial","1.2.Inicial",141,8,"11.5","Inicial",11.5,639,0.909530491313433,1.09946836257894
"20","Balcarce","0009JI0905","Interior","Estatal","Oficial","1.2.Inicial",196,10,"11.7","Inicial",11.7,639,1,1
"14","Lincoln","0059JI0907","Interior","Estatal","Oficial","1.2.Inicial",169,10,"11.7","Inicial",11.7,639,1,1
"13","Pergamino","0081JI0902","Interior","Estatal","Oficial","1.2.Inicial",200,11,"11.7","Inicial",11.7,639,1,1
"20","San Cayetano","0115JI0901","Interior","Estatal","Oficial","1.2.Inicial",173,9,"12","Inicial",12,639,1,1
"24","Lobos","0061JI0903","Interior","Estatal","Oficial","1.2.Inicial",188,11,"12.1","Inicial",12.1,639,1,1
"23","Daireaux","0020JI0901","Interior","Estatal","Oficial","1.2.Inicial",137,8,"12.5","Inicial",12.5,639,0.883728207871917,1.13156962863964
"21","Coronel Pringles","0024JI0908","Interior","Estatal","Oficial","1.2.Inicial",55,4,"12.5","Inicial",12.5,639,0.354781397320843,2.8186370749751
"17","Chascomús","0027JI0904","Interior","Estatal","Oficial","1.2.Inicial",89,8,"12.5","Inicial",12.5,639,0.574100806573727,1.74185437217563
"17","General Belgrano","0036JI0903","Interior","Estatal","Oficial","1.2.Inicial",161,8,"12.5","Inicial",12.5,639,1,1
"19","General Pueyrredón","0043JI0909","Interior","Estatal","Oficial","1.2.Inicial",252,10,"12.5","Inicial",12.5,639,1,1
"19","General Pueyrredón","0043JI0948","Interior","Estatal","Oficial","1.2.Inicial",140,6,"12.5","Inicial",12.5,639,0.903079920453054,1.10732170802593
"14","Junín","0053JI0917","Interior","Estatal","Oficial","1.2.Inicial",83,5,"12.5","Inicial",12.5,639,0.535397381411454,1.86777155570639
"14","Lincoln","0059JI0902","Interior","Estatal","Oficial","1.2.Inicial",124,6,"12.5","Inicial",12.5,639,0.799870786686991,1.25020192841638
"25","Olavarría","0077JI0921","Interior","Estatal","Oficial","1.2.Inicial",73,4,"12.5","Inicial",12.5,639,0.470891672807664,2.12363067292645
"23","Saavedra","0091JI0906","Interior","Estatal","Oficial","1.2.Inicial",174,10,"12.5","Inicial",12.5,639,1,1
"16","Trenque Lauquen","0106JI0906","Interior","Estatal","Oficial","1.2.Inicial",106,6,"12.5","Inicial",12.5,639,0.68376051120017,1.46250036909086
"21","Tres Arroyos","0107JI0910","Interior","Estatal","Oficial","1.2.Inicial",91,6,"12.5","Inicial",12.5,639,0.587001948294485,1.70357185850144
"20","Balcarce","0009JI0913","Interior","Estatal","Oficial","1.2.Inicial",124,7,"13.1","Inicial",13.1,639,0.799870786686991,1.25020192841638
"14","General Pinto","0042JI0901","Interior","Estatal","Oficial","1.2.Inicial",213,13,"13.2","Inicial",13.2,639,1,1
"20","Necochea","0075JI0908","Interior","Estatal","Oficial","1.2.Inicial",75,5,"13.3","Inicial",13.3,639,0.483792814528422,2.06700052164841
"15","Bragado","0013JI0909","Interior","Estatal","Oficial","1.2.Inicial",175,8,"13.5","Inicial",13.5,639,1,1
"14","Chacabuco","0026JI0912","Interior","Estatal","Oficial","1.2.Inicial",148,8,"13.5","Inicial",13.5,639,0.954684487336086,1.04746648056507
"20","Tandil","0102JI0906","Interior","Estatal","Oficial","1.2.Inicial",154,8,"13.5","Inicial",13.5,639,0.99338791249836,1.00665609820539
"25","Azul","0007JI0918","Interior","Estatal","Oficial","1.2.Inicial",43,3,"13.9","Inicial",13.9,639,0.277374546996295,3.60523346799141
"12","Capitán Sarmiento","0121JI0906","Interior","Estatal","Oficial","1.2.Inicial",75,3,"13.9","Inicial",13.9,639,0.483792814528422,2.06700052164841
"13","Pergamino","0081JI0912","Interior","Estatal","Oficial","1.2.Inicial",193,10,"14.2","Inicial",14.2,639,1,1
"15","Alberti","0003JI0902","Interior","Estatal","Oficial","1.2.Inicial",59,4,"14.6","Inicial",14.6,639,0.380583680762359,2.62754303599374
"15","Pehuajó","0079JI0918","Interior","Estatal","Oficial","1.2.Inicial",158,8,"14.6","Inicial",14.6,639,1,1
"13","Rojas","0089JI0908","Interior","Estatal","Oficial","1.2.Inicial",70,4,"14.6","Inicial",14.6,639,0.451539960226527,2.21464341605187
"21","Coronel Pringles","0024JI0902","Interior","Estatal","Oficial","1.2.Inicial",149,10,"15","Inicial",15,639,0.961135058196465,1.04043650418544
"13","San Antonio de Areco","0094JI0904","Interior","Estatal","Oficial","1.2.Inicial",94,5,"15","Inicial",15,639,0.606353660875622,1.64920254386841
"25","Azul","0007JI0905","Interior","Estatal","Oficial","1.2.Inicial",184,11,"15.2","Inicial",15.2,639,1,1
"12","Baradero","0010JI0903","Interior","Estatal","Oficial","1.2.Inicial",130,6,"15.3","Inicial",15.3,639,0.838574211849265,1.19250030095101
"21","Adolfo Gonzales Chaves","0050JI0901","Interior","Estatal","Oficial","1.2.Inicial",156,12,"15.3","Inicial",15.3,639,1,1
"21","Adolfo Gonzales Chaves","0050JI0902","Interior","Estatal","Oficial","1.2.Inicial",66,6,"15.3","Inicial",15.3,639,0.425737676785011,2.34886422914592
"14","Lincoln","0059JI0915","Interior","Estatal","Oficial","1.2.Inicial",146,6,"15.3","Inicial",15.3,639,0.941783345615328,1.06181533646322
"23","Coronel Suárez","0025JI0912","Interior","Estatal","Oficial","1.2.Inicial",77,8,"15.5","Inicial",15.5,639,0.49669395624918,2.01331219641079
"20","Necochea","0075JI0918","Interior","Estatal","Oficial","1.2.Inicial",116,7,"15.5","Inicial",15.5,639,0.748266219803959,1.33642275106578
"12","San Nicolás","0097JI0904","Interior","Estatal","Oficial","1.2.Inicial",166,7,"15.5","Inicial",15.5,639,1,1
"15","Alberti","0003JI0901","Interior","Estatal","Oficial","1.2.Inicial",98,8,"15.6","Inicial",15.6,639,0.632155944317138,1.58188815432276
"14","Junín","0053JI0913","Interior","Estatal","Oficial","1.2.Inicial",186,8,"15.6","Inicial",15.6,639,1,1
"20","Necochea","0075JI0913","Interior","Estatal","Oficial","1.2.Inicial",177,8,"15.6","Inicial",15.6,639,1,1
"20","Necochea","0075JI0915","Interior","Estatal","Oficial","1.2.Inicial",171,8,"15.6","Inicial",15.6,639,1,1
"12","San Pedro","0098JI0905","Interior","Estatal","Oficial","1.2.Inicial",170,8,"15.6","Inicial",15.6,639,1,1
"18","La Costa","0123JI0919","Interior","Estatal","Oficial","1.2.Inicial",153,8,"15.6","Inicial",15.6,639,0.986937341637981,1.01323554982765
"23","Coronel Suárez","0025JI0901","Interior","Estatal","Oficial","1.2.Inicial",99,9,"15.7","Inicial",15.7,639,0.638606515177517,1.56590948609728
"22","Bahía Blanca","0008JI0916","Interior","Estatal","Oficial","1.2.Inicial",206,10,"15.8","Inicial",15.8,639,1,1
"18","Pinamar","0124JI0901","Interior","Estatal","Oficial","1.2.Inicial",124,10,"15.8","Inicial",15.8,639,0.799870786686991,1.25020192841638
"14","Chacabuco","0026JI0901","Interior","Estatal","Oficial","1.2.Inicial",216,12,"16","Inicial",16,639,1,1
"15","Alberti","0003JI0904","Interior","Estatal","Oficial","1.2.Inicial",91,6,"16.7","Inicial",16.7,639,0.587001948294485,1.70357185850144
"25","Azul","0007JI0903","Interior","Estatal","Oficial","1.2.Inicial",153,8,"16.7","Inicial",16.7,639,0.986937341637981,1.01323554982765
"25","Azul","0007JI0906","Interior","Estatal","Oficial","1.2.Inicial",122,8,"16.7","Inicial",16.7,639,0.786969644966233,1.27069704199697
"25","Azul","0007JI0913","Interior","Estatal","Oficial","1.2.Inicial",85,6,"16.7","Inicial",16.7,639,0.548298523132212,1.82382398968977
"22","Bahía Blanca","0008JI0911","Interior","Estatal","Oficial","1.2.Inicial",253,12,"16.7","Inicial",16.7,639,1,1
"22","Bahía Blanca","0008JI0954","Interior","Estatal","Oficial","1.2.Inicial",12,1,"16.7","Inicial",16.7,639,0.0774068503245475,12.9187532603026
"20","Balcarce","0009JI0909","Interior","Estatal","Oficial","1.2.Inicial",23,2,"16.7","Inicial",16.7,639,0.148363129788716,6.74021909233177
"12","Arrecifes","0011JI0903","Interior","Estatal","Oficial","1.2.Inicial",187,8,"16.7","Inicial",16.7,639,1,1
"25","Bolívar","0012JI0911","Interior","Estatal","Oficial","1.2.Inicial",39,2,"16.7","Inicial",16.7,639,0.251572263554779,3.97500100317002
"15","Carlos Casares","0017JI0901","Interior","Estatal","Oficial","1.2.Inicial",253,12,"16.7","Inicial",16.7,639,1,1
"15","Carlos Casares","0017JI0911","Interior","Estatal","Oficial","1.2.Inicial",76,6,"16.7","Inicial",16.7,639,0.490243385388801,2.03980314636356
"16","Carlos Tejedor","0018JI0907","Interior","Estatal","Oficial","1.2.Inicial",53,3,"16.7","Inicial",16.7,639,0.341880255600085,2.92500073818171
"23","Daireaux","0020JI0902","Interior","Estatal","Oficial","1.2.Inicial",151,8,"16.7","Inicial",16.7,639,0.974036199917223,1.02665588823596
"13","Colón","0022JI0901","Interior","Estatal","Oficial","1.2.Inicial",135,9,"16.7","Inicial",16.7,639,0.870827066151159,1.14833362313801
"13","Colón","0022JI0907","Interior","Estatal","Oficial","1.2.Inicial",130,7,"16.7","Inicial",16.7,639,0.838574211849265,1.19250030095101
"13","Colón","0022JI0911","Interior","Estatal","Oficial","1.2.Inicial",62,4,"16.7","Inicial",16.7,639,0.399935393343495,2.50040385683275
"21","Coronel Dorrego","0023JI0901","Interior","Estatal","Oficial","1.2.Inicial",151,9,"16.7","Inicial",16.7,639,0.974036199917223,1.02665588823596
"21","Coronel Dorrego","0023JI0904","Interior","Estatal","Oficial","1.2.Inicial",123,8,"16.7","Inicial",16.7,639,0.793420215826612,1.26036617173683
"23","Coronel Suárez","0025JI0911","Interior","Estatal","Oficial","1.2.Inicial",62,6,"16.7","Inicial",16.7,639,0.399935393343495,2.50040385683275
"14","Chacabuco","0026JI0903","Interior","Estatal","Oficial","1.2.Inicial",112,6,"16.7","Inicial",16.7,639,0.722463936362443,1.38415213503242
"14","Chacabuco","0026JI0906","Interior","Estatal","Oficial","1.2.Inicial",102,6,"16.7","Inicial",16.7,639,0.657958227758654,1.51985332474148
"14","Chacabuco","0026JI0907","Interior","Estatal","Oficial","1.2.Inicial",148,8,"16.7","Inicial",16.7,639,0.954684487336086,1.04746648056507
"14","Chacabuco","0026JI0915","Interior","Estatal","Oficial","1.2.Inicial",73,6,"16.7","Inicial",16.7,639,0.470891672807664,2.12363067292645
"17","Chascomús","0027JI0906","Interior","Estatal","Oficial","1.2.Inicial",82,6,"16.7","Inicial",16.7,639,0.528946810551075,1.89054925760525
"15","Chivilcoy","0028JI0906","Interior","Estatal","Oficial","1.2.Inicial",114,8,"16.7","Inicial",16.7,639,0.735365078083201,1.35986876424237
"19","General Alvarado","0033JI0901","Interior","Estatal","Oficial","1.2.Inicial",97,5,"16.7","Inicial",16.7,639,0.625705373456759,1.59819627962506
"14","General Arenales","0035JI0904","Interior","Estatal","Oficial","1.2.Inicial",86,6,"16.7","Inicial",16.7,639,0.55474909399259,1.80261673399571
"17","General Belgrano","0036JI0905","Interior","Estatal","Oficial","1.2.Inicial",172,9,"16.7","Inicial",16.7,639,1,1
"23","General La Madrid","0038JI0904","Interior","Estatal","Oficial","1.2.Inicial",18,2,"16.7","Inicial",16.7,639,0.116110275486821,8.61250217353504
"19","General Pueyrredón","0043JI0905","Interior","Estatal","Oficial","1.2.Inicial",183,9,"16.7","Inicial",16.7,639,1,1
"19","General Pueyrredón","0043JI0906","Interior","Estatal","Oficial","1.2.Inicial",223,12,"16.7","Inicial",16.7,639,1,1
"19","General Pueyrredón","0043JI0910","Interior","Estatal","Oficial","1.2.Inicial",156,6,"16.7","Inicial",16.7,639,1,1
"19","General Pueyrredón","0043JI0915","Interior","Estatal","Oficial","1.2.Inicial",124,6,"16.7","Inicial",16.7,639,0.799870786686991,1.25020192841638
"19","General Pueyrredón","0043JI0919","Interior","Estatal","Oficial","1.2.Inicial",93,7,"16.7","Inicial",16.7,639,0.599903090015243,1.66693590455517
"19","General Pueyrredón","0043JI0922","Interior","Estatal","Oficial","1.2.Inicial",239,12,"16.7","Inicial",16.7,639,1,1
"19","General Pueyrredón","0043JI0925","Interior","Estatal","Oficial","1.2.Inicial",163,7,"16.7","Inicial",16.7,639,1,1
"19","General Pueyrredón","0043JI0929","Interior","Estatal","Oficial","1.2.Inicial",162,8,"16.7","Inicial",16.7,639,1,1
"19","General Pueyrredón","0043JI0931","Interior","Estatal","Oficial","1.2.Inicial",154,8,"16.7","Inicial",16.7,639,0.99338791249836,1.00665609820539
"19","General Pueyrredón","0043JI0932","Interior","Estatal","Oficial","1.2.Inicial",200,10,"16.7","Inicial",16.7,639,1,1
"19","General Pueyrredón","0043JI0938","Interior","Estatal","Oficial","1.2.Inicial",157,8,"16.7","Inicial",16.7,639,1,1
"19","General Pueyrredón","0043JI0943","Interior","Estatal","Oficial","1.2.Inicial",165,8,"16.7","Inicial",16.7,639,1,1
"19","General Pueyrredón","0043JI0945","Interior","Estatal","Oficial","1.2.Inicial",127,6,"16.7","Inicial",16.7,639,0.819222499268128,1.22066959939867
"14","General Viamonte","0048JI0908","Interior","Estatal","Oficial","1.2.Inicial",55,4,"16.7","Inicial",16.7,639,0.354781397320843,2.8186370749751
"14","General Viamonte","0048JI0910","Interior","Estatal","Oficial","1.2.Inicial",56,4,"16.7","Inicial",16.7,639,0.361231968181222,2.76830427006483
"16","General Villegas","0049JI0901","Interior","Estatal","Oficial","1.2.Inicial",248,14,"16.7","Inicial",16.7,639,1,1
"16","General Villegas","0049JI0904","Interior","Estatal","Oficial","1.2.Inicial",97,5,"16.7","Inicial",16.7,639,0.625705373456759,1.59819627962506
"16","General Villegas","0049JI0917","Interior","Estatal","Oficial","1.2.Inicial",77,4,"16.7","Inicial",16.7,639,0.49669395624918,2.01331219641079
"21","Benito Juárez","0052JI0909","Interior","Estatal","Oficial","1.2.Inicial",18,1,"16.7","Inicial",16.7,639,0.116110275486821,8.61250217353504
"14","Junín","0053JI0901","Interior","Estatal","Oficial","1.2.Inicial",220,12,"16.7","Inicial",16.7,639,1,1
"14","Junín","0053JI0907","Interior","Estatal","Oficial","1.2.Inicial",141,8,"16.7","Inicial",16.7,639,0.909530491313433,1.09946836257894
"14","Junín","0053JI0910","Interior","Estatal","Oficial","1.2.Inicial",180,8,"16.7","Inicial",16.7,639,1,1
"14","Junín","0053JI0915","Interior","Estatal","Oficial","1.2.Inicial",166,9,"16.7","Inicial",16.7,639,1,1
"14","Junín","0053JI0918","Interior","Estatal","Oficial","1.2.Inicial",149,6,"16.7","Inicial",16.7,639,0.961135058196465,1.04043650418544
"21","Laprida","0054JI0902","Interior","Estatal","Oficial","1.2.Inicial",19,2,"16.7","Inicial",16.7,639,0.1225608463472,8.15921258545425
"14","Leandro N. Alem","0058JI0902","Interior","Estatal","Oficial","1.2.Inicial",156,10,"16.7","Inicial",16.7,639,1,1
"14","Leandro N. Alem","0058JI0906","Interior","Estatal","Oficial","1.2.Inicial",126,8,"16.7","Inicial",16.7,639,0.812771928407749,1.23035745336215
"14","Lincoln","0059JI0901","Interior","Estatal","Oficial","1.2.Inicial",113,7,"16.7","Inicial",16.7,639,0.728914507222822,1.37190300109408
"14","Lincoln","0059JI0906","Interior","Estatal","Oficial","1.2.Inicial",130,8,"16.7","Inicial",16.7,639,0.838574211849265,1.19250030095101
"24","Lobos","0061JI0908","Interior","Estatal","Oficial","1.2.Inicial",66,3,"16.7","Inicial",16.7,639,0.425737676785011,2.34886422914592
"17","Monte","0072JI0901","Interior","Estatal","Oficial","1.2.Inicial",160,10,"16.7","Inicial",16.7,639,1,1
"20","Necochea","0075JI0905","Interior","Estatal","Oficial","1.2.Inicial",73,4,"16.7","Inicial",16.7,639,0.470891672807664,2.12363067292645
"20","Necochea","0075JI0916","Interior","Estatal","Oficial","1.2.Inicial",87,3,"16.7","Inicial",16.7,639,0.561199664852969,1.78189700142104
"25","Olavarría","0077JI0912","Interior","Estatal","Oficial","1.2.Inicial",97,6,"16.7","Inicial",16.7,639,0.625705373456759,1.59819627962506
"25","Olavarría","0077JS0012","Interior","Estatal","Oficial","1.2.Inicial",4,1,"16.7","Inicial",16.7,639,0.0258022834415158,38.7562597809077
"22","Patagones","0078JI0903","Interior","Estatal","Oficial","1.2.Inicial",173,10,"16.7","Inicial",16.7,639,1,1
"13","Pergamino","0081JI0904","Interior","Estatal","Oficial","1.2.Inicial",224,12,"16.7","Inicial",16.7,639,1,1
"13","Pergamino","0081JI0905","Interior","Estatal","Oficial","1.2.Inicial",54,3,"16.7","Inicial",16.7,639,0.348330826460464,2.87083405784501
"13","Pergamino","0081JI0908","Interior","Estatal","Oficial","1.2.Inicial",166,8,"16.7","Inicial",16.7,639,1,1
"13","Pergamino","0081JI0916","Interior","Estatal","Oficial","1.2.Inicial",35,2,"16.7","Inicial",16.7,639,0.225769980113264,4.42928683210373
"23","Puan","0084JI0904","Interior","Estatal","Oficial","1.2.Inicial",144,9,"16.7","Inicial",16.7,639,0.92888220389457,1.07656277169188
"12","Ramallo","0086JI0910","Interior","Estatal","Oficial","1.2.Inicial",167,8,"16.7","Inicial",16.7,639,1,1
"13","Rojas","0089JI0902","Interior","Estatal","Oficial","1.2.Inicial",38,3,"16.7","Inicial",16.7,639,0.2451216926944,4.07960629272712
"24","Saladillo","0092JS0008","Interior","Estatal","Oficial","1.2.Inicial",7,1,"16.7","Inicial",16.7,639,0.0451539960226527,22.1464341605187
"12","San Nicolás","0097JI0901","Interior","Estatal","Oficial","1.2.Inicial",244,12,"16.7","Inicial",16.7,639,1,1
"12","San Nicolás","0097JI0902","Interior","Estatal","Oficial","1.2.Inicial",204,10,"16.7","Inicial",16.7,639,1,1
"12","San Nicolás","0097JI0915","Interior","Estatal","Oficial","1.2.Inicial",101,5,"16.7","Inicial",16.7,639,0.651507656898275,1.53490137746169
"12","San Nicolás","0097JI0920","Interior","Estatal","Oficial","1.2.Inicial",265,12,"16.7","Inicial",16.7,639,1,1
"12","San Pedro","0098JI0914","Interior","Estatal","Oficial","1.2.Inicial",142,6,"16.7","Inicial",16.7,639,0.915981062173812,1.0917256276312
"20","Tandil","0102JI0909","Interior","Estatal","Oficial","1.2.Inicial",76,5,"16.7","Inicial",16.7,639,0.490243385388801,2.03980314636356
"20","Tandil","0102JI0927","Interior","Estatal","Oficial","1.2.Inicial",71,6,"16.7","Inicial",16.7,639,0.457990531086906,2.1834512552624
"25","Tapalqué","0103JI0901","Interior","Estatal","Oficial","1.2.Inicial",175,12,"16.7","Inicial",16.7,639,1,1
"25","Tapalqué","0103JI0905","Interior","Estatal","Oficial","1.2.Inicial",100,6,"16.7","Inicial",16.7,639,0.645057086037896,1.55025039123631
"16","Trenque Lauquen","0106JI0905","Interior","Estatal","Oficial","1.2.Inicial",111,9,"16.7","Inicial",16.7,639,0.716013365502064,1.39662197408676
"16","Trenque Lauquen","0106JI0915","Interior","Estatal","Oficial","1.2.Inicial",138,6,"16.7","Inicial",16.7,639,0.890178778732296,1.12336984872196
"21","Tres Arroyos","0107JI0901","Interior","Estatal","Oficial","1.2.Inicial",158,11,"16.7","Inicial",16.7,639,1,1
"21","Tres Arroyos","0107JI0906","Interior","Estatal","Oficial","1.2.Inicial",124,8,"16.7","Inicial",16.7,639,0.799870786686991,1.25020192841638
"21","Tres Arroyos","0107JI0917","Interior","Estatal","Oficial","1.2.Inicial",48,3,"16.7","Inicial",16.7,639,0.30962740129819,3.22968831507564
"22","Coronel de Marina L. Rosales","0112JI0901","Interior","Estatal","Oficial","1.2.Inicial",192,10,"16.7","Inicial",16.7,639,1,1
"22","Coronel de Marina L. Rosales","0112JI0910","Interior","Estatal","Oficial","1.2.Inicial",102,8,"16.7","Inicial",16.7,639,0.657958227758654,1.51985332474148
"20","San Cayetano","0115JI0902","Interior","Estatal","Oficial","1.2.Inicial",159,8,"16.7","Inicial",16.7,639,1,1
"18","La Costa","0123JI0909","Interior","Estatal","Oficial","1.2.Inicial",187,8,"16.7","Inicial",16.7,639,1,1
"18","La Costa","0123JI0918","Interior","Estatal","Oficial","1.2.Inicial",182,8,"16.7","Inicial",16.7,639,1,1
"18","Pinamar","0124JI0903","Interior","Estatal","Oficial","1.2.Inicial",132,8,"16.7","Inicial",16.7,639,0.851475353570022,1.17443211457296
"18","Pinamar","0124JI0906","Interior","Estatal","Oficial","1.2.Inicial",151,8,"16.7","Inicial",16.7,639,0.974036199917223,1.02665588823596
"18","Villa Gesell","0125JI0901","Interior","Estatal","Oficial","1.2.Inicial",180,8,"16.7","Inicial",16.7,639,1,1
"14","Florentino Ameghino","0128JI0903","Interior","Estatal","Oficial","1.2.Inicial",98,8,"16.7","Inicial",16.7,639,0.632155944317138,1.58188815432276
"16","Trenque Lauquen","0106JI0902","Interior","Estatal","Oficial","1.2.Inicial",185,11,"17","Inicial",17,639,1,1
"22","Coronel de Marina L. Rosales","0112JI0906","Interior","Estatal","Oficial","1.2.Inicial",101,8,"17.3","Inicial",17.3,639,0.651507656898275,1.53490137746169
"15","9 de Julio","0076JI0915","Interior","Estatal","Oficial","1.2.Inicial",167,10,"17.5","Inicial",17.5,639,1,1
"20","Balcarce","0009JI0907","Interior","Estatal","Oficial","1.2.Inicial",145,8,"17.7","Inicial",17.7,639,0.935332774754949,1.06913820085263
"12","San Nicolás","0097JI0918","Interior","Estatal","Oficial","1.2.Inicial",145,8,"17.7","Inicial",17.7,639,0.935332774754949,1.06913820085263
"19","General Pueyrredón","0043JI0941","Interior","Estatal","Oficial","1.2.Inicial",128,7,"17.899999999999999","Inicial",17.9,639,0.825673070128507,1.21113311815336
"15","Chivilcoy","0028JI0901","Interior","Estatal","Oficial","1.2.Inicial",137,11,"18.100000000000001","Inicial",18.1,639,0.883728207871917,1.13156962863964
"18","General Lavalle","0039JI0902","Interior","Estatal","Oficial","1.2.Inicial",98,5,"18.100000000000001","Inicial",18.1,639,0.632155944317138,1.58188815432276
"19","General Pueyrredón","0043JI0928","Interior","Estatal","Oficial","1.2.Inicial",146,6,"18.100000000000001","Inicial",18.1,639,0.941783345615328,1.06181533646322
"20","Necochea","0075JI0917","Interior","Estatal","Oficial","1.2.Inicial",130,6,"18.100000000000001","Inicial",18.1,639,0.838574211849265,1.19250030095101
"15","9 de Julio","0076JI0908","Interior","Estatal","Oficial","1.2.Inicial",86,6,"18.100000000000001","Inicial",18.1,639,0.55474909399259,1.80261673399571
"25","Olavarría","0077JI0929","Interior","Estatal","Oficial","1.2.Inicial",123,6,"18.100000000000001","Inicial",18.1,639,0.793420215826612,1.26036617173683
"19","General Pueyrredón","0043JI0902","Interior","Estatal","Oficial","1.2.Inicial",200,10,"18.3","Inicial",18.3,639,1,1
"12","San Nicolás","0097JI0911","Interior","Estatal","Oficial","1.2.Inicial",195,10,"18.3","Inicial",18.3,639,1,1
"19","General Pueyrredón","0043JI0923","Interior","Estatal","Oficial","1.2.Inicial",68,4,"18.8","Inicial",18.8,639,0.438638818505769,2.27977998711222
"21","Laprida","0054JI0904","Interior","Estatal","Oficial","1.2.Inicial",125,8,"18.8","Inicial",18.8,639,0.80632135754737,1.24020031298905
"14","Lincoln","0059JI0908","Interior","Estatal","Oficial","1.2.Inicial",107,6,"18.8","Inicial",18.8,639,0.690211082060549,1.44883214134234
"24","Lobos","0061JI0904","Interior","Estatal","Oficial","1.2.Inicial",153,8,"18.8","Inicial",18.8,639,0.986937341637981,1.01323554982765
"15","9 de Julio","0076JI0916","Interior","Estatal","Oficial","1.2.Inicial",106,6,"18.8","Inicial",18.8,639,0.68376051120017,1.46250036909086
"21","Coronel Pringles","0024JI0906","Interior","Estatal","Oficial","1.2.Inicial",85,5,"19.2","Inicial",19.2,639,0.548298523132212,1.82382398968977
"17","Rauch","0087JI0901","Interior","Estatal","Oficial","1.2.Inicial",174,10,"19.2","Inicial",19.2,639,1,1
"15","Bragado","0013JI0915","Interior","Estatal","Oficial","1.2.Inicial",95,6,"19.399999999999999","Inicial",19.4,639,0.612804231736001,1.63184251709085
"22","Coronel de Marina L. Rosales","0112JI0905","Interior","Estatal","Oficial","1.2.Inicial",68,6,"19.399999999999999","Inicial",19.4,639,0.438638818505769,2.27977998711222
"25","Olavarría","0077JI0930","Interior","Estatal","Oficial","1.2.Inicial",156,8,"19.8","Inicial",19.8,639,1,1
"17","Monte","0072JI0906","Interior","Estatal","Oficial","1.2.Inicial",95,7,"20.2","Inicial",20.2,639,0.612804231736001,1.63184251709085
"20","Tandil","0102JI0923","Interior","Estatal","Oficial","1.2.Inicial",128,7,"20.2","Inicial",20.2,639,0.825673070128507,1.21113311815336
"25","Azul","0007JI0904","Interior","Estatal","Oficial","1.2.Inicial",120,8,"20.8","Inicial",20.8,639,0.774068503245475,1.29187532603026
"20","Balcarce","0009JI0902","Interior","Estatal","Oficial","1.2.Inicial",258,12,"20.8","Inicial",20.8,639,1,1
"23","Daireaux","0020JI0907","Interior","Estatal","Oficial","1.2.Inicial",106,8,"20.8","Inicial",20.8,639,0.68376051120017,1.46250036909086
"17","General Paz","0041JI0902","Interior","Estatal","Oficial","1.2.Inicial",38,3,"20.8","Inicial",20.8,639,0.2451216926944,4.07960629272712
"14","General Pinto","0042JI0905","Interior","Estatal","Oficial","1.2.Inicial",174,8,"20.8","Inicial",20.8,639,1,1
"19","General Pueyrredón","0043JI0942","Interior","Estatal","Oficial","1.2.Inicial",203,10,"20.8","Inicial",20.8,639,1,1
"15","9 de Julio","0076JI0917","Interior","Estatal","Oficial","1.2.Inicial",147,6,"20.8","Inicial",20.8,639,0.948233916475707,1.05459210288184
"24","Saladillo","0092JI0905","Interior","Estatal","Oficial","1.2.Inicial",178,10,"20.8","Inicial",20.8,639,1,1
"20","Tandil","0102JI0911","Interior","Estatal","Oficial","1.2.Inicial",108,6,"20.8","Inicial",20.8,639,0.696661652920928,1.43541702892251
"16","Trenque Lauquen","0106JI0901","Interior","Estatal","Oficial","1.2.Inicial",190,12,"20.8","Inicial",20.8,639,1,1
"22","Coronel de Marina L. Rosales","0112JI0904","Interior","Estatal","Oficial","1.2.Inicial",102,8,"20.8","Inicial",20.8,639,0.657958227758654,1.51985332474148
"22","Coronel de Marina L. Rosales","0112JI0919","Interior","Estatal","Oficial","1.2.Inicial",107,8,"20.8","Inicial",20.8,639,0.690211082060549,1.44883214134234
"23","Tornquist","0105JI0901","Interior","Estatal","Oficial","1.2.Inicial",158,11,"21.2","Inicial",21.2,639,1,1
"19","General Pueyrredón","0043JI0930","Interior","Estatal","Oficial","1.2.Inicial",65,4,"21.7","Inicial",21.7,639,0.419287105924632,2.38500060190201
"19","General Pueyrredón","0043JI0903","Interior","Estatal","Oficial","1.2.Inicial",203,13,"21.8","Inicial",21.8,639,1,1
"21","Coronel Pringles","0024JI0909","Interior","Estatal","Oficial","1.2.Inicial",124,8,"21.9","Inicial",21.9,639,0.799870786686991,1.25020192841638
"20","Lobería","0060JI0901","Interior","Estatal","Oficial","1.2.Inicial",193,8,"21.9","Inicial",21.9,639,1,1
"18","Pinamar","0124JI0909","Interior","Estatal","Oficial","1.2.Inicial",151,8,"21.9","Inicial",21.9,639,0.974036199917223,1.02665588823596
"24","Lobos","0061JI0901","Interior","Estatal","Oficial","1.2.Inicial",194,14,"22","Inicial",22,639,1,1
"12","Ramallo","0086JI0903","Interior","Estatal","Oficial","1.2.Inicial",165,9,"22.2","Inicial",22.2,639,1,1
"20","Tandil","0102JI0922","Interior","Estatal","Oficial","1.2.Inicial",138,6,"22.2","Inicial",22.2,639,0.890178778732296,1.12336984872196
"22","Monte Hermoso","0126JI0903","Interior","Estatal","Oficial","1.2.Inicial",52,3,"22.2","Inicial",22.2,639,0.335429684739706,2.98125075237751
"24","Saladillo","0092JI0904","Interior","Estatal","Oficial","1.2.Inicial",184,10,"22.5","Inicial",22.5,639,1,1
"12","San Nicolás","0097JI0910","Interior","Estatal","Oficial","1.2.Inicial",157,10,"22.5","Inicial",22.5,639,1,1
"20","Tandil","0102JI0901","Interior","Estatal","Oficial","1.2.Inicial",105,9,"22.5","Inicial",22.5,639,0.677309940339791,1.47642894403458
"18","La Costa","0123JI0903","Interior","Estatal","Oficial","1.2.Inicial",202,10,"22.5","Inicial",22.5,639,1,1
"20","Balcarce","0009JI0911","Interior","Estatal","Oficial","1.2.Inicial",112,7,"22.6","Inicial",22.6,639,0.722463936362443,1.38415213503242
"21","Benito Juárez","0052JI0901","Interior","Estatal","Oficial","1.2.Inicial",169,14,"22.9","Inicial",22.9,639,1,1
"17","Rauch","0087JI0902","Interior","Estatal","Oficial","1.2.Inicial",175,8,"22.9","Inicial",22.9,639,1,1
"12","San Nicolás","0097JI0914","Interior","Estatal","Oficial","1.2.Inicial",139,8,"22.9","Inicial",22.9,639,0.896629349592675,1.11528805124914
"19","General Pueyrredón","0043JI0949","Interior","Estatal","Oficial","1.2.Inicial",147,6,"23.1","Inicial",23.1,639,0.948233916475707,1.05459210288184
"23","Daireaux","0020JI0903","Interior","Estatal","Oficial","1.2.Inicial",90,5,"23.3","Inicial",23.3,639,0.580551377434106,1.72250043470701
"19","General Pueyrredón","0043JI0916","Interior","Estatal","Oficial","1.2.Inicial",186,8,"24","Inicial",24,639,1,1
"12","San Pedro","0098JI0904","Interior","Estatal","Oficial","1.2.Inicial",143,8,"24","Inicial",24,639,0.922431633034191,1.08409118268273
"25","Azul","0007JI0912","Interior","Estatal","Oficial","1.2.Inicial",157,9,"24.1","Inicial",24.1,639,1,1
"24","General Alvear","0034JI0901","Interior","Estatal","Oficial","1.2.Inicial",135,9,"24.1","Inicial",24.1,639,0.870827066151159,1.14833362313801
"20","Necochea","0075JI0901","Interior","Estatal","Oficial","1.2.Inicial",252,10,"24.2","Inicial",24.2,639,1,1
"12","San Pedro","0098JI0903","Interior","Estatal","Oficial","1.2.Inicial",192,10,"24.2","Inicial",24.2,639,1,1
"19","General Pueyrredón","0043JI0901","Interior","Estatal","Oficial","1.2.Inicial",201,11,"24.3","Inicial",24.3,639,1,1
"19","General Pueyrredón","0043JI0917","Interior","Estatal","Oficial","1.2.Inicial",257,12,"24.3","Inicial",24.3,639,1,1
"12","San Pedro","0098JI0901","Interior","Estatal","Oficial","1.2.Inicial",251,12,"24.3","Inicial",24.3,639,1,1
"18","Ayacucho","0006JI0908","Interior","Estatal","Oficial","1.2.Inicial",127,6,"25","Inicial",25,639,0.819222499268128,1.22066959939867
"22","Bahía Blanca","0008JI0938","Interior","Estatal","Oficial","1.2.Inicial",61,4,"25","Inicial",25,639,0.393484822483116,2.54139408399395
"12","Baradero","0010JI0904","Interior","Estatal","Oficial","1.2.Inicial",138,8,"25","Inicial",25,639,0.890178778732296,1.12336984872196
"14","Chacabuco","0026JI0911","Interior","Estatal","Oficial","1.2.Inicial",38,2,"25","Inicial",25,639,0.2451216926944,4.07960629272712
"19","General Alvarado","0033JI0906","Interior","Estatal","Oficial","1.2.Inicial",129,6,"25","Inicial",25,639,0.832123640988886,1.20174448933047
"19","General Alvarado","0033JI0912","Interior","Estatal","Oficial","1.2.Inicial",80,4,"25","Inicial",25,639,0.516045668830317,1.93781298904538
"17","General Belgrano","0036JI0904","Interior","Estatal","Oficial","1.2.Inicial",129,6,"25","Inicial",25,639,0.832123640988886,1.20174448933047
"23","General La Madrid","0038JI0905","Interior","Estatal","Oficial","1.2.Inicial",124,8,"25","Inicial",25,639,0.799870786686991,1.25020192841638
"19","General Pueyrredón","0043JI0908","Interior","Estatal","Oficial","1.2.Inicial",200,10,"25","Inicial",25,639,1,1
"19","General Pueyrredón","0043JI0935","Interior","Estatal","Oficial","1.2.Inicial",191,9,"25","Inicial",25,639,1,1
"14","Junín","0053JI0905","Interior","Estatal","Oficial","1.2.Inicial",109,6,"25","Inicial",25,639,0.703112223781306,1.42224806535441
"14","Junín","0053JI0914","Interior","Estatal","Oficial","1.2.Inicial",133,6,"25","Inicial",25,639,0.857925924430401,1.16560179792203
"18","Maipú","0065JI0903","Interior","Estatal","Oficial","1.2.Inicial",112,9,"25","Inicial",25,639,0.722463936362443,1.38415213503242
"19","Mar Chiquita","0068JI0906","Interior","Estatal","Oficial","1.2.Inicial",101,6,"25","Inicial",25,639,0.651507656898275,1.53490137746169
"20","Necochea","0075JI0902","Interior","Estatal","Oficial","1.2.Inicial",149,10,"25","Inicial",25,639,0.961135058196465,1.04043650418544
"25","Olavarría","0077JI0901","Interior","Estatal","Oficial","1.2.Inicial",254,12,"25","Inicial",25,639,1,1
"25","Olavarría","0077JI0913","Interior","Estatal","Oficial","1.2.Inicial",170,9,"25","Inicial",25,639,1,1
"25","Olavarría","0077JI0918","Interior","Estatal","Oficial","1.2.Inicial",45,3,"25","Inicial",25,639,0.290275688717053,3.44500086941402
"17","Pila","0082JS0001","Interior","Estatal","Oficial","1.2.Inicial",8,1,"25","Inicial",25,639,0.0516045668830317,19.3781298904538
"12","Ramallo","0086JI0906","Interior","Estatal","Oficial","1.2.Inicial",234,10,"25","Inicial",25,639,1,1
"16","Rivadavia","0088JI0907","Interior","Estatal","Oficial","1.2.Inicial",113,6,"25","Inicial",25,639,0.728914507222822,1.37190300109408
"24","Saladillo","0092JI0901","Interior","Estatal","Oficial","1.2.Inicial",295,14,"25","Inicial",25,639,1,1
"24","Saladillo","0092JI0909","Interior","Estatal","Oficial","1.2.Inicial",64,3,"25","Inicial",25,639,0.412836535064253,2.42226623630673
"12","San Nicolás","0097JI0921","Interior","Estatal","Oficial","1.2.Inicial",66,4,"25","Inicial",25,639,0.425737676785011,2.34886422914592
"21","Tres Arroyos","0107JI0918","Interior","Estatal","Oficial","1.2.Inicial",122,6,"25","Inicial",25,639,0.786969644966233,1.27069704199697
"22","Villarino","0110JI0905","Interior","Estatal","Oficial","1.2.Inicial",187,10,"25","Inicial",25,639,1,1
"22","Villarino","0110JI0909","Interior","Estatal","Oficial","1.2.Inicial",80,4,"25","Inicial",25,639,0.516045668830317,1.93781298904538
"22","Coronel de Marina L. Rosales","0112JI0914","Interior","Estatal","Oficial","1.2.Inicial",120,8,"25","Inicial",25,639,0.774068503245475,1.29187532603026
"12","Capitán Sarmiento","0121JI0902","Interior","Estatal","Oficial","1.2.Inicial",173,11,"25","Inicial",25,639,1,1
"18","La Costa","0123JI0904","Interior","Estatal","Oficial","1.2.Inicial",196,10,"25","Inicial",25,639,1,1
"18","La Costa","0123JI0906","Interior","Estatal","Oficial","1.2.Inicial",215,8,"25","Inicial",25,639,1,1
"18","La Costa","0123JI0912","Interior","Estatal","Oficial","1.2.Inicial",188,10,"25","Inicial",25,639,1,1
"18","La Costa","0123JI0915","Interior","Estatal","Oficial","1.2.Inicial",112,7,"25","Inicial",25,639,0.722463936362443,1.38415213503242
"18","La Costa","0123JI0916","Interior","Estatal","Oficial","1.2.Inicial",188,8,"25","Inicial",25,639,1,1
"18","La Costa","0123JI0920","Interior","Estatal","Oficial","1.2.Inicial",97,4,"25","Inicial",25,639,0.625705373456759,1.59819627962506
"14","Florentino Ameghino","0128JI0901","Interior","Estatal","Oficial","1.2.Inicial",123,11,"25","Inicial",25,639,0.793420215826612,1.26036617173683
"19","General Pueyrredón","0043JI0939","Interior","Estatal","Oficial","1.2.Inicial",137,8,"25.4","Inicial",25.4,639,0.883728207871917,1.13156962863964
"17","Pila","0082JI0901","Interior","Estatal","Oficial","1.2.Inicial",99,8,"26","Inicial",26,639,0.638606515177517,1.56590948609728
"18","La Costa","0123JI0908","Interior","Estatal","Oficial","1.2.Inicial",131,8,"26","Inicial",26,639,0.845024782709644,1.18339724521855
"18","Tordillo","0104JI0901","Interior","Estatal","Oficial","1.2.Inicial",104,6,"26.4","Inicial",26.4,639,0.670859369479412,1.49062537618876
"18","Maipú","0065JI0901","Interior","Estatal","Oficial","1.2.Inicial",160,8,"27.1","Inicial",27.1,639,1,1
"12","Ramallo","0086JI0907","Interior","Estatal","Oficial","1.2.Inicial",226,12,"27.1","Inicial",27.1,639,1,1
"25","Olavarría","0077JI0916","Interior","Estatal","Oficial","1.2.Inicial",189,11,"27.3","Inicial",27.3,639,1,1
"25","Bolívar","0012JI0909","Interior","Estatal","Oficial","1.2.Inicial",82,5,"27.5","Inicial",27.5,639,0.528946810551075,1.89054925760525
"20","Necochea","0075JI0909","Interior","Estatal","Oficial","1.2.Inicial",227,12,"27.8","Inicial",27.8,639,1,1
"21","Coronel Pringles","0024JI0901","Interior","Estatal","Oficial","1.2.Inicial",167,10,"27.9","Inicial",27.9,639,1,1
"22","Bahía Blanca","0008JI0922","Interior","Estatal","Oficial","1.2.Inicial",118,8,"28.1","Inicial",28.1,639,0.761167361524717,1.31377151799687
"21","Laprida","0054JI0901","Interior","Estatal","Oficial","1.2.Inicial",153,10,"28.3","Inicial",28.3,639,0.986937341637981,1.01323554982765
"24","Roque Pérez","0090JI0902","Interior","Estatal","Oficial","1.2.Inicial",186,10,"28.3","Inicial",28.3,639,1,1
"24","25 de Mayo","0108JI0904","Interior","Estatal","Oficial","1.2.Inicial",180,10,"28.3","Inicial",28.3,639,1,1
"22","Patagones","0078JI0911","Interior","Estatal","Oficial","1.2.Inicial",94,7,"28.6","Inicial",28.6,639,0.606353660875622,1.64920254386841
"15","Hipólito Yrigoyen","0118JI0901","Interior","Estatal","Oficial","1.2.Inicial",170,11,"28.8","Inicial",28.8,639,1,1
"25","Bolívar","0012JI0904","Interior","Estatal","Oficial","1.2.Inicial",172,10,"29.2","Inicial",29.2,639,1,1
"17","Chascomús","0027JI0908","Interior","Estatal","Oficial","1.2.Inicial",90,6,"29.2","Inicial",29.2,639,0.580551377434106,1.72250043470701
"17","General Belgrano","0036JI0901","Interior","Estatal","Oficial","1.2.Inicial",152,8,"29.2","Inicial",29.2,639,0.980486770777602,1.01990157318178
"21","Laprida","0054JI0903","Interior","Estatal","Oficial","1.2.Inicial",135,8,"29.2","Inicial",29.2,639,0.870827066151159,1.14833362313801
"25","Olavarría","0077JI0905","Interior","Estatal","Oficial","1.2.Inicial",124,8,"29.2","Inicial",29.2,639,0.799870786686991,1.25020192841638
"23","Saavedra","0091JI0901","Interior","Estatal","Oficial","1.2.Inicial",155,8,"29.2","Inicial",29.2,639,0.999838483358739,1.0001615427331
"23","Tornquist","0105JI0902","Interior","Estatal","Oficial","1.2.Inicial",66,6,"29.2","Inicial",29.2,639,0.425737676785011,2.34886422914592
"18","Villa Gesell","0125JI0903","Interior","Estatal","Oficial","1.2.Inicial",112,6,"31.2","Inicial",31.2,639,0.722463936362443,1.38415213503242
"22","Monte Hermoso","0126JI0901","Interior","Estatal","Oficial","1.2.Inicial",120,8,"31.2","Inicial",31.2,639,0.774068503245475,1.29187532603026
"23","Guaminí","0051JI0903","Interior","Estatal","Oficial","1.2.Inicial",82,5,"31.7","Inicial",31.7,639,0.528946810551075,1.89054925760525
"23","General La Madrid","0038JI0901","Interior","Estatal","Oficial","1.2.Inicial",230,12,"31.9","Inicial",31.9,639,1,1
"23","Saavedra","0091JI0905","Interior","Estatal","Oficial","1.2.Inicial",63,7,"32.1","Inicial",32.1,639,0.406385964203874,2.4607149067243
"24","Las Flores","0056JI0906","Interior","Estatal","Oficial","1.2.Inicial",179,8,"32.299999999999997","Inicial",32.3,639,1,1
"20","Lobería","0060JI0911","Interior","Estatal","Oficial","1.2.Inicial",182,9,"32.4","Inicial",32.4,639,1,1
"22","Bahía Blanca","0008JI0929","Interior","Estatal","Oficial","1.2.Inicial",167,8,"33.299999999999997","Inicial",33.3,639,1,1
"22","Bahía Blanca","0008JI0947","Interior","Estatal","Oficial","1.2.Inicial",136,8,"33.299999999999997","Inicial",33.3,639,0.877277637011538,1.13988999355611
"17","Chascomús","0027JI0901","Interior","Estatal","Oficial","1.2.Inicial",169,11,"33.299999999999997","Inicial",33.3,639,1,1
"17","Chascomús","0027JI0912","Interior","Estatal","Oficial","1.2.Inicial",126,6,"33.299999999999997","Inicial",33.3,639,0.812771928407749,1.23035745336215
"19","General Pueyrredón","0043JI0933","Interior","Estatal","Oficial","1.2.Inicial",171,8,"33.299999999999997","Inicial",33.3,639,1,1
"24","Las Flores","0056JI0903","Interior","Estatal","Oficial","1.2.Inicial",10,1,"33.299999999999997","Inicial",33.3,639,0.0645057086037896,15.5025039123631
"24","Lobos","0061JI0912","Interior","Estatal","Oficial","1.2.Inicial",212,10,"33.299999999999997","Inicial",33.3,639,1,1
"25","Olavarría","0077JI0923","Interior","Estatal","Oficial","1.2.Inicial",49,4,"33.299999999999997","Inicial",33.3,639,0.316077972158569,3.16377630864552
"22","Patagones","0078JI0907","Interior","Estatal","Oficial","1.2.Inicial",157,9,"33.299999999999997","Inicial",33.3,639,1,1
"24","Roque Pérez","0090JI0905","Interior","Estatal","Oficial","1.2.Inicial",126,6,"33.299999999999997","Inicial",33.3,639,0.812771928407749,1.23035745336215
"24","25 de Mayo","0108JS0012","Interior","Estatal","Oficial","1.2.Inicial",3,1,"33.299999999999997","Inicial",33.3,639,0.0193517125811369,51.6750130412102
"22","Bahía Blanca","0008JI0902","Interior","Estatal","Oficial","1.2.Inicial",198,12,"34","Inicial",34,639,1,1
"23","Adolfo Alsina","0002JI0901","Interior","Estatal","Oficial","1.2.Inicial",205,11,"34.1","Inicial",34.1,639,1,1
"18","Pinamar","0124JI0907","Interior","Estatal","Oficial","1.2.Inicial",126,8,"34.4","Inicial",34.4,639,0.812771928407749,1.23035745336215
"25","Bolívar","0012JI0905","Interior","Estatal","Oficial","1.2.Inicial",138,7,"34.5","Inicial",34.5,639,0.890178778732296,1.12336984872196
"22","Villarino","0110JI0911","Interior","Estatal","Oficial","1.2.Inicial",22,2,"35.4","Inicial",35.4,639,0.141912558928337,7.04659268743776
"22","Bahía Blanca","0008JI0949","Interior","Estatal","Oficial","1.2.Inicial",122,6,"36.1","Inicial",36.1,639,0.786969644966233,1.27069704199697
"18","La Costa","0123JI0901","Interior","Estatal","Oficial","1.2.Inicial",159,10,"36.200000000000003","Inicial",36.2,639,1,1
"22","Patagones","0078JI0901","Interior","Estatal","Oficial","1.2.Inicial",154,9,"37","Inicial",37,639,0.99338791249836,1.00665609820539
"13","Salto","0066JI0906","Interior","Estatal","Oficial","1.2.Inicial",196,11,"37.1","Inicial",37.1,639,1,1
"24","25 de Mayo","0108JI0911","Interior","Estatal","Oficial","1.2.Inicial",133,8,"37.5","Inicial",37.5,639,0.857925924430401,1.16560179792203
"22","Patagones","0078JI0905","Interior","Estatal","Oficial","1.2.Inicial",165,9,"38","Inicial",38,639,1,1
"13","Pergamino","0081JI0901","Interior","Estatal","Oficial","1.2.Inicial",163,9,"38","Inicial",38,639,1,1
"18","General Lavalle","0039JI0901","Interior","Estatal","Oficial","1.2.Inicial",113,7,"38.1","Inicial",38.1,639,0.728914507222822,1.37190300109408
"22","Bahía Blanca","0008JI0909","Interior","Estatal","Oficial","1.2.Inicial",147,8,"38.5","Inicial",38.5,639,0.948233916475707,1.05459210288184
"22","Bahía Blanca","0008JI0934","Interior","Estatal","Oficial","1.2.Inicial",109,6,"38.9","Inicial",38.9,639,0.703112223781306,1.42224806535441
"24","25 de Mayo","0108JI0903","Interior","Estatal","Oficial","1.2.Inicial",130,7,"39.299999999999997","Inicial",39.3,639,0.838574211849265,1.19250030095101
"22","Bahía Blanca","0008JI0918","Interior","Estatal","Oficial","1.2.Inicial",167,8,"39.6","Inicial",39.6,639,1,1
"22","Villarino","0110JI0902","Interior","Estatal","Oficial","1.2.Inicial",221,12,"39.700000000000003","Inicial",39.7,639,1,1
"18","General Juan Madariaga","0040JI0904","Interior","Estatal","Oficial","1.2.Inicial",74,6,"40.299999999999997","Inicial",40.3,639,0.477342243668043,2.09493296113014
"22","Villarino","0110JI0904","Interior","Estatal","Oficial","1.2.Inicial",225,12,"40.299999999999997","Inicial",40.3,639,1,1
"18","Pinamar","0124JI0908","Interior","Estatal","Oficial","1.2.Inicial",146,8,"40.6","Inicial",40.6,639,0.941783345615328,1.06181533646322
"18","Ayacucho","0006JI0906","Interior","Estatal","Oficial","1.2.Inicial",18,2,"41.7","Inicial",41.7,639,0.116110275486821,8.61250217353504
"22","Bahía Blanca","0008JI0951","Interior","Estatal","Oficial","1.2.Inicial",65,4,"41.7","Inicial",41.7,639,0.419287105924632,2.38500060190201
"19","General Pueyrredón","0043JI0937","Interior","Estatal","Oficial","1.2.Inicial",134,6,"41.7","Inicial",41.7,639,0.86437649529078,1.15690327704202
"24","Las Flores","0056JI0902","Interior","Estatal","Oficial","1.2.Inicial",161,8,"41.7","Inicial",41.7,639,1,1
"19","Mar Chiquita","0068JI0901","Interior","Estatal","Oficial","1.2.Inicial",163,8,"41.7","Inicial",41.7,639,1,1
"19","Mar Chiquita","0068JI0907","Interior","Estatal","Oficial","1.2.Inicial",112,6,"41.7","Inicial",41.7,639,0.722463936362443,1.38415213503242
"22","Villarino","0110JI0903","Interior","Estatal","Oficial","1.2.Inicial",165,10,"41.7","Inicial",41.7,639,1,1
"18","La Costa","0123JI0905","Interior","Estatal","Oficial","1.2.Inicial",48,4,"41.7","Inicial",41.7,639,0.30962740129819,3.22968831507564
"18","General Juan Madariaga","0040JI0903","Interior","Estatal","Oficial","1.2.Inicial",134,8,"42.7","Inicial",42.7,639,0.86437649529078,1.15690327704202
"22","Bahía Blanca","0008JI0903","Interior","Estatal","Oficial","1.2.Inicial",179,10,"43.3","Inicial",43.3,639,1,1
"22","Bahía Blanca","0008JI0960","Interior","Estatal","Oficial","1.2.Inicial",96,4,"43.8","Inicial",43.8,639,0.61925480259638,1.61484415753782
"18","Villa Gesell","0125JI0905","Interior","Estatal","Oficial","1.2.Inicial",160,8,"43.8","Inicial",43.8,639,1,1
"19","Mar Chiquita","0068JI0904","Interior","Estatal","Oficial","1.2.Inicial",177,11,"43.9","Inicial",43.9,639,1,1
"22","Bahía Blanca","0008JI0912","Interior","Estatal","Oficial","1.2.Inicial",128,6,"44.4","Inicial",44.4,639,0.825673070128507,1.21113311815336
"22","Bahía Blanca","0008JI0913","Interior","Estatal","Oficial","1.2.Inicial",240,12,"44.4","Inicial",44.4,639,1,1
"22","Bahía Blanca","0008JI0946","Interior","Estatal","Oficial","1.2.Inicial",112,6,"44.4","Inicial",44.4,639,0.722463936362443,1.38415213503242
"22","Bahía Blanca","0008JI0956","Interior","Estatal","Oficial","1.2.Inicial",107,6,"44.4","Inicial",44.4,639,0.690211082060549,1.44883214134234
"13","Salto","0066JI0905","Interior","Estatal","Oficial","1.2.Inicial",199,11,"44.7","Inicial",44.7,639,1,1
"18","Villa Gesell","0125JI0904","Interior","Estatal","Oficial","1.2.Inicial",194,10,"45.4","Inicial",45.4,639,1,1
"18","Dolores","0029JI0906","Interior","Estatal","Oficial","1.2.Inicial",174,8,"45.8","Inicial",45.8,639,1,1
"19","Mar Chiquita","0068JI0903","Interior","Estatal","Oficial","1.2.Inicial",60,4,"45.8","Inicial",45.8,639,0.387034251622738,2.58375065206051
"23","Adolfo Alsina","0002JI0909","Interior","Estatal","Oficial","1.2.Inicial",150,10,"46.3","Inicial",46.3,639,0.967585629056844,1.0335002608242
"22","Patagones","0078JI0904","Interior","Estatal","Oficial","1.2.Inicial",199,12,"46.5","Inicial",46.5,639,1,1
"22","Bahía Blanca","0008JI0905","Interior","Estatal","Oficial","1.2.Inicial",94,6,"47.2","Inicial",47.2,639,0.606353660875622,1.64920254386841
"18","General Juan Madariaga","0040JI0906","Interior","Estatal","Oficial","1.2.Inicial",173,8,"47.9","Inicial",47.9,639,1,1
"19","General Pueyrredón","0043JI0934","Interior","Estatal","Oficial","1.2.Inicial",169,8,"47.9","Inicial",47.9,639,1,1
"24","25 de Mayo","0108JI0902","Interior","Estatal","Oficial","1.2.Inicial",91,4,"47.9","Inicial",47.9,639,0.587001948294485,1.70357185850144
"24","25 de Mayo","0108JI0901","Interior","Estatal","Oficial","1.2.Inicial",194,11,"48.5","Inicial",48.5,639,1,1
"18","Ayacucho","0006JI0902","Interior","Estatal","Oficial","1.2.Inicial",158,10,"50","Inicial",50,639,1,1
"22","Bahía Blanca","0008JI0919","Interior","Estatal","Oficial","1.2.Inicial",87,6,"50","Inicial",50,639,0.561199664852969,1.78189700142104
"22","Bahía Blanca","0008JI0933","Interior","Estatal","Oficial","1.2.Inicial",131,6,"50","Inicial",50,639,0.845024782709644,1.18339724521855
"18","Dolores","0029JI0902","Interior","Estatal","Oficial","1.2.Inicial",157,8,"50","Inicial",50,639,1,1
"23","Guaminí","0051JI0902","Interior","Estatal","Oficial","1.2.Inicial",93,8,"50","Inicial",50,639,0.599903090015243,1.66693590455517
"23","Guaminí","0051JI0906","Interior","Estatal","Oficial","1.2.Inicial",102,7,"50","Inicial",50,639,0.657958227758654,1.51985332474148
"19","Mar Chiquita","0068JI0902","Interior","Estatal","Oficial","1.2.Inicial",109,8,"50","Inicial",50,639,0.703112223781306,1.42224806535441
"19","Mar Chiquita","0068JI0908","Interior","Estatal","Oficial","1.2.Inicial",112,6,"51.4","Inicial",51.4,639,0.722463936362443,1.38415213503242
"18","Villa Gesell","0125JI0902","Interior","Estatal","Oficial","1.2.Inicial",205,10,"51.7","Inicial",51.7,639,1,1
"22","Monte Hermoso","0126JI0902","Interior","Estatal","Oficial","1.2.Inicial",113,8,"52.1","Inicial",52.1,639,0.728914507222822,1.37190300109408
"24","25 de Mayo","0108JI0906","Interior","Estatal","Oficial","1.2.Inicial",106,8,"53.1","Inicial",53.1,639,0.68376051120017,1.46250036909086
"22","Villarino","0110JI0901","Interior","Estatal","Oficial","1.2.Inicial",70,4,"53.1","Inicial",53.1,639,0.451539960226527,2.21464341605187
"22","Bahía Blanca","0008JI0908","Interior","Estatal","Oficial","1.2.Inicial",140,8,"53.6","Inicial",53.6,639,0.903079920453054,1.10732170802593
"18","Dolores","0029JI0901","Interior","Estatal","Oficial","1.2.Inicial",160,7,"53.6","Inicial",53.6,639,1,1
"22","Bahía Blanca","0008JI0930","Interior","Estatal","Oficial","1.2.Inicial",141,8,"55.2","Inicial",55.2,639,0.909530491313433,1.09946836257894
"18","Villa Gesell","0125JI0907","Interior","Estatal","Oficial","1.2.Inicial",187,9,"55.2","Inicial",55.2,639,1,1
"22","Bahía Blanca","0008JI0904","Interior","Estatal","Oficial","1.2.Inicial",159,10,"55.8","Inicial",55.8,639,1,1
"22","Bahía Blanca","0008JI0920","Interior","Estatal","Oficial","1.2.Inicial",179,10,"56.7","Inicial",56.7,639,1,1
"22","Bahía Blanca","0008JI0944","Interior","Estatal","Oficial","1.2.Inicial",113,6,"56.9","Inicial",56.9,639,0.728914507222822,1.37190300109408
"23","Adolfo Alsina","0002JI0902","Interior","Estatal","Oficial","1.2.Inicial",121,8,"57.3","Inicial",57.3,639,0.780519074105854,1.28119867044323
"22","Bahía Blanca","0008JI0931","Interior","Estatal","Oficial","1.2.Inicial",170,8,"57.3","Inicial",57.3,639,1,1
"24","25 de Mayo","0108JI0912","Interior","Estatal","Oficial","1.2.Inicial",152,8,"57.3","Inicial",57.3,639,0.980486770777602,1.01990157318178
"22","Bahía Blanca","0008JI0917","Interior","Estatal","Oficial","1.2.Inicial",109,6,"58.3","Inicial",58.3,639,0.703112223781306,1.42224806535441
"22","Bahía Blanca","0008JI0923","Interior","Estatal","Oficial","1.2.Inicial",147,8,"58.3","Inicial",58.3,639,0.948233916475707,1.05459210288184
"22","Bahía Blanca","0008JI0940","Interior","Estatal","Oficial","1.2.Inicial",156,8,"58.3","Inicial",58.3,639,1,1
"18","General Juan Madariaga","0040JI0902","Interior","Estatal","Oficial","1.2.Inicial",120,7,"58.3","Inicial",58.3,639,0.774068503245475,1.29187532603026
"23","Guaminí","0051JI0901","Interior","Estatal","Oficial","1.2.Inicial",121,8,"58.3","Inicial",58.3,639,0.780519074105854,1.28119867044323
"22","Bahía Blanca","0008JI0910","Interior","Estatal","Oficial","1.2.Inicial",175,10,"59.2","Inicial",59.2,639,1,1
"22","Bahía Blanca","0008JI0924","Interior","Estatal","Oficial","1.2.Inicial",116,6,"59.7","Inicial",59.7,639,0.748266219803959,1.33642275106578
"18","Dolores","0029JI0903","Interior","Estatal","Oficial","1.2.Inicial",216,10,"60","Inicial",60,639,1,1
"22","Bahía Blanca","0008JI0915","Interior","Estatal","Oficial","1.2.Inicial",149,8,"61.5","Inicial",61.5,639,0.961135058196465,1.04043650418544
"18","Ayacucho","0006JI0904","Interior","Estatal","Oficial","1.2.Inicial",173,9,"62","Inicial",62,639,1,1
"22","Bahía Blanca","0008JI0939","Interior","Estatal","Oficial","1.2.Inicial",126,8,"62.5","Inicial",62.5,639,0.812771928407749,1.23035745336215
"22","Bahía Blanca","0008JI0935","Interior","Estatal","Oficial","1.2.Inicial",188,11,"65.2","Inicial",65.2,639,1,1
"18","Dolores","0029JI0905","Interior","Estatal","Oficial","1.2.Inicial",185,9,"65.7","Inicial",65.7,639,1,1
"22","Bahía Blanca","0008JI0914","Interior","Estatal","Oficial","1.2.Inicial",124,8,"67.7","Inicial",67.7,639,0.799870786686991,1.25020192841638
"13","Salto","0066JI0909","Interior","Estatal","Oficial","1.2.Inicial",154,7,"67.900000000000006","Inicial",67.9,639,0.99338791249836,1.00665609820539
"22","Bahía Blanca","0008JI0961","Interior","Estatal","Oficial","1.2.Inicial",60,3,"70.8","Inicial",70.8,639,0.387034251622738,2.58375065206051
"22","Bahía Blanca","0008JI0941","Interior","Estatal","Oficial","1.2.Inicial",174,8,"72.900000000000006","Inicial",72.9,639,1,1
"15","Bragado","0013JI0912","Interior","Estatal","Oficial","1.2.Inicial",8,1,"8.3000000000000007","Inicial",8.3,639,0.0516045668830317,19.3781298904538
"16","General Villegas","0049JS0004","Interior","Estatal","Oficial","1.2.Inicial",3,1,"0","Inicial",0,639,0.0193517125811369,51.6750130412102
"25","Azul","0007JI0909","Interior","Estatal","Oficial","1.2.Inicial",93,7,"0","Inicial",0,639,0.599903090015243,1.66693590455517
"25","Olavarría","0077JS0014","Interior","Estatal","Oficial","1.2.Inicial",4,1,"16.7","Inicial",16.7,639,0.0258022834415158,38.7562597809077
"15","Carlos Casares","0017JI0902","Interior","Estatal","Oficial","1.2.Inicial",27,2,"8.3000000000000007","Inicial",8.3,639,0.174165413230232,5.74166811569002
"15","Hipólito Yrigoyen","0118JI0902","Interior","Estatal","Oficial","1.2.Inicial",108,7,"32.1","Inicial",32.1,639,0.696661652920928,1.43541702892251
"16","Trenque Lauquen","0106JS0017","Interior","Estatal","Oficial","1.2.Inicial",2,1,"0","Inicial",0,639,0.0129011417207579,77.5125195618153
"17","General Belgrano","0036JS0004","Interior","Estatal","Oficial","1.2.Inicial",4,1,"8.3000000000000007","Inicial",8.3,639,0.0258022834415158,38.7562597809077
"20","Lobería","0060JI0902","Interior","Estatal","Oficial","1.2.Inicial",48,4,"2.1","Inicial",2.1,639,0.30962740129819,3.22968831507564
"18","Ayacucho","0006JS0007","Interior","Estatal","Oficial","1.2.Inicial",1,1,"33.299999999999997","Inicial",33.3,639,0.00645057086037896,155.025039123631
"23","Coronel Suárez","0025JS0016","Interior","Estatal","Oficial","1.2.Inicial",4,1,"16.7","Inicial",16.7,639,0.0258022834415158,38.7562597809077
"18","Castelli","0021JS0003","Interior","Estatal","Oficial","1.2.Inicial",1,NA,"16.7","Inicial",16.7,639,0.00645057086037896,155.025039123631
"22","Bahía Blanca","0008JI0937","Interior","Estatal","Oficial","1.2.Inicial",34,2,"25","Inicial",25,639,0.219319409252885,4.55955997422443
"12","Arrecifes","0011JS0001","Interior","Estatal","Oficial","1.2.Inicial",4,1,"8.3000000000000007","Inicial",8.3,639,0.0258022834415158,38.7562597809077
"22","Coronel de Marina L. Rosales","0112JI0908","Interior","Estatal","Oficial","1.2.Inicial",2,1,"0","Inicial",0,639,0.0129011417207579,77.5125195618153
"15","Bragado","0013JI0906","Interior","Estatal","Oficial","1.2.Inicial",18,2,"12.5","Inicial",12.5,639,0.116110275486821,8.61250217353504
"23","Coronel Suárez","0025JI0910","Interior","Estatal","Oficial","1.2.Inicial",48,4,"8.3000000000000007","Inicial",8.3,639,0.30962740129819,3.22968831507564
"13","Carmen de Areco","0019JI0908","Interior","Estatal","Oficial","1.2.Inicial",52,3,"16.7","Inicial",16.7,639,0.335429684739706,2.98125075237751
"15","Pehuajó","0079JI0916","Interior","Estatal","Oficial","1.2.Inicial",62,4,"20.8","Inicial",20.8,639,0.399935393343495,2.50040385683275
"25","Olavarría","0077JI0914","Interior","Estatal","Oficial","1.2.Inicial",56,4,"22.9","Inicial",22.9,639,0.361231968181222,2.76830427006483
"15","Chivilcoy","0028JI0905","Interior","Estatal","Oficial","1.2.Inicial",7,1,"16.7","Inicial",16.7,639,0.0451539960226527,22.1464341605187
"22","Bahía Blanca","0008JI0942","Interior","Estatal","Oficial","1.2.Inicial",133,8,"44.8","Inicial",44.8,639,0.857925924430401,1.16560179792203
"24","Saladillo","0092JS0007","Interior","Estatal","Oficial","1.2.Inicial",3,1,"25","Inicial",25,639,0.0193517125811369,51.6750130412102
"15","Chivilcoy","0028JS0010","Interior","Estatal","Oficial","1.2.Inicial",11,1,"0","Inicial",0,639,0.0709562794641685,14.0931853748755
"13","Carmen de Areco","0019JS0006","Interior","Estatal","Oficial","1.2.Inicial",4,1,"8.3000000000000007","Inicial",8.3,639,0.0258022834415158,38.7562597809077
"21","Adolfo Gonzales Chaves","0050JS0003","Interior","Estatal","Oficial","1.2.Inicial",2,1,"8.3000000000000007","Inicial",8.3,639,0.0129011417207579,77.5125195618153
"25","Olavarría","0077JI0915","Interior","Estatal","Oficial","1.2.Inicial",100,6,"16.7","Inicial",16.7,639,0.645057086037896,1.55025039123631
"14","Florentino Ameghino","0128JI0904","Interior","Estatal","Oficial","1.2.Inicial",72,6,"25","Inicial",25,639,0.464441101947285,2.15312554338376
"25","Bolívar","0012JI0902","Interior","Estatal","Oficial","1.2.Inicial",100,6,"45.8","Inicial",45.8,639,0.645057086037896,1.55025039123631
"25","Bolívar","0012JS0015","Interior","Estatal","Oficial","1.2.Inicial",2,1,"8.3000000000000007","Inicial",8.3,639,0.0129011417207579,77.5125195618153
"15","9 de Julio","0076JI0904","Interior","Estatal","Oficial","1.2.Inicial",21,1,"8.3000000000000007","Inicial",8.3,639,0.135461988067958,7.38214472017289
"24","Roque Pérez","0090JS0004","Interior","Estatal","Oficial","1.2.Inicial",1,1,"33.299999999999997","Inicial",33.3,639,0.00645057086037896,155.025039123631
"20","Balcarce","0009JI0915","Interior","Estatal","Oficial","1.2.Inicial",14,1,"8.3000000000000007","Inicial",8.3,639,0.0903079920453054,11.0732170802593
"23","Coronel Suárez","0025JS0008","Interior","Estatal","Oficial","1.2.Inicial",3,1,"0","Inicial",0,639,0.0193517125811369,51.6750130412102
"12","San Nicolás","0097JI0928","Interior","Estatal","Oficial","1.2.Inicial",80,4,"16.7","Inicial",16.7,639,0.516045668830317,1.93781298904538
"22","Bahía Blanca","0008JI0936","Interior","Estatal","Oficial","1.2.Inicial",57,4,"0","Inicial",0,639,0.367682539041601,2.71973752848475
"17","Chascomús","0027JI0911","Interior","Estatal","Oficial","1.2.Inicial",10,1,"16.7","Inicial",16.7,639,0.0645057086037896,15.5025039123631
"20","Tandil","0102JS0011","Interior","Estatal","Oficial","1.2.Inicial",5,1,"0","Inicial",0,639,0.0322528543018948,31.0050078247261
"14","General Pinto","0042JS0004","Interior","Estatal","Oficial","1.2.Inicial",1,1,"0","Inicial",0,639,0.00645057086037896,155.025039123631
"16","Trenque Lauquen","0106JS0016","Interior","Estatal","Oficial","1.2.Inicial",5,1,"16.7","Inicial",16.7,639,0.0322528543018948,31.0050078247261
"18","Dolores","0029JS0002","Interior","Estatal","Oficial","1.2.Inicial",2,1,"8.3000000000000007","Inicial",8.3,639,0.0129011417207579,77.5125195618153
"16","Rivadavia","0088JS0005","Interior","Estatal","Oficial","1.2.Inicial",4,1,"0","Inicial",0,639,0.0258022834415158,38.7562597809077
"17","Chascomús","0027JI0903","Interior","Estatal","Oficial","1.2.Inicial",124,10,"20.8","Inicial",20.8,639,0.799870786686991,1.25020192841638
"15","9 de Julio","0076JS0006","Interior","Estatal","Oficial","1.2.Inicial",8,1,"8.3000000000000007","Inicial",8.3,639,0.0516045668830317,19.3781298904538
"21","Coronel Pringles","0024JS0010","Interior","Estatal","Oficial","1.2.Inicial",2,1,"16.7","Inicial",16.7,639,0.0129011417207579,77.5125195618153
"22","Patagones","0078JI0902","Interior","Estatal","Oficial","1.2.Inicial",59,4,"4.2","Inicial",4.2,639,0.380583680762359,2.62754303599374
"13","Rojas","0089JI0903","Interior","Estatal","Oficial","1.2.Inicial",40,3,"29.2","Inicial",29.2,639,0.258022834415158,3.87562597809077
"20","Tandil","0102JI0910","Interior","Estatal","Oficial","1.2.Inicial",100,8,"9.4","Inicial",9.4,639,0.645057086037896,1.55025039123631
"21","Adolfo Gonzales Chaves","0050JI0905","Interior","Estatal","Oficial","1.2.Inicial",102,8,"16.7","Inicial",16.7,639,0.657958227758654,1.51985332474148
"16","Trenque Lauquen","0106JI0912","Interior","Estatal","Oficial","1.2.Inicial",13,1,"16.7","Inicial",16.7,639,0.0838574211849265,11.9250030095101
"13","Colón","0022JI0902","Interior","Estatal","Oficial","1.2.Inicial",105,6,"0","Inicial",0,639,0.677309940339791,1.47642894403458
"25","Azul","0007JI0908","Interior","Estatal","Oficial","1.2.Inicial",77,6,"19.399999999999999","Inicial",19.4,639,0.49669395624918,2.01331219641079
"15","Chivilcoy","0028JS0001","Interior","Estatal","Oficial","1.2.Inicial",4,1,"8.3000000000000007","Inicial",8.3,639,0.0258022834415158,38.7562597809077
"17","Rauch","0087JI0904","Interior","Estatal","Oficial","1.2.Inicial",7,1,"25","Inicial",25,639,0.0451539960226527,22.1464341605187
"25","Azul","4007JI1376","Interior","Privado","Privada","1.2.Inicial",255,13,"NA","Inicial",NA,201,1,1
"25","Azul","4007JI1546","Interior","Privado","Privada","1.2.Inicial",252,9,"NA","Inicial",NA,201,1,1
"25","Azul","4007JI2968","Interior","Privado","Privada","1.2.Inicial",143,6,"NA","Inicial",NA,201,0.842582006859555,1.18682809727586
"25","Azul","4007JI5576","Interior","Privado","Privada","1.2.Inicial",197,8,"NA","Inicial",NA,201,1,1
"22","Bahía Blanca","4008JI1085","Interior","Privado","Privada","1.2.Inicial",110,6,"NA","Inicial",NA,201,0.648140005276581,1.54287652645862
"22","Bahía Blanca","4008JI1506","Interior","Privado","Privada","1.2.Inicial",346,16,"NA","Inicial",NA,201,1,1
"22","Bahía Blanca","4008JI1514","Interior","Privado","Privada","1.2.Inicial",206,9,"NA","Inicial",NA,201,1,1
"22","Bahía Blanca","4008JI1597","Interior","Privado","Privada","1.2.Inicial",80,4,"NA","Inicial",NA,201,0.471374549292059,2.1214552238806
"22","Bahía Blanca","4008JI2021","Interior","Privado","Privada","1.2.Inicial",47,3,"NA","Inicial",NA,201,0.276932547709084,3.61098761511591
"22","Bahía Blanca","4008JI2103","Interior","Privado","Privada","1.2.Inicial",132,6,"NA","Inicial",NA,201,0.777768006331897,1.28573043871551
"22","Bahía Blanca","4008JI2245","Interior","Privado","Privada","1.2.Inicial",78,4,"NA","Inicial",NA,201,0.459590185559757,2.17585151167241
"22","Bahía Blanca","4008JI2269","Interior","Privado","Privada","1.2.Inicial",278,20,"NA","Inicial",NA,201,1,1
"22","Bahía Blanca","4008JI2361","Interior","Privado","Privada","1.2.Inicial",166,13,"NA","Inicial",NA,201,0.978102189781022,1.02238805970149
"22","Bahía Blanca","4008JI2364","Interior","Privado","Privada","1.2.Inicial",156,6,"NA","Inicial",NA,201,0.919180371119515,1.0879257558362
"22","Bahía Blanca","4008JI2712","Interior","Privado","Privada","1.2.Inicial",41,3,"NA","Inicial",NA,201,0.24157945651218,4.13942482708409
"22","Bahía Blanca","4008JI3975","Interior","Privado","Privada","1.2.Inicial",174,9,"NA","Inicial",NA,201,1,1
"22","Bahía Blanca","4008JI5624","Interior","Privado","Privada","1.2.Inicial",94,4,"NA","Inicial",NA,201,0.553865095418169,1.80549380755796
"22","Bahía Blanca","4008JI5950","Interior","Privado","Privada","1.2.Inicial",256,12,"NA","Inicial",NA,201,1,1
"22","Bahía Blanca","4008JI7986","Interior","Privado","Privada","1.2.Inicial",227,8,"NA","Inicial",NA,201,1,1
"22","Bahía Blanca","4008JI7989","Interior","Privado","Privada","1.2.Inicial",189,11,"NA","Inicial",NA,201,1,1
"22","Bahía Blanca","4008JI8443","Interior","Privado","Privada","1.2.Inicial",101,4,"NA","Inicial",NA,201,0.595110368481224,1.68036057337077
"22","Bahía Blanca","4008JI8637","Interior","Privado","Privada","1.2.Inicial",123,7,"NA","Inicial",NA,201,0.72473836953654,1.3798082756947
"22","Bahía Blanca","4008JI8748","Interior","Privado","Privada","1.2.Inicial",176,7,"NA","Inicial",NA,201,1,1
"22","Bahía Blanca","4008JI8911","Interior","Privado","Privada","1.2.Inicial",60,4,"NA","Inicial",NA,201,0.353530911969044,2.82860696517413
"12","Baradero","4010JI6068","Interior","Privado","Privada","1.2.Inicial",172,6,"NA","Inicial",NA,201,1,1
"12","Arrecifes","4011JI1579","Interior","Privado","Privada","1.2.Inicial",60,3,"NA","Inicial",NA,201,0.353530911969044,2.82860696517413
"25","Bolívar","4012JI2341","Interior","Privado","Privada","1.2.Inicial",120,4,"NA","Inicial",NA,201,0.707061823938088,1.41430348258706
"25","Bolívar","4012JI6477","Interior","Privado","Privada","1.2.Inicial",121,6,"NA","Inicial",NA,201,0.712954005804239,1.40261502405329
"15","Bragado","4013JI3431","Interior","Privado","Privada","1.2.Inicial",192,7,"NA","Inicial",NA,201,1,1
"13","Colón","4022JI3861","Interior","Privado","Privada","1.2.Inicial",102,4,"NA","Inicial",NA,201,0.601002550347375,1.66388645010243
"13","Colón","4022JI8309","Interior","Privado","Privada","1.2.Inicial",75,3,"NA","Inicial",NA,201,0.441913639961305,2.2628855721393
"14","Chacabuco","4026JI1209","Interior","Privado","Privada","1.2.Inicial",193,9,"NA","Inicial",NA,201,1,1
"14","Chacabuco","4026JI6211","Interior","Privado","Privada","1.2.Inicial",108,5,"NA","Inicial",NA,201,0.636355641544279,1.57144831398563
"14","Chacabuco","4026JI9101","Interior","Privado","Privada","1.2.Inicial",89,6,"NA","Inicial",NA,201,0.524404186087415,1.90692604393762
"17","Chascomús","4027JI1693","Interior","Privado","Privada","1.2.Inicial",188,9,"NA","Inicial",NA,201,1,1
"15","Chivilcoy","4028JI2615","Interior","Privado","Privada","1.2.Inicial",100,4,"NA","Inicial",NA,201,0.589218186615073,1.69716417910448
"15","Chivilcoy","4028JI3121","Interior","Privado","Privada","1.2.Inicial",214,9,"NA","Inicial",NA,201,1,1
"15","Chivilcoy","4028JI6495","Interior","Privado","Privada","1.2.Inicial",157,7,"NA","Inicial",NA,201,0.925072552985665,1.08099629242323
"15","Chivilcoy","4028JI7936","Interior","Privado","Privada","1.2.Inicial",84,4,"NA","Inicial",NA,201,0.494943276756662,2.02043354655295
"18","Dolores","4029JI1688","Interior","Privado","Privada","1.2.Inicial",86,4,"NA","Inicial",NA,201,0.506727640488963,1.97344671988893
"18","Dolores","4029JI5101","Interior","Privado","Privada","1.2.Inicial",154,6,"NA","Inicial",NA,201,0.907396007387213,1.10205466175615
"19","General Alvarado","4033JI1144","Interior","Privado","Privada","1.2.Inicial",40,3,"NA","Inicial",NA,201,0.235687274646029,4.24291044776119
"19","General Alvarado","4033JI1334","Interior","Privado","Privada","1.2.Inicial",189,7,"NA","Inicial",NA,201,1,1
"14","General Arenales","4035JI0729","Interior","Privado","Privada","1.2.Inicial",71,3,"NA","Inicial",NA,201,0.418344912496702,2.39037208324574
"14","General Arenales","4035JI2504","Interior","Privado","Privada","1.2.Inicial",55,3,"NA","Inicial",NA,201,0.32407000263829,3.08575305291723
"19","General Pueyrredón","4043JI1112","Interior","Privado","Privada","1.2.Inicial",251,12,"NA","Inicial",NA,201,1,1
"19","General Pueyrredón","4043JI1247","Interior","Privado","Privada","1.2.Inicial",169,8,"NA","Inicial",NA,201,0.995778735379474,1.00423915923342
"19","General Pueyrredón","4043JI1330","Interior","Privado","Privada","1.2.Inicial",253,11,"NA","Inicial",NA,201,1,1
"19","General Pueyrredón","4043JI1373","Interior","Privado","Privada","1.2.Inicial",195,10,"NA","Inicial",NA,201,1,1
"19","General Pueyrredón","4043JI1395","Interior","Privado","Privada","1.2.Inicial",153,7,"NA","Inicial",NA,201,0.901503825521062,1.10925763340162
"19","General Pueyrredón","4043JI1417","Interior","Privado","Privada","1.2.Inicial",146,8,"NA","Inicial",NA,201,0.860258552458007,1.16244121856471
"19","General Pueyrredón","4043JI1424","Interior","Privado","Privada","1.2.Inicial",135,6,"NA","Inicial",NA,201,0.795444551930349,1.2571586511885
"19","General Pueyrredón","4043JI1426","Interior","Privado","Privada","1.2.Inicial",239,11,"NA","Inicial",NA,201,1,1
"19","General Pueyrredón","4043JI1548","Interior","Privado","Privada","1.2.Inicial",60,5,"NA","Inicial",NA,201,0.353530911969044,2.82860696517413
"19","General Pueyrredón","4043JI1689","Interior","Privado","Privada","1.2.Inicial",191,9,"NA","Inicial",NA,201,1,1
"19","General Pueyrredón","4043JI1735","Interior","Privado","Privada","1.2.Inicial",145,8,"NA","Inicial",NA,201,0.854366370591856,1.17045805455481
"19","General Pueyrredón","4043JI1736","Interior","Privado","Privada","1.2.Inicial",69,7,"NA","Inicial",NA,201,0.406560548764401,2.4596582305862
"19","General Pueyrredón","4043JI1744","Interior","Privado","Privada","1.2.Inicial",186,9,"NA","Inicial",NA,201,1,1
"19","General Pueyrredón","4043JI1827","Interior","Privado","Privada","1.2.Inicial",163,10,"NA","Inicial",NA,201,0.96042564418257,1.04120501785551
"19","General Pueyrredón","4043JI1892","Interior","Privado","Privada","1.2.Inicial",116,5,"NA","Inicial",NA,201,0.683493096473485,1.46307256819352
"19","General Pueyrredón","4043JI1923","Interior","Privado","Privada","1.2.Inicial",57,3,"NA","Inicial",NA,201,0.335854366370592,2.97748101597277
"19","General Pueyrredón","4043JI1941","Interior","Privado","Privada","1.2.Inicial",124,6,"NA","Inicial",NA,201,0.730630551402691,1.36868078960039
"19","General Pueyrredón","4043JI2008","Interior","Privado","Privada","1.2.Inicial",365,18,"NA","Inicial",NA,201,1,1
"19","General Pueyrredón","4043JI2154","Interior","Privado","Privada","1.2.Inicial",187,8,"NA","Inicial",NA,201,1,1
"19","General Pueyrredón","4043JI2198","Interior","Privado","Privada","1.2.Inicial",29,4,"NA","Inicial",NA,201,0.170873274118371,5.85229027277406
"19","General Pueyrredón","4043JI2203","Interior","Privado","Privada","1.2.Inicial",219,8,"NA","Inicial",NA,201,1,1
"19","General Pueyrredón","4043JI2289","Interior","Privado","Privada","1.2.Inicial",111,8,"NA","Inicial",NA,201,0.654032187142731,1.52897673793196
"19","General Pueyrredón","4043JI2532","Interior","Privado","Privada","1.2.Inicial",152,6,"NA","Inicial",NA,201,0.895611643654912,1.11655538098979
"19","General Pueyrredón","4043JI2545","Interior","Privado","Privada","1.2.Inicial",184,8,"NA","Inicial",NA,201,1,1
"19","General Pueyrredón","4043JI2646","Interior","Privado","Privada","1.2.Inicial",83,6,"NA","Inicial",NA,201,0.489051094890511,2.04477611940298
"19","General Pueyrredón","4043JI2928","Interior","Privado","Privada","1.2.Inicial",159,9,"NA","Inicial",NA,201,0.936856916717967,1.06739885478269
"19","General Pueyrredón","4043JI3009","Interior","Privado","Privada","1.2.Inicial",68,5,"NA","Inicial",NA,201,0.40066836689825,2.49582967515364
"19","General Pueyrredón","4043JI3149","Interior","Privado","Privada","1.2.Inicial",155,8,"NA","Inicial",NA,201,0.913288189253364,1.09494463168031
"19","General Pueyrredón","4043JI3221","Interior","Privado","Privada","1.2.Inicial",67,3,"NA","Inicial",NA,201,0.394776185032099,2.53308086433504
"19","General Pueyrredón","4043JI3396","Interior","Privado","Privada","1.2.Inicial",131,7,"NA","Inicial",NA,201,0.771875824465746,1.29554517488891
"19","General Pueyrredón","4043JI3492","Interior","Privado","Privada","1.2.Inicial",219,9,"NA","Inicial",NA,201,1,1
"19","General Pueyrredón","4043JI3704","Interior","Privado","Privada","1.2.Inicial",75,3,"NA","Inicial",NA,201,0.441913639961305,2.2628855721393
"19","General Pueyrredón","4043JI3901","Interior","Privado","Privada","1.2.Inicial",186,7,"NA","Inicial",NA,201,1,1
"19","General Pueyrredón","4043JI5228","Interior","Privado","Privada","1.2.Inicial",94,4,"NA","Inicial",NA,201,0.553865095418169,1.80549380755796
"19","General Pueyrredón","4043JI5407","Interior","Privado","Privada","1.2.Inicial",210,11,"NA","Inicial",NA,201,1,1
"19","General Pueyrredón","4043JI5799","Interior","Privado","Privada","1.2.Inicial",73,3,"NA","Inicial",NA,201,0.430129276229004,2.32488243712942
"19","General Pueyrredón","4043JI6413","Interior","Privado","Privada","1.2.Inicial",56,4,"NA","Inicial",NA,201,0.329962184504441,3.03065031982942
"19","General Pueyrredón","4043JI6414","Interior","Privado","Privada","1.2.Inicial",137,6,"NA","Inicial",NA,201,0.807228915662651,1.23880597014925
"19","General Pueyrredón","4043JI6504","Interior","Privado","Privada","1.2.Inicial",354,16,"NA","Inicial",NA,201,1,1
"19","General Pueyrredón","4043JI7360","Interior","Privado","Privada","1.2.Inicial",117,5,"NA","Inicial",NA,201,0.689385278339636,1.45056767444827
"19","General Pueyrredón","4043JI7475","Interior","Privado","Privada","1.2.Inicial",117,7,"NA","Inicial",NA,201,0.689385278339636,1.45056767444827
"19","General Pueyrredón","4043JI7492","Interior","Privado","Privada","1.2.Inicial",252,12,"NA","Inicial",NA,201,1,1
"19","General Pueyrredón","4043JI7630","Interior","Privado","Privada","1.2.Inicial",114,5,"NA","Inicial",NA,201,0.671708732741184,1.48874050798638
"19","General Pueyrredón","4043JI7748","Interior","Privado","Privada","1.2.Inicial",106,6,"NA","Inicial",NA,201,0.624571277811978,1.60109828217404
"19","General Pueyrredón","4043JI7749","Interior","Privado","Privada","1.2.Inicial",96,7,"NA","Inicial",NA,201,0.56564945915047,1.76787935323383
"19","General Pueyrredón","4043JI7943","Interior","Privado","Privada","1.2.Inicial",108,7,"NA","Inicial",NA,201,0.636355641544279,1.57144831398563
"19","General Pueyrredón","4043JI7953","Interior","Privado","Privada","1.2.Inicial",339,16,"NA","Inicial",NA,201,1,1
"19","General Pueyrredón","4043JI8029","Interior","Privado","Privada","1.2.Inicial",195,10,"NA","Inicial",NA,201,1,1
"19","General Pueyrredón","4043JI8048","Interior","Privado","Privada","1.2.Inicial",132,6,"NA","Inicial",NA,201,0.777768006331897,1.28573043871551
"19","General Pueyrredón","4043JI8085","Interior","Privado","Privada","1.2.Inicial",58,6,"NA","Inicial",NA,201,0.341746548236743,2.92614513638703
"19","General Pueyrredón","4043JI8883","Interior","Privado","Privada","1.2.Inicial",39,3,"NA","Inicial",NA,201,0.229795092779879,4.35170302334481
"19","General Pueyrredón","4043JI8948","Interior","Privado","Privada","1.2.Inicial",204,11,"NA","Inicial",NA,201,1,1
"19","General Pueyrredón","4043JI8991","Interior","Privado","Privada","1.2.Inicial",109,6,"NA","Inicial",NA,201,0.64224782341043,1.55703135697658
"19","General Pueyrredón","4043JI8996","Interior","Privado","Privada","1.2.Inicial",109,6,"NA","Inicial",NA,201,0.64224782341043,1.55703135697658
"16","General Villegas","4049JI2255","Interior","Privado","Privada","1.2.Inicial",154,6,"NA","Inicial",NA,201,0.907396007387213,1.10205466175615
"14","Junín","4053JI1264","Interior","Privado","Privada","1.2.Inicial",163,8,"NA","Inicial",NA,201,0.96042564418257,1.04120501785551
"14","Junín","4053JI1793","Interior","Privado","Privada","1.2.Inicial",261,12,"NA","Inicial",NA,201,1,1
"14","Junín","4053JI1939","Interior","Privado","Privada","1.2.Inicial",254,11,"NA","Inicial",NA,201,1,1
"14","Junín","4053JI2197","Interior","Privado","Privada","1.2.Inicial",69,4,"NA","Inicial",NA,201,0.406560548764401,2.4596582305862
"14","Junín","4053JI6329","Interior","Privado","Privada","1.2.Inicial",57,3,"NA","Inicial",NA,201,0.335854366370592,2.97748101597277
"14","Junín","4053JI6584","Interior","Privado","Privada","1.2.Inicial",210,8,"NA","Inicial",NA,201,1,1
"24","Las Flores","4056JI2275","Interior","Privado","Privada","1.2.Inicial",153,8,"NA","Inicial",NA,201,0.901503825521062,1.10925763340162
"14","Lincoln","4059JI1544","Interior","Privado","Privada","1.2.Inicial",271,9,"NA","Inicial",NA,201,1,1
"14","Lincoln","4059JI5453","Interior","Privado","Privada","1.2.Inicial",138,6,"NA","Inicial",NA,201,0.813121097528801,1.2298291152931
"20","Lobería","4060JI2226","Interior","Privado","Privada","1.2.Inicial",86,5,"NA","Inicial",NA,201,0.506727640488963,1.97344671988893
"24","Lobos","4061JI2278","Interior","Privado","Privada","1.2.Inicial",205,8,"NA","Inicial",NA,201,1,1
"24","Lobos","4061JI8315","Interior","Privado","Privada","1.2.Inicial",90,4,"NA","Inicial",NA,201,0.530296367953566,1.88573797678275
"13","Salto","4066JI1789","Interior","Privado","Privada","1.2.Inicial",101,5,"NA","Inicial",NA,201,0.595110368481224,1.68036057337077
"13","Salto","4066JI5828","Interior","Privado","Privada","1.2.Inicial",152,6,"NA","Inicial",NA,201,0.895611643654912,1.11655538098979
"17","Monte","4072JI6628","Interior","Privado","Privada","1.2.Inicial",151,6,"NA","Inicial",NA,201,0.889719461788761,1.12394978748641
"17","Monte","4072JI8105","Interior","Privado","Privada","1.2.Inicial",103,6,"NA","Inicial",NA,201,0.606894732213526,1.64773221272279
"20","Necochea","4075JI1442","Interior","Privado","Privada","1.2.Inicial",160,7,"NA","Inicial",NA,201,0.942749098584117,1.0607276119403
"20","Necochea","4075JI1603","Interior","Privado","Privada","1.2.Inicial",76,6,"NA","Inicial",NA,201,0.447805821827456,2.23311076197958
"20","Necochea","4075JI1831","Interior","Privado","Privada","1.2.Inicial",23,1,"NA","Inicial",NA,201,0.135520182921467,7.3789746917586
"20","Necochea","4075JI2225","Interior","Privado","Privada","1.2.Inicial",80,5,"NA","Inicial",NA,201,0.471374549292059,2.1214552238806
"20","Necochea","4075JI3639","Interior","Privado","Privada","1.2.Inicial",64,4,"NA","Inicial",NA,201,0.377099639433647,2.65181902985075
"15","9 de Julio","4076JI8390","Interior","Privado","Privada","1.2.Inicial",164,6,"NA","Inicial",NA,201,0.96631782604872,1.03485620677102
"15","9 de Julio","4076JI8848","Interior","Privado","Privada","1.2.Inicial",184,6,"NA","Inicial",NA,201,1,1
"25","Olavarría","4077JI1443","Interior","Privado","Privada","1.2.Inicial",157,8,"NA","Inicial",NA,201,0.925072552985665,1.08099629242323
"25","Olavarría","4077JI1922","Interior","Privado","Privada","1.2.Inicial",105,8,"NA","Inicial",NA,201,0.618679095945827,1.61634683724236
"25","Olavarría","4077JI2005","Interior","Privado","Privada","1.2.Inicial",247,14,"NA","Inicial",NA,201,1,1
"25","Olavarría","4077JI2124","Interior","Privado","Privada","1.2.Inicial",31,2,"NA","Inicial",NA,201,0.182657637850673,5.47472315840154
"25","Olavarría","4077JI8305","Interior","Privado","Privada","1.2.Inicial",97,5,"NA","Inicial",NA,201,0.571541641016621,1.74965379289121
"22","Patagones","4078JI2992","Interior","Privado","Privada","1.2.Inicial",87,6,"NA","Inicial",NA,201,0.512619822355114,1.95076342425802
"15","Pehuajó","4079JI8268","Interior","Privado","Privada","1.2.Inicial",84,3,"NA","Inicial",NA,201,0.494943276756662,2.02043354655295
"13","Pergamino","4081JI0664","Interior","Privado","Privada","1.2.Inicial",95,6,"NA","Inicial",NA,201,0.55975727728432,1.78648860958366
"13","Pergamino","4081JI1310","Interior","Privado","Privada","1.2.Inicial",198,10,"NA","Inicial",NA,201,1,1
"13","Pergamino","4081JI1563","Interior","Privado","Privada","1.2.Inicial",242,11,"NA","Inicial",NA,201,1,1
"13","Pergamino","4081JI1921","Interior","Privado","Privada","1.2.Inicial",127,6,"NA","Inicial",NA,201,0.748307097001143,1.33634974732636
"13","Pergamino","4081JI2104","Interior","Privado","Privada","1.2.Inicial",162,7,"NA","Inicial",NA,201,0.954533462316419,1.04763220932375
"13","Pergamino","4081JI5795","Interior","Privado","Privada","1.2.Inicial",186,8,"NA","Inicial",NA,201,1,1
"13","Pergamino","4081JI6012","Interior","Privado","Privada","1.2.Inicial",68,3,"NA","Inicial",NA,201,0.40066836689825,2.49582967515364
"13","Pergamino","4081JI6586","Interior","Privado","Privada","1.2.Inicial",120,4,"NA","Inicial",NA,201,0.707061823938088,1.41430348258706
"17","Rauch","4087JI1956","Interior","Privado","Privada","1.2.Inicial",86,5,"NA","Inicial",NA,201,0.506727640488963,1.97344671988893
"13","Rojas","4089JI5796","Interior","Privado","Privada","1.2.Inicial",150,6,"NA","Inicial",NA,201,0.88382727992261,1.13144278606965
"23","Saavedra","4091JI3115","Interior","Privado","Privada","1.2.Inicial",56,4,"NA","Inicial",NA,201,0.329962184504441,3.03065031982942
"23","Saavedra","4091JI3817","Interior","Privado","Privada","1.2.Inicial",152,8,"NA","Inicial",NA,201,0.895611643654912,1.11655538098979
"24","Saladillo","4092JI8432","Interior","Privado","Privada","1.2.Inicial",87,4,"NA","Inicial",NA,201,0.512619822355114,1.95076342425802
"13","San Antonio de Areco","4094JI3397","Interior","Privado","Privada","1.2.Inicial",148,6,"NA","Inicial",NA,201,0.872042916190309,1.14673255344897
"13","San Antonio de Areco","4094JI7391","Interior","Privado","Privada","1.2.Inicial",148,6,"NA","Inicial",NA,201,0.872042916190309,1.14673255344897
"12","San Nicolás","4097JI1140","Interior","Privado","Privada","1.2.Inicial",298,15,"NA","Inicial",NA,201,1,1
"12","San Nicolás","4097JI1545","Interior","Privado","Privada","1.2.Inicial",182,8,"NA","Inicial",NA,201,1,1
"12","San Nicolás","4097JI1593","Interior","Privado","Privada","1.2.Inicial",199,10,"NA","Inicial",NA,201,1,1
"12","San Nicolás","4097JI1655","Interior","Privado","Privada","1.2.Inicial",233,10,"NA","Inicial",NA,201,1,1
"12","San Nicolás","4097JI1685","Interior","Privado","Privada","1.2.Inicial",93,4,"NA","Inicial",NA,201,0.547972913552018,1.82490771946718
"12","San Nicolás","4097JI1732","Interior","Privado","Privada","1.2.Inicial",179,8,"NA","Inicial",NA,201,1,1
"12","San Nicolás","4097JI2003","Interior","Privado","Privada","1.2.Inicial",105,6,"NA","Inicial",NA,201,0.618679095945827,1.61634683724236
"12","San Nicolás","4097JI2667","Interior","Privado","Privada","1.2.Inicial",212,8,"NA","Inicial",NA,201,1,1
"12","San Nicolás","4097JI2727","Interior","Privado","Privada","1.2.Inicial",117,6,"NA","Inicial",NA,201,0.689385278339636,1.45056767444827
"12","San Nicolás","4097JI3572","Interior","Privado","Privada","1.2.Inicial",134,6,"NA","Inicial",NA,201,0.789552370064198,1.26654043216752
"12","San Nicolás","4097JI5155","Interior","Privado","Privada","1.2.Inicial",179,9,"NA","Inicial",NA,201,1,1
"12","San Nicolás","4097JI5960","Interior","Privado","Privada","1.2.Inicial",94,6,"NA","Inicial",NA,201,0.553865095418169,1.80549380755796
"12","San Pedro","4098JI1250","Interior","Privado","Privada","1.2.Inicial",122,6,"NA","Inicial",NA,201,0.71884618767039,1.39111817959383
"12","San Pedro","4098JI1543","Interior","Privado","Privada","1.2.Inicial",160,6,"NA","Inicial",NA,201,0.942749098584117,1.0607276119403
"20","Tandil","4102JI1580","Interior","Privado","Privada","1.2.Inicial",149,6,"NA","Inicial",NA,201,0.877935098056459,1.13903636181509
"20","Tandil","4102JI1882","Interior","Privado","Privada","1.2.Inicial",156,6,"NA","Inicial",NA,201,0.919180371119515,1.0879257558362
"20","Tandil","4102JI1934","Interior","Privado","Privada","1.2.Inicial",269,12,"NA","Inicial",NA,201,1,1
"20","Tandil","4102JI1940","Interior","Privado","Privada","1.2.Inicial",234,9,"NA","Inicial",NA,201,1,1
"20","Tandil","4102JI2378","Interior","Privado","Privada","1.2.Inicial",113,7,"NA","Inicial",NA,201,0.665816550875033,1.50191520274733
"20","Tandil","4102JI2450","Interior","Privado","Privada","1.2.Inicial",209,9,"NA","Inicial",NA,201,1,1
"20","Tandil","4102JI2786","Interior","Privado","Privada","1.2.Inicial",152,6,"NA","Inicial",NA,201,0.895611643654912,1.11655538098979
"20","Tandil","4102JI3153","Interior","Privado","Privada","1.2.Inicial",246,12,"NA","Inicial",NA,201,1,1
"20","Tandil","4102JI3359","Interior","Privado","Privada","1.2.Inicial",185,10,"NA","Inicial",NA,201,1,1
"20","Tandil","4102JI5048","Interior","Privado","Privada","1.2.Inicial",133,7,"NA","Inicial",NA,201,0.783660188198048,1.27606329255976
"20","Tandil","4102JI7599","Interior","Privado","Privada","1.2.Inicial",72,4,"NA","Inicial",NA,201,0.424237094362853,2.35717247097844
"16","Trenque Lauquen","4106JI2102","Interior","Privado","Privada","1.2.Inicial",261,11,"NA","Inicial",NA,201,1,1
"16","Trenque Lauquen","4106JI3143","Interior","Privado","Privada","1.2.Inicial",152,6,"NA","Inicial",NA,201,0.895611643654912,1.11655538098979
"16","Trenque Lauquen","4106JI7756","Interior","Privado","Privada","1.2.Inicial",79,3,"NA","Inicial",NA,201,0.465482367425908,2.14830908747402
"21","Tres Arroyos","4107JI2449","Interior","Privado","Privada","1.2.Inicial",187,9,"NA","Inicial",NA,201,1,1
"21","Tres Arroyos","4107JI6225","Interior","Privado","Privada","1.2.Inicial",321,13,"NA","Inicial",NA,201,1,1
"21","Tres Arroyos","4107JI6229","Interior","Privado","Privada","1.2.Inicial",139,7,"NA","Inicial",NA,201,0.819013279394952,1.22098142381617
"24","25 de Mayo","4108JI2629","Interior","Privado","Privada","1.2.Inicial",137,6,"NA","Inicial",NA,201,0.807228915662651,1.23880597014925
"24","25 de Mayo","4108JI3424","Interior","Privado","Privada","1.2.Inicial",156,6,"NA","Inicial",NA,201,0.919180371119515,1.0879257558362
"22","Coronel de Marina L. Rosales","4112JI2246","Interior","Privado","Privada","1.2.Inicial",98,6,"NA","Inicial",NA,201,0.577433822882772,1.73180018275967
"15","Hipólito Yrigoyen","4118JI7594","Interior","Privado","Privada","1.2.Inicial",88,4,"NA","Inicial",NA,201,0.518512004221265,1.92859565807327
"18","La Costa","4123JI2236","Interior","Privado","Privada","1.2.Inicial",146,6,"NA","Inicial",NA,201,0.860258552458007,1.16244121856471
"18","La Costa","4123JI6485","Interior","Privado","Privada","1.2.Inicial",78,3,"NA","Inicial",NA,201,0.459590185559757,2.17585151167241
"18","Pinamar","4124JI1618","Interior","Privado","Privada","1.2.Inicial",77,5,"NA","Inicial",NA,201,0.453698003693607,2.20410932351231
"18","Villa Gesell","4125JI5945","Interior","Privado","Privada","1.2.Inicial",90,7,"NA","Inicial",NA,201,0.530296367953566,1.88573797678275
"18","Villa Gesell","4125JI8795","Interior","Privado","Privada","1.2.Inicial",75,5,"NA","Inicial",NA,201,0.441913639961305,2.2628855721393
"19","General Pueyrredón","4043JI1933","Interior","Privado","Privada","1.2.Inicial",122,6,"NA","Inicial",NA,201,0.71884618767039,1.39111817959383
"14","Junín","4053JI9161","Interior","Privado","Privada","1.2.Inicial",1,NA,"NA","Inicial",NA,201,0.00589218186615073,169.716417910448
"14","Florentino Ameghino","4128JI6622","Interior","Privado","Privada","1.2.Inicial",62,3,"NA","Inicial",NA,201,0.365315275701346,2.73736157920077
"19","General Pueyrredón","4043JI2007","Interior","Privado","Privada","1.2.Inicial",44,3,"NA","Inicial",NA,201,0.259256002110632,3.85719131614654
"19","General Pueyrredón","4043JI3164","Interior","Privado","Privada","1.2.Inicial",47,3,"NA","Inicial",NA,201,0.276932547709084,3.61098761511591
"20","Necochea","4075JI1692","Interior","Privado","Privada","1.2.Inicial",69,3,"NA","Inicial",NA,201,0.406560548764401,2.4596582305862
"21","Coronel Pringles","4024JI2013","Interior","Privado","Privada","1.2.Inicial",74,4,"NA","Inicial",NA,201,0.436021458095154,2.29346510689794
"19","General Pueyrredón","4043JI3549","Interior","Privado","Privada","1.2.Inicial",32,2,"NA","Inicial",NA,201,0.188549819716823,5.30363805970149
"12","Baradero","4010JI3911","Interior","Privado","Privada","1.2.Inicial",70,4,"NA","Inicial",NA,201,0.412452730630551,2.42452025586354
"14","Florentino Ameghino","4128JI2095","Interior","Privado","Privada","1.2.Inicial",17,1,"NA","Inicial",NA,201,0.100167091724562,9.98331870061457
"14","Chacabuco","4026JI5483","Interior","Privado","Privada","1.2.Inicial",51,3,"NA","Inicial",NA,201,0.300501275173687,3.32777290020486
"17","Chascomús","4027JI9000","Interior","Privado","Privada","1.2.Inicial",1,NA,"NA","Inicial",NA,201,0.00589218186615073,169.716417910448
"19","General Pueyrredón","4043JI7939","Interior","Privado","Privada","1.2.Inicial",154,10,"NA","Inicial",NA,201,0.907396007387213,1.10205466175615
"20","Necochea","4075JI1387","Interior","Privado","Privada","1.2.Inicial",76,5,"NA","Inicial",NA,201,0.447805821827456,2.23311076197958
"18","Villa Gesell","4125JI7997","Interior","Privado","Privada","1.2.Inicial",54,3,"NA","Inicial",NA,201,0.31817782077214,3.14289662797125
"14","Junín","4053JI2004","Interior","Privado","Privada","1.2.Inicial",42,4,"NA","Inicial",NA,201,0.247471638378331,4.0408670931059
"01","La Plata","0001PP0030","AMBA","Estatal","Oficial","2.Primaria",306,12,"0","Primaria",0,704,0.260751155638025,3.83507408645276
"05","Almirante Brown","0004PP0020","AMBA","Estatal","Oficial","2.Primaria",392,21,"0","Primaria",0,704,0.334034160163744,2.99370579197588
"05","Almirante Brown","0004PP0041","AMBA","Estatal","Oficial","2.Primaria",323,12,"0","Primaria",0,704,0.275237330951248,3.63322808190262
"02","Avellaneda","0005PP0063","AMBA","Estatal","Oficial","2.Primaria",736,26,"0","Primaria",0,704,0.627166178266622,1.59447373703063
"04","Florencio Varela","0032PP0005","AMBA","Estatal","Oficial","2.Primaria",409,18,"0","Primaria",0,704,0.348520335476968,2.8692730328962
"04","Florencio Varela","0032PP0017","AMBA","Estatal","Oficial","2.Primaria",893,30,"0","Primaria",0,704,0.76095026792404,1.31414632749669
"04","Florencio Varela","0032PP0039","AMBA","Estatal","Oficial","2.Primaria",827,32,"0","Primaria",0,704,0.704709822590348,1.41902378531384
"04","Florencio Varela","0032PP0043","AMBA","Estatal","Oficial","2.Primaria",629,24,"0","Primaria",0,704,0.535988486589273,1.86571171773378
"11","Zárate","0047PP0006","AMBA","Estatal","Oficial","2.Primaria",303,18,"0","Primaria",0,704,0.258194771759221,3.8730451170117
"06","Tigre","0055PP0005","AMBA","Estatal","Oficial","2.Primaria",645,25,"0","Primaria",0,704,0.549622533942895,1.81943049682875
"10","General Las Heras","0057PP0006","AMBA","Estatal","Oficial","2.Primaria",36,3,"0","Primaria",0,704,0.03067660654565,32.5981297348485
"02","Lomas de Zamora","0062PP0016","AMBA","Estatal","Oficial","2.Primaria",1115,38,"0","Primaria",0,704,0.950122674955548,1.0524956685691
"10","Marcos Paz","0067PP0012","AMBA","Estatal","Oficial","2.Primaria",308,12,"0","Primaria",0,704,0.262455411557228,3.8101710079693
"03","La Matanza","0069PP0040","AMBA","Estatal","Oficial","2.Primaria",1052,28,"0","Primaria",0,704,0.89643861350066,1.1155253521431
"03","La Matanza","0069PP0057","AMBA","Estatal","Oficial","2.Primaria",916,32,"0","Primaria",0,704,0.780549210994872,1.281149203553
"03","La Matanza","0069PP0067","AMBA","Estatal","Oficial","2.Primaria",866,32,"0","Primaria",0,704,0.737942813014802,1.35511855710687
"03","La Matanza","0069PP0087","AMBA","Estatal","Oficial","2.Primaria",263,14,"0","Primaria",0,704,0.224109653375165,4.46210140857242
"03","La Matanza","0069PP0088","AMBA","Estatal","Oficial","2.Primaria",1821,60,"0","Primaria",0,704,1,1
"03","La Matanza","0069PP0110","AMBA","Estatal","Oficial","2.Primaria",722,28,"0","Primaria",0,704,0.615236386832202,1.62539151032486
"03","La Matanza","0069PP0120","AMBA","Estatal","Oficial","2.Primaria",752,30,"0","Primaria",0,704,0.640800225620244,1.56054876390232
"03","La Matanza","0069PP0144","AMBA","Estatal","Oficial","2.Primaria",785,24,"0","Primaria",0,704,0.66892044828709,1.49494607701216
"03","La Matanza","0069PP0161","AMBA","Estatal","Oficial","2.Primaria",932,28,"0","Primaria",0,704,0.794183258348494,1.2591552258096
"03","La Matanza","0069PP0165","AMBA","Estatal","Oficial","2.Primaria",906,36,"0","Primaria",0,704,0.772027931398858,1.29528992323901
"03","La Matanza","0069PP0194","AMBA","Estatal","Oficial","2.Primaria",878,36,"0","Primaria",0,704,0.748168348530019,1.3365975745496
"03","La Matanza","0069PP0209","AMBA","Estatal","Oficial","2.Primaria",744,24,"0","Primaria",0,704,0.633983201943433,1.57732885813783
"03","La Matanza","0069PP0210","AMBA","Estatal","Oficial","2.Primaria",1404,35,"0","Primaria",0,704,1,1
"08","Merlo","0071PP0007","AMBA","Estatal","Oficial","2.Primaria",968,32,"0","Primaria",0,704,0.824859864894144,1.21232713889932
"08","Merlo","0071PP0023","AMBA","Estatal","Oficial","2.Primaria",625,24,"0","Primaria",0,704,0.532579974750868,1.87765227272727
"08","Merlo","0071PP0033","AMBA","Estatal","Oficial","2.Primaria",710,24,"0","Primaria",0,704,0.605010851316986,1.65286291613316
"08","Merlo","0071PP0058","AMBA","Estatal","Oficial","2.Primaria",767,22,"0","Primaria",0,704,0.653582145014265,1.5300295573071
"08","Merlo","0071PP0070","AMBA","Estatal","Oficial","2.Primaria",758,24,"0","Primaria",0,704,0.645912993377852,1.54819613516431
"08","Merlo","0071PP0072","AMBA","Estatal","Oficial","2.Primaria",688,24,"0","Primaria",0,704,0.586264036205755,1.70571609077696
"08","Merlo","0071PP0077","AMBA","Estatal","Oficial","2.Primaria",596,21,"0","Primaria",0,704,0.507868263922427,1.96901454774253
"09","Moreno","0073PP0053","AMBA","Estatal","Oficial","2.Primaria",914,22,"0","Primaria",0,704,0.778844955075669,1.28395259349513
"10","Navarro","0074PP0032","AMBA","Estatal","Oficial","2.Primaria",34,3,"0","Primaria",0,704,0.0289723506264472,34.5156667780749
"11","Pilar","0083PP0012","AMBA","Estatal","Oficial","2.Primaria",596,19,"0","Primaria",0,704,0.507868263922427,1.96901454774253
"11","Pilar","0083PP0014","AMBA","Estatal","Oficial","2.Primaria",1001,30,"0","Primaria",0,704,0.85298008756099,1.1723603101444
"11","Pilar","0083PP0023","AMBA","Estatal","Oficial","2.Primaria",1039,30,"0","Primaria",0,704,0.885360950025842,1.12948283970601
"11","Pilar","0083PP0030","AMBA","Estatal","Oficial","2.Primaria",1063,30,"0","Primaria",0,704,0.905812021056276,1.10398181604379
"04","Quilmes","0085PP0023","AMBA","Estatal","Oficial","2.Primaria",323,12,"0","Primaria",0,704,0.275237330951248,3.63322808190262
"04","Quilmes","0085PP0050","AMBA","Estatal","Oficial","2.Primaria",550,21,"0","Primaria",0,704,0.468670377780763,2.13369576446281
"04","Quilmes","0085PP0065","AMBA","Estatal","Oficial","2.Primaria",1089,36,"0","Primaria",0,704,0.927967348005912,1.07762412346607
"04","Quilmes","0085PP0086","AMBA","Estatal","Oficial","2.Primaria",409,15,"0","Primaria",0,704,0.348520335476968,2.8692730328962
"05","San Vicente","0099PP0027","AMBA","Estatal","Oficial","2.Primaria",503,18,"0","Primaria",0,704,0.428620363679498,2.33306693927345
"08","Morón","0100PP0025","AMBA","Estatal","Oficial","2.Primaria",203,8,"0","Primaria",0,704,0.172981975799082,5.78094911553963
"08","Morón","0100PP0102","AMBA","Estatal","Oficial","2.Primaria",523,24,"0","Primaria",0,704,0.445662922871526,2.24384831826873
"06","Vicente López","0109PP0008","AMBA","Estatal","Oficial","2.Primaria",184,8,"0","Primaria",0,704,0.156791544566655,6.37789494812253
"02","Lanús","0111PP0001","AMBA","Estatal","Oficial","2.Primaria",567,24,"0","Primaria",0,704,0.483156553093987,2.06972252284752
"02","Lanús","0111PP0014","AMBA","Estatal","Oficial","2.Primaria",366,18,"0","Primaria",0,704,0.311878833214108,3.20637341654247
"11","Escobar","0116PP0002","AMBA","Estatal","Oficial","2.Primaria",711,24,"0","Primaria",0,704,0.605862979276587,1.65053821442271
"07","Tres de Febrero","0117PP0035","AMBA","Estatal","Oficial","2.Primaria",172,12,"0","Primaria",0,704,0.146566009051439,6.82286436310782
"05","Presidente Perón","0129PP0009","AMBA","Estatal","Oficial","2.Primaria",619,20,"0","Primaria",0,704,0.527467206993259,1.89585245630783
"09","San Miguel","0131PP0002","AMBA","Estatal","Oficial","2.Primaria",496,20,"0","Primaria",0,704,0.422655467962288,2.36599328720675
"09","San Miguel","0131PP0018","AMBA","Estatal","Oficial","2.Primaria",797,30,"0","Primaria",0,704,0.679145983802306,1.47243747861298
"09","José C. Paz","0132PP0007","AMBA","Estatal","Oficial","2.Primaria",374,12,"0","Primaria",0,704,0.318695856890919,3.1377878889159
"09","José C. Paz","0132PP0012","AMBA","Estatal","Oficial","2.Primaria",696,25,"0","Primaria",0,704,0.593081059882566,1.68611015869906
"09","José C. Paz","0132PP0039","AMBA","Estatal","Oficial","2.Primaria",399,12,"0","Primaria",0,704,0.339999055880954,2.94118463773069
"01","Punta Indio","0134PP0006","AMBA","Estatal","Oficial","2.Primaria",669,24,"0","Primaria",0,704,0.570073604973329,1.75415944761517
"07","Hurlingham","0135PP0031","AMBA","Estatal","Oficial","2.Primaria",425,17,"0","Primaria",0,704,0.36215438283059,2.76125334224599
"09","Malvinas Argentinas","0133PP0031","AMBA","Estatal","Oficial","2.Primaria",589,24,"0.5","Primaria",0.5,704,0.501903368205218,1.99241539975305
"01","La Plata","0001PP0052","AMBA","Estatal","Oficial","2.Primaria",630,20,"1.7","Primaria",1.7,704,0.536840614548875,1.86275027056277
"01","Berisso","0113PP0002","AMBA","Estatal","Oficial","2.Primaria",331,18,"1.9","Primaria",1.9,704,0.282054354628059,3.5454159228234
"03","La Matanza","0069PP0014","AMBA","Estatal","Oficial","2.Primaria",733,30,"2.4","Primaria",2.4,704,0.624609794387817,1.60099955041548
"03","La Matanza","0069PP0122","AMBA","Estatal","Oficial","2.Primaria",845,30,"2.8","Primaria",2.8,704,0.720048125863173,1.38879605970952
"01","La Plata","0001PP0027","AMBA","Estatal","Oficial","2.Primaria",500,20,"3.1","Primaria",3.1,704,0.426063979800694,2.34706534090909
"03","La Matanza","0069PP0021","AMBA","Estatal","Oficial","2.Primaria",222,13,"3.2","Primaria",3.2,704,0.189172407031508,5.2861832002457
"10","Marcos Paz","0067PP0016","AMBA","Estatal","Oficial","2.Primaria",542,21,"3.8","Primaria",3.8,704,0.461853354103952,2.16518942888293
"07","Hurlingham","0135PP0019","AMBA","Estatal","Oficial","2.Primaria",186,13,"3.8","Primaria",3.8,704,0.158495800485858,6.30931543255132
"08","Merlo","0071PP0021","AMBA","Estatal","Oficial","2.Primaria",698,22,"4.2","Primaria",4.2,704,0.594785315801769,1.68127889749935
"05","Ezeiza","0130PP0017","AMBA","Estatal","Oficial","2.Primaria",699,26,"4.2","Primaria",4.2,704,0.59563744376137,1.6788736344128
"11","Exaltación de la Cruz","0031PP0001","AMBA","Estatal","Oficial","2.Primaria",349,12,"5.6","Primaria",5.6,704,0.297392657900884,3.3625577949987
"02","Lomas de Zamora","0062PP0056","AMBA","Estatal","Oficial","2.Primaria",485,24,"6.2","Primaria",6.2,704,0.413282060406673,2.41965499062793
"04","Florencio Varela","0032PP0041","AMBA","Estatal","Oficial","2.Primaria",1056,42,"6.7","Primaria",6.7,704,0.899847125339066,1.11129987732438
"06","Vicente López","0109PP0020","AMBA","Estatal","Oficial","2.Primaria",217,10,"6.7","Primaria",6.7,704,0.184911767233501,5.40798465647256
"06","Tigre","0055PP0045","AMBA","Estatal","Oficial","2.Primaria",245,12,"6.9","Primaria",6.9,704,0.20877135010234,4.78992926716141
"08","Merlo","0071PP0035","AMBA","Estatal","Oficial","2.Primaria",472,19,"7","Primaria",7,704,0.402204396931855,2.48629803062404
"05","Ezeiza","0130PP0005","AMBA","Estatal","Oficial","2.Primaria",823,28,"7.1","Primaria",7.1,704,0.701301310751942,1.42592062023639
"09","José C. Paz","0132PP0033","AMBA","Estatal","Oficial","2.Primaria",1347,44,"7.2","Primaria",7.2,704,1,1
"07","General San Martín","0045PP0003","AMBA","Estatal","Oficial","2.Primaria",576,24,"7.3","Primaria",7.3,704,0.4908257047304,2.03738310842803
"08","Morón","0100PP0008","AMBA","Estatal","Oficial","2.Primaria",341,20,"7.5","Primaria",7.5,704,0.290575634224073,3.44144478139163
"09","San Miguel","0131PP0021","AMBA","Estatal","Oficial","2.Primaria",1275,36,"7.8","Primaria",7.8,704,1,1
"08","Merlo","0071PP0016","AMBA","Estatal","Oficial","2.Primaria",668,24,"8","Primaria",8,704,0.569221477013727,1.75678543481219
"01","La Plata","0001PP0079","AMBA","Estatal","Oficial","2.Primaria",320,14,"8.3000000000000007","Primaria",8.3,704,0.272680947072444,3.66728959517045
"02","Avellaneda","0005PP0040","AMBA","Estatal","Oficial","2.Primaria",357,18,"8.3000000000000007","Primaria",8.3,704,0.304209681577696,3.28720635981665
"11","Campana","0015PP0019","AMBA","Estatal","Oficial","2.Primaria",460,18,"8.3000000000000007","Primaria",8.3,704,0.391978861416639,2.55115797924901
"04","Florencio Varela","0032PP0011","AMBA","Estatal","Oficial","2.Primaria",597,24,"8.3000000000000007","Primaria",8.3,704,0.508720391882029,1.96571636592051
"04","Florencio Varela","0032PP0035","AMBA","Estatal","Oficial","2.Primaria",1141,39,"8.3000000000000007","Primaria",8.3,704,0.972278001905184,1.02851241932914
"04","Florencio Varela","0032PP0045","AMBA","Estatal","Oficial","2.Primaria",896,28,"8.3000000000000007","Primaria",8.3,704,0.763506651802844,1.30974628398945
"04","Florencio Varela","0032PP0051","AMBA","Estatal","Oficial","2.Primaria",380,18,"8.3000000000000007","Primaria",8.3,704,0.323808624648527,3.08824386961722
"07","General San Martín","0045PP0006","AMBA","Estatal","Oficial","2.Primaria",338,12,"8.3000000000000007","Primaria",8.3,704,0.288019250345269,3.4719901492738
"11","Zárate","0047PP0009","AMBA","Estatal","Oficial","2.Primaria",562,24,"8.3000000000000007","Primaria",8.3,704,0.47889591329598,2.08813642429634
"06","Tigre","0055PP0035","AMBA","Estatal","Oficial","2.Primaria",392,19,"8.3000000000000007","Primaria",8.3,704,0.334034160163744,2.99370579197588
"01","Magdalena","0064PP0012","AMBA","Estatal","Oficial","2.Primaria",264,12,"8.3000000000000007","Primaria",8.3,704,0.224961781334766,4.44519950929752
"03","La Matanza","0069PP0103","AMBA","Estatal","Oficial","2.Primaria",735,27,"8.3000000000000007","Primaria",8.3,704,0.62631405030702,1.5966430890538
"10","Mercedes","0070PP0010","AMBA","Estatal","Oficial","2.Primaria",112,6,"8.3000000000000007","Primaria",8.3,704,0.0954383314753555,10.4779702719156
"08","Merlo","0071PP0078","AMBA","Estatal","Oficial","2.Primaria",637,21,"8.3000000000000007","Primaria",8.3,704,0.542805510266084,1.84228048736977
"09","Moreno","0073PP0054","AMBA","Estatal","Oficial","2.Primaria",352,12,"8.3000000000000007","Primaria",8.3,704,0.299949041779689,3.33389963197314
"11","Pilar","0083PP0024","AMBA","Estatal","Oficial","2.Primaria",714,24,"8.3000000000000007","Primaria",8.3,704,0.608419363155391,1.64360317990833
"04","Quilmes","0085PP0008","AMBA","Estatal","Oficial","2.Primaria",568,24,"8.3000000000000007","Primaria",8.3,704,0.484008681053588,2.06607864516645
"04","Quilmes","0085PP0087","AMBA","Estatal","Oficial","2.Primaria",539,20,"8.3000000000000007","Primaria",8.3,704,0.459296970225148,2.17724057598246
"06","San Isidro","0096PP0002","AMBA","Estatal","Oficial","2.Primaria",159,7,"8.3000000000000007","Primaria",8.3,704,0.135488345576621,7.38070861921098
"06","San Isidro","0096PP0027","AMBA","Estatal","Oficial","2.Primaria",145,6,"8.3000000000000007","Primaria",8.3,704,0.123558554142201,8.09332876175548
"08","Morón","0100PP0012","AMBA","Estatal","Oficial","2.Primaria",377,18,"8.3000000000000007","Primaria",8.3,704,0.321252240769723,3.11281875452134
"06","Vicente López","0109PP0006","AMBA","Estatal","Oficial","2.Primaria",117,6,"8.3000000000000007","Primaria",8.3,704,0.0996989712733624,10.0301937645688
"02","Lanús","0111PP0006","AMBA","Estatal","Oficial","2.Primaria",643,24,"8.3000000000000007","Primaria",8.3,704,0.547918278023693,1.82508968966492
"02","Lanús","0111PP0021","AMBA","Estatal","Oficial","2.Primaria",234,12,"8.3000000000000007","Primaria",8.3,704,0.199397942546725,5.01509688228438
"02","Lanús","0111PP0031","AMBA","Estatal","Oficial","2.Primaria",283,16,"8.3000000000000007","Primaria",8.3,704,0.241152212567193,4.14675855284292
"02","Lanús","0111PP0066","AMBA","Estatal","Oficial","2.Primaria",430,22,"8.3000000000000007","Primaria",8.3,704,0.366415022628597,2.72914574524313
"11","Escobar","0116PP0003","AMBA","Estatal","Oficial","2.Primaria",476,18,"8.3000000000000007","Primaria",8.3,704,0.405612908770261,2.46540476986249
"11","Escobar","0116PP0025","AMBA","Estatal","Oficial","2.Primaria",910,26,"8.3000000000000007","Primaria",8.3,704,0.775436443237263,1.28959634115884
"04","Berazategui","0119PP0030","AMBA","Estatal","Oficial","2.Primaria",409,16,"8.3000000000000007","Primaria",8.3,704,0.348520335476968,2.8692730328962
"09","San Miguel","0131PP0015","AMBA","Estatal","Oficial","2.Primaria",312,14,"8.3000000000000007","Primaria",8.3,704,0.265863923395633,3.76132266171329
"01","Punta Indio","0134PP0002","AMBA","Estatal","Oficial","2.Primaria",14,1,"8.3000000000000007","Primaria",8.3,704,0.0119297914344194,83.8237621753247
"03","La Matanza","0069PP0129","AMBA","Estatal","Oficial","2.Primaria",736,26,"8.5","Primaria",8.5,704,0.627166178266622,1.59447373703063
"06","San Fernando","0095PP0008","AMBA","Estatal","Oficial","2.Primaria",486,24,"9","Primaria",9,704,0.414134188366275,2.41467627665544
"02","Lanús","0111PP0049","AMBA","Estatal","Oficial","2.Primaria",288,12,"9.4","Primaria",9.4,704,0.2454128523652,4.07476621685606
"02","Avellaneda","0005PP0055","AMBA","Estatal","Oficial","2.Primaria",705,27,"9.6999999999999993","Primaria",9.7,704,0.600750211518979,1.66458534816248
"05","Esteban Echeverría","0030PP0007","AMBA","Estatal","Oficial","2.Primaria",828,25,"10","Primaria",10,704,0.705561950549949,1.41730998847167
"02","Avellaneda","0005PP0052","AMBA","Estatal","Oficial","2.Primaria",577,24,"10.4","Primaria",10.4,704,0.491677832690001,2.03385211517252
"09","San Miguel","0131PP0034","AMBA","Estatal","Oficial","2.Primaria",583,24,"10.6","Primaria",10.6,704,0.496790600447609,2.01292053251208
"05","Esteban Echeverría","0030PP0012","AMBA","Estatal","Oficial","2.Primaria",607,24,"10.8","Primaria",10.8,704,0.517241671478043,1.93333224127602
"02","Lanús","0111PP0042","AMBA","Estatal","Oficial","2.Primaria",225,12,"10.8","Primaria",10.8,704,0.191728790910312,5.21570075757576
"02","Avellaneda","0005PP0068","AMBA","Estatal","Oficial","2.Primaria",818,24,"11.1","Primaria",11.1,704,0.697040670953936,1.4346365164481
"04","Florencio Varela","0032PP0064","AMBA","Estatal","Oficial","2.Primaria",1177,36,"11.2","Primaria",11.2,704,1,1
"09","Malvinas Argentinas","0133PP0040","AMBA","Estatal","Oficial","2.Primaria",551,20,"11.2","Primaria",11.2,704,0.469522505740365,2.12982335835671
"07","General San Martín","0045PP0050","AMBA","Estatal","Oficial","2.Primaria",521,24,"11.5","Primaria",11.5,704,0.443958666952323,2.2524619394521
"07","Tres de Febrero","0117PP0045","AMBA","Estatal","Oficial","2.Primaria",520,24,"11.5","Primaria",11.5,704,0.443106538992722,2.25679359702797
"10","San Andrés de Giles","0093PP0001","AMBA","Estatal","Oficial","2.Primaria",421,18,"11.6","Primaria",11.6,704,0.358745870992184,2.78748852839559
"05","Ezeiza","0130PP0010","AMBA","Estatal","Oficial","2.Primaria",989,36,"11.6","Primaria",11.6,704,0.842754552045773,1.18658510662745
"11","Zárate","0047PP0037","AMBA","Estatal","Oficial","2.Primaria",365,12,"11.8","Primaria",11.8,704,0.311026705254507,3.21515800124533
"04","Quilmes","0085PP0048","AMBA","Estatal","Oficial","2.Primaria",548,24,"11.8","Primaria",11.8,704,0.466966121861561,2.14148297528202
"06","San Isidro","0096PP0018","AMBA","Estatal","Oficial","2.Primaria",466,24,"12","Primaria",12,704,0.397091629174247,2.5183104516192
"11","Pilar","0083PP0040","AMBA","Estatal","Oficial","2.Primaria",846,24,"12.5","Primaria",12.5,704,0.720900253822774,1.38715445680206
"04","Berazategui","0119PP0040","AMBA","Estatal","Oficial","2.Primaria",271,12,"12.5","Primaria",12.5,704,0.230926677051976,4.33037885776585
"03","La Matanza","0069PP0197","AMBA","Estatal","Oficial","2.Primaria",1175,36,"12.7","Primaria",12.7,704,1,1
"08","Ituzaingó","0136PP0001","AMBA","Estatal","Oficial","2.Primaria",584,25,"12.7","Primaria",12.7,704,0.497642728407211,2.00947375077833
"07","General San Martín","0045PP0044","AMBA","Estatal","Oficial","2.Primaria",184,12,"13.2","Primaria",13.2,704,0.156791544566655,6.37789494812253
"05","Esteban Echeverría","0030PP0024","AMBA","Estatal","Oficial","2.Primaria",484,18,"13.4","Primaria",13.4,704,0.412429932447072,2.42465427779865
"05","Almirante Brown","0004PP0065","AMBA","Estatal","Oficial","2.Primaria",434,13,"13.8","Primaria",13.8,704,0.369823534467002,2.70399232823628
"04","Quilmes","0085PP0024","AMBA","Estatal","Oficial","2.Primaria",199,12,"13.9","Primaria",13.9,704,0.169573463960676,5.89714909776153
"05","Presidente Perón","0129PP0001","AMBA","Estatal","Oficial","2.Primaria",989,30,"13.9","Primaria",13.9,704,0.842754552045773,1.18658510662745
"09","Moreno","0073PP0027","AMBA","Estatal","Oficial","2.Primaria",740,24,"14.2","Primaria",14.2,704,0.630574690105027,1.58585496007371
"06","San Fernando","0095PP0020","AMBA","Estatal","Oficial","2.Primaria",88,6,"14.3","Primaria",14.3,704,0.0749872604449222,13.3355985278926
"11","Pilar","0083PP0017","AMBA","Estatal","Oficial","2.Primaria",762,24,"14.6","Primaria",14.6,704,0.649321505216258,1.54006912133142
"06","Vicente López","0109PP0018","AMBA","Estatal","Oficial","2.Primaria",370,23,"14.8","Primaria",14.8,704,0.315287345052514,3.17170992014742
"11","Escobar","0116PP0016","AMBA","Estatal","Oficial","2.Primaria",565,20,"15","Primaria",15,704,0.481452297174784,2.07704897425583
"08","Ituzaingó","0136PP0002","AMBA","Estatal","Oficial","2.Primaria",450,23,"15.1","Primaria",15.1,704,0.383457581820625,2.60785037878788
"11","Campana","0015PP0021","AMBA","Estatal","Oficial","2.Primaria",167,6,"15.3","Primaria",15.3,704,0.142305369253432,7.02714173924877
"10","Marcos Paz","0067PP0005","AMBA","Estatal","Oficial","2.Primaria",572,20,"15.4","Primaria",15.4,704,0.487417192891994,2.0516305427527
"09","San Miguel","0131PP0023","AMBA","Estatal","Oficial","2.Primaria",755,27,"15.4","Primaria",15.4,704,0.643356609499048,1.55434790788681
"03","La Matanza","0069PP0104","AMBA","Estatal","Oficial","2.Primaria",192,8,"15.6","Primaria",15.6,704,0.163608568243467,6.11214932528409
"09","Moreno","0073PP0039","AMBA","Estatal","Oficial","2.Primaria",580,18,"15.7","Primaria",15.7,704,0.494234216568805,2.02333219043887
"05","Presidente Perón","0129PP0007","AMBA","Estatal","Oficial","2.Primaria",1137,38,"15.7","Primaria",15.7,704,0.968869490066778,1.03213075677621
"11","Campana","0015PP0018","AMBA","Estatal","Oficial","2.Primaria",346,13,"16","Primaria",16,704,0.29483627402208,3.39171292038886
"09","José C. Paz","0132PP0035","AMBA","Estatal","Oficial","2.Primaria",338,12,"16","Primaria",16,704,0.288019250345269,3.4719901492738
"09","Moreno","0073PP0063","AMBA","Estatal","Oficial","2.Primaria",762,20,"16.2","Primaria",16.2,704,0.649321505216258,1.54006912133142
"09","Moreno","0073PP0072","AMBA","Estatal","Oficial","2.Primaria",603,18,"16.2","Primaria",16.2,704,0.513833159639637,1.94615699909543
"04","Florencio Varela","0032PP0007","AMBA","Estatal","Oficial","2.Primaria",1316,42,"16.3","Primaria",16.3,704,1,1
"05","Ezeiza","0130PP0011","AMBA","Estatal","Oficial","2.Primaria",735,24,"16.3","Primaria",16.3,704,0.62631405030702,1.5966430890538
"01","La Plata","0001PP0061","AMBA","Estatal","Oficial","2.Primaria",958,26,"16.5","Primaria",16.5,704,0.81633858529813,1.22498191070412
"01","La Plata","0001PP0081","AMBA","Estatal","Oficial","2.Primaria",108,6,"16.7","Primaria",16.7,704,0.0920298196369499,10.8660432449495
"02","Avellaneda","0005PP0027","AMBA","Estatal","Oficial","2.Primaria",315,12,"16.7","Primaria",16.7,704,0.268420307274437,3.72550054112554
"02","Avellaneda","0005PP0032","AMBA","Estatal","Oficial","2.Primaria",686,25,"16.7","Primaria",16.7,704,0.584559780286552,1.71068902398622
"11","Campana","0015PP0013","AMBA","Estatal","Oficial","2.Primaria",467,18,"16.7","Primaria",16.7,704,0.397943757133848,2.51291792388554
"05","Esteban Echeverría","0030PP0054","AMBA","Estatal","Oficial","2.Primaria",680,24,"16.7","Primaria",16.7,704,0.579447012528944,1.72578333890374
"11","Exaltación de la Cruz","0031PP0012","AMBA","Estatal","Oficial","2.Primaria",486,18,"16.7","Primaria",16.7,704,0.414134188366275,2.41467627665544
"04","Florencio Varela","0032PP0020","AMBA","Estatal","Oficial","2.Primaria",552,24,"16.7","Primaria",16.7,704,0.470374633699966,2.12596498270751
"04","Florencio Varela","0032PP0026","AMBA","Estatal","Oficial","2.Primaria",816,28,"16.7","Primaria",16.7,704,0.695336415034733,1.43815278241979
"04","Florencio Varela","0032PP0044","AMBA","Estatal","Oficial","2.Primaria",808,24,"16.7","Primaria",16.7,704,0.688519391357922,1.45239191887939
"04","Florencio Varela","0032PP0048","AMBA","Estatal","Oficial","2.Primaria",348,12,"16.7","Primaria",16.7,704,0.296540529941283,3.37222031739812
"04","Florencio Varela","0032PP0061","AMBA","Estatal","Oficial","2.Primaria",767,24,"16.7","Primaria",16.7,704,0.653582145014265,1.5300295573071
"04","Florencio Varela","0032PP0067","AMBA","Estatal","Oficial","2.Primaria",656,24,"16.7","Primaria",16.7,704,0.558995941498511,1.78892175374169
"11","Zárate","0047PP0007","AMBA","Estatal","Oficial","2.Primaria",502,21,"16.7","Primaria",16.7,704,0.427768235719897,2.33771448297718
"11","Zárate","0047PP0026","AMBA","Estatal","Oficial","2.Primaria",471,18,"16.7","Primaria",16.7,704,0.401352268972254,2.49157679502027
"11","Zárate","0047PP0031","AMBA","Estatal","Oficial","2.Primaria",157,6,"16.7","Primaria",16.7,704,0.133784089657418,7.4747303850608
"10","General Las Heras","0057PP0001","AMBA","Estatal","Oficial","2.Primaria",497,24,"16.7","Primaria",16.7,704,0.42350759592189,2.36123273733309
"10","Luján","0063PP0009","AMBA","Estatal","Oficial","2.Primaria",714,24,"16.7","Primaria",16.7,704,0.608419363155391,1.64360317990833
"03","La Matanza","0069PP0066","AMBA","Estatal","Oficial","2.Primaria",801,27,"16.7","Primaria",16.7,704,0.682554495640712,1.4650844824651
"03","La Matanza","0069PP0172","AMBA","Estatal","Oficial","2.Primaria",789,32,"16.7","Primaria",16.7,704,0.672328960125495,1.48736713619081
"03","La Matanza","0069PP0185","AMBA","Estatal","Oficial","2.Primaria",582,20,"16.7","Primaria",16.7,704,0.495938472488008,2.01637915885661
"08","Merlo","0071PP0001","AMBA","Estatal","Oficial","2.Primaria",676,25,"16.7","Primaria",16.7,704,0.576038500690538,1.7359950746369
"08","Merlo","0071PP0026","AMBA","Estatal","Oficial","2.Primaria",641,24,"16.7","Primaria",16.7,704,0.54621402210449,1.83078419727698
"08","Merlo","0071PP0048","AMBA","Estatal","Oficial","2.Primaria",257,12,"16.7","Primaria",16.7,704,0.218996885617557,4.56627498231341
"09","Moreno","0073PP0036","AMBA","Estatal","Oficial","2.Primaria",496,22,"16.7","Primaria",16.7,704,0.422655467962288,2.36599328720675
"09","Moreno","0073PP0052","AMBA","Estatal","Oficial","2.Primaria",591,23,"16.7","Primaria",16.7,704,0.50360762412442,1.98567287724965
"04","Quilmes","0085PP0019","AMBA","Estatal","Oficial","2.Primaria",690,24,"16.7","Primaria",16.7,704,0.587968292124958,1.70077198616601
"04","Quilmes","0085PP0053","AMBA","Estatal","Oficial","2.Primaria",653,24,"16.7","Primaria",16.7,704,0.556439557619706,1.79714038354448
"04","Quilmes","0085PP0080","AMBA","Estatal","Oficial","2.Primaria",728,25,"16.7","Primaria",16.7,704,0.620349154589811,1.61199542644855
"06","San Fernando","0095PP0018","AMBA","Estatal","Oficial","2.Primaria",15,2,"16.7","Primaria",16.7,704,0.0127819193940208,78.2355113636364
"06","San Isidro","0096PP0004","AMBA","Estatal","Oficial","2.Primaria",263,16,"16.7","Primaria",16.7,704,0.224109653375165,4.46210140857242
"06","San Isidro","0096PP0024","AMBA","Estatal","Oficial","2.Primaria",259,15,"16.7","Primaria",16.7,704,0.22070114153676,4.53101417163917
"08","Morón","0100PP0071","AMBA","Estatal","Oficial","2.Primaria",435,18,"16.7","Primaria",16.7,704,0.370675662426604,2.6977762539185
"06","Vicente López","0109PP0007","AMBA","Estatal","Oficial","2.Primaria",147,6,"16.7","Primaria",16.7,704,0.125262810061404,7.98321544526902
"02","Lanús","0111PP0022","AMBA","Estatal","Oficial","2.Primaria",355,20,"16.7","Primaria",16.7,704,0.302505425658493,3.30572583226633
"11","Escobar","0116PP0015","AMBA","Estatal","Oficial","2.Primaria",523,19,"16.7","Primaria",16.7,704,0.445662922871526,2.24384831826873
"11","Escobar","0116PP0021","AMBA","Estatal","Oficial","2.Primaria",957,30,"16.7","Primaria",16.7,704,0.815486457338528,1.22626193359932
"07","Tres de Febrero","0117PP0028","AMBA","Estatal","Oficial","2.Primaria",518,24,"16.7","Primaria",16.7,704,0.441402283073519,2.26550708581959
"05","Presidente Perón","0129PP0006","AMBA","Estatal","Oficial","2.Primaria",493,14,"16.7","Primaria",16.7,704,0.420099084083484,2.38039081228103
"09","San Miguel","0131PP0033","AMBA","Estatal","Oficial","2.Primaria",361,18,"16.7","Primaria",16.7,704,0.307618193416101,3.25078302064971
"09","Malvinas Argentinas","0133PP0012","AMBA","Estatal","Oficial","2.Primaria",439,18,"16.7","Primaria",16.7,704,0.374084174265009,2.67319514909919
"07","Hurlingham","0135PP0002","AMBA","Estatal","Oficial","2.Primaria",371,18,"16.7","Primaria",16.7,704,0.316139473012115,3.1631608368047
"07","Hurlingham","0135PP0022","AMBA","Estatal","Oficial","2.Primaria",463,24,"16.7","Primaria",16.7,704,0.394535245295443,2.53462779795798
"04","Berazategui","0119PP0026","AMBA","Estatal","Oficial","2.Primaria",272,13,"17","Primaria",17,704,0.231778805011578,4.31445834725936
"03","La Matanza","0069PP0179","AMBA","Estatal","Oficial","2.Primaria",1077,36,"17.100000000000001","Primaria",17.1,704,0.917741812490695,1.08963107748797
"08","Ituzaingó","0136PP0017","AMBA","Estatal","Oficial","2.Primaria",377,18,"17.100000000000001","Primaria",17.1,704,0.321252240769723,3.11281875452134
"08","Merlo","0071PP0003","AMBA","Estatal","Oficial","2.Primaria",800,24,"17.399999999999999","Primaria",17.4,704,0.68170236768111,1.46691583806818
"08","Morón","0100PP0021","AMBA","Estatal","Oficial","2.Primaria",324,18,"17.600000000000001","Primaria",17.6,704,0.27608945891085,3.62201441498317
"03","La Matanza","0069PP0054","AMBA","Estatal","Oficial","2.Primaria",533,24,"17.7","Primaria",17.7,704,0.45418420246754,2.201749850759
"11","Escobar","0116PP0014","AMBA","Estatal","Oficial","2.Primaria",559,20,"17.899999999999999","Primaria",17.9,704,0.476339529417176,2.09934288095625
"01","Punta Indio","0134PP0008","AMBA","Estatal","Oficial","2.Primaria",77,6,"18.100000000000001","Primaria",18.1,704,0.0656138528893069,15.2406840318772
"05","Almirante Brown","0004PP0075","AMBA","Estatal","Oficial","2.Primaria",299,15,"18.600000000000001","Primaria",18.6,704,0.254786259920815,3.92485842961386
"04","Berazategui","0119PP0004","AMBA","Estatal","Oficial","2.Primaria",579,24,"18.7","Primaria",18.7,704,0.493382088609204,2.02682671926519
"04","Florencio Varela","0032PP0014","AMBA","Estatal","Oficial","2.Primaria",474,19,"18.8","Primaria",18.8,704,0.403908652851058,2.47580732163406
"03","La Matanza","0069PP0043","AMBA","Estatal","Oficial","2.Primaria",302,12,"18.8","Primaria",18.8,704,0.257342643799619,3.88586976971704
"02","Lanús","0111PP0055","AMBA","Estatal","Oficial","2.Primaria",279,12,"18.8","Primaria",18.8,704,0.237743700728787,4.20621028836755
"04","Berazategui","0119PP0010","AMBA","Estatal","Oficial","2.Primaria",752,24,"18.8","Primaria",18.8,704,0.640800225620244,1.56054876390232
"01","Berisso","0113PP0020","AMBA","Estatal","Oficial","2.Primaria",115,7,"19","Primaria",19,704,0.0979947153541596,10.204631916996
"05","San Vicente","0099PP0023","AMBA","Estatal","Oficial","2.Primaria",591,24,"19.3","Primaria",19.3,704,0.50360762412442,1.98567287724965
"10","Navarro","0074PP0007","AMBA","Estatal","Oficial","2.Primaria",131,6,"19.399999999999999","Primaria",19.4,704,0.111628762707782,8.95826465995836
"09","San Miguel","0131PP0008","AMBA","Estatal","Oficial","2.Primaria",257,12,"19.399999999999999","Primaria",19.4,704,0.218996885617557,4.56627498231341
"11","Campana","0015PP0016","AMBA","Estatal","Oficial","2.Primaria",496,21,"19.8","Primaria",19.8,704,0.422655467962288,2.36599328720675
"05","Ezeiza","0130PP0001","AMBA","Estatal","Oficial","2.Primaria",676,24,"19.8","Primaria",19.8,704,0.576038500690538,1.7359950746369
"02","Lomas de Zamora","0062PP0081","AMBA","Estatal","Oficial","2.Primaria",319,15,"20","Primaria",20,704,0.271828819112843,3.67878580079795
"07","General San Martín","0045PP0085","AMBA","Estatal","Oficial","2.Primaria",627,28,"20.100000000000001","Primaria",20.1,704,0.53428423067007,1.87166295128317
"08","Merlo","0071PP0008","AMBA","Estatal","Oficial","2.Primaria",545,24,"20.100000000000001","Primaria",20.1,704,0.464409737982757,2.15327095496247
"04","Florencio Varela","0032PP0003","AMBA","Estatal","Oficial","2.Primaria",868,28,"20.2","Primaria",20.2,704,0.739647068934005,1.35199616411814
"08","Morón","0100PP0048","AMBA","Estatal","Oficial","2.Primaria",430,22,"20.3","Primaria",20.3,704,0.366415022628597,2.72914574524313
"09","San Miguel","0131PP0032","AMBA","Estatal","Oficial","2.Primaria",618,20,"20.399999999999999","Primaria",20.4,704,0.526615079033658,1.89892017872904
"06","Tigre","0055PP0027","AMBA","Estatal","Oficial","2.Primaria",393,20,"20.6","Primaria",20.6,704,0.334886288123346,2.98608821998612
"09","José C. Paz","0132PP0038","AMBA","Estatal","Oficial","2.Primaria",581,21,"20.6","Primaria",20.6,704,0.495086344528406,2.01984969097168
"06","Tigre","0055PP0048","AMBA","Estatal","Oficial","2.Primaria",353,18,"20.8","Primaria",20.8,704,0.30080116973929,3.32445515709503
"04","Quilmes","0085PP0057","AMBA","Estatal","Oficial","2.Primaria",562,22,"20.8","Primaria",20.8,704,0.47889591329598,2.08813642429634
"04","Berazategui","0119PP0027","AMBA","Estatal","Oficial","2.Primaria",462,19,"21.1","Primaria",21.1,704,0.393683117335841,2.54011400531287
"06","San Isidro","0096PP0016","AMBA","Estatal","Oficial","2.Primaria",516,24,"21.2","Primaria",21.2,704,0.439698027154316,2.27428812103594
"09","Moreno","0073PP0051","AMBA","Estatal","Oficial","2.Primaria",778,18,"21.3","Primaria",21.3,704,0.66295555256988,1.50839674865623
"05","Almirante Brown","0004PP0018","AMBA","Estatal","Oficial","2.Primaria",513,24,"21.5","Primaria",21.5,704,0.437141643275512,2.28758805156831
"11","Escobar","0116PP0024","AMBA","Estatal","Oficial","2.Primaria",654,24,"21.5","Primaria",21.5,704,0.557291685579308,1.79439246246872
"04","Quilmes","0085PP0011","AMBA","Estatal","Oficial","2.Primaria",876,33,"21.7","Primaria",21.7,704,0.746464092610816,1.33964916718555
"04","Berazategui","0119PP0017","AMBA","Estatal","Oficial","2.Primaria",386,17,"21.8","Primaria",21.8,704,0.328921392406136,3.04024007889779
"02","Avellaneda","0005PP0069","AMBA","Estatal","Oficial","2.Primaria",637,24,"22.2","Primaria",22.2,704,0.542805510266084,1.84228048736977
"07","General San Martín","0045PP0005","AMBA","Estatal","Oficial","2.Primaria",247,12,"22.2","Primaria",22.2,704,0.210475606021543,4.75114441479573
"11","Escobar","0116PP0001","AMBA","Estatal","Oficial","2.Primaria",695,25,"22.3","Primaria",22.3,704,0.592228931922965,1.68853621648136
"06","Tigre","0055PP0031","AMBA","Estatal","Oficial","2.Primaria",575,24,"22.6","Primaria",22.6,704,0.489973576770798,2.04092638339921
"03","La Matanza","0069PP0121","AMBA","Estatal","Oficial","2.Primaria",629,24,"22.9","Primaria",22.9,704,0.535988486589273,1.86571171773378
"03","La Matanza","0069PP0158","AMBA","Estatal","Oficial","2.Primaria",596,24,"22.9","Primaria",22.9,704,0.507868263922427,1.96901454774253
"06","Tigre","0055PP0050","AMBA","Estatal","Oficial","2.Primaria",396,18,"23.1","Primaria",23.1,704,0.33744267200215,2.96346633953168
"09","San Miguel","0131PP0022","AMBA","Estatal","Oficial","2.Primaria",440,18,"23.1","Primaria",23.1,704,0.374936302224611,2.66711970557851
"05","San Vicente","0099PP0028","AMBA","Estatal","Oficial","2.Primaria",776,24,"23.3","Primaria",23.3,704,0.661251296650677,1.51228436914246
"02","Lomas de Zamora","0062PP0094","AMBA","Estatal","Oficial","2.Primaria",1022,34,"23.5","Primaria",23.5,704,0.870874774712619,1.14827071473047
"04","Florencio Varela","0032PP0057","AMBA","Estatal","Oficial","2.Primaria",655,24,"23.6","Primaria",23.6,704,0.558143813538909,1.79165293199167
"08","Merlo","0071PP0024","AMBA","Estatal","Oficial","2.Primaria",607,24,"23.6","Primaria",23.6,704,0.517241671478043,1.93333224127602
"02","Lanús","0111PP0010","AMBA","Estatal","Oficial","2.Primaria",401,18,"23.6","Primaria",23.6,704,0.341703311800157,2.9265153876672
"09","Malvinas Argentinas","0133PP0030","AMBA","Estatal","Oficial","2.Primaria",454,25,"23.6","Primaria",23.6,704,0.38686609365903,2.58487372346816
"04","Berazategui","0119PP0001","AMBA","Estatal","Oficial","2.Primaria",689,25,"23.7","Primaria",23.7,704,0.587116164165356,1.70324045058715
"01","La Plata","0001PP0063","AMBA","Estatal","Oficial","2.Primaria",688,24,"24","Primaria",24,704,0.586264036205755,1.70571609077696
"07","General San Martín","0045PP0075","AMBA","Estatal","Oficial","2.Primaria",579,24,"24","Primaria",24,704,0.493382088609204,2.02682671926519
"11","Escobar","0116PP0013","AMBA","Estatal","Oficial","2.Primaria",764,32,"24","Primaria",24,704,0.651025761135461,1.53603752677297
"09","José C. Paz","0132PP0034","AMBA","Estatal","Oficial","2.Primaria",584,24,"24","Primaria",24,704,0.497642728407211,2.00947375077833
"11","Pilar","0083PP0025","AMBA","Estatal","Oficial","2.Primaria",520,18,"24.1","Primaria",24.1,704,0.443106538992722,2.25679359702797
"02","Avellaneda","0005PP0010","AMBA","Estatal","Oficial","2.Primaria",529,24,"24.3","Primaria",24.3,704,0.450775690629134,2.21839824282523
"08","Merlo","0071PP0066","AMBA","Estatal","Oficial","2.Primaria",699,24,"24.3","Primaria",24.3,704,0.59563744376137,1.6788736344128
"03","La Matanza","0069PP0022","AMBA","Estatal","Oficial","2.Primaria",518,24,"24.4","Primaria",24.4,704,0.441402283073519,2.26550708581959
"06","San Fernando","0095PP0037","AMBA","Estatal","Oficial","2.Primaria",504,30,"24.4","Primaria",24.4,704,0.4294724916391,2.32843783820346
"04","Florencio Varela","0032PP0016","AMBA","Estatal","Oficial","2.Primaria",527,19,"24.6","Primaria",24.6,704,0.449071434709932,2.2268172114887
"04","Florencio Varela","0032PP0009","AMBA","Estatal","Oficial","2.Primaria",745,26,"24.7","Primaria",24.7,704,0.634835329903034,1.57521163819402
"11","Pilar","0083PP0039","AMBA","Estatal","Oficial","2.Primaria",661,24,"24.7","Primaria",24.7,704,0.563256581296518,1.77538981914455
"04","Berazategui","0119PP0013","AMBA","Estatal","Oficial","2.Primaria",539,24,"24.7","Primaria",24.7,704,0.459296970225148,2.17724057598246
"09","Moreno","0073PP0043","AMBA","Estatal","Oficial","2.Primaria",666,18,"24.8","Primaria",24.8,704,0.567517221094525,1.76206106674857
"05","Almirante Brown","0004PP0052","AMBA","Estatal","Oficial","2.Primaria",420,19,"25","Primaria",25,704,0.357893743032583,2.79412540584416
"01","Brandsen","0014PP0019","AMBA","Estatal","Oficial","2.Primaria",238,12,"25","Primaria",25,704,0.20280645438513,4.93080953972498
"11","Campana","0015PP0010","AMBA","Estatal","Oficial","2.Primaria",410,20,"25","Primaria",25,704,0.349372463436569,2.8622748059867
"04","Florencio Varela","0032PP0010","AMBA","Estatal","Oficial","2.Primaria",618,24,"25","Primaria",25,704,0.526615079033658,1.89892017872904
"04","Florencio Varela","0032PP0027","AMBA","Estatal","Oficial","2.Primaria",593,22,"25","Primaria",25,704,0.505311880043623,1.97897583550514
"04","Florencio Varela","0032PP0049","AMBA","Estatal","Oficial","2.Primaria",548,18,"25","Primaria",25,704,0.466966121861561,2.14148297528202
"04","Florencio Varela","0032PP0059","AMBA","Estatal","Oficial","2.Primaria",707,24,"25","Primaria",25,704,0.602454467438181,1.6598764787193
"07","General San Martín","0045PP0037","AMBA","Estatal","Oficial","2.Primaria",724,30,"25","Primaria",25,704,0.616940642751405,1.62090147852838
"11","Zárate","0047PP0003","AMBA","Estatal","Oficial","2.Primaria",499,20,"25","Primaria",25,704,0.425211851841093,2.35176887866642
"11","Zárate","0047PP0029","AMBA","Estatal","Oficial","2.Primaria",398,15,"25","Primaria",25,704,0.339146927921352,2.94857454888077
"02","Lomas de Zamora","0062PP0062","AMBA","Estatal","Oficial","2.Primaria",263,12,"25","Primaria",25,704,0.224109653375165,4.46210140857242
"03","La Matanza","0069PP0020","AMBA","Estatal","Oficial","2.Primaria",260,12,"25","Primaria",25,704,0.221553269496361,4.51358719405594
"03","La Matanza","0069PP0075","AMBA","Estatal","Oficial","2.Primaria",552,24,"25","Primaria",25,704,0.470374633699966,2.12596498270751
"03","La Matanza","0069PP0101","AMBA","Estatal","Oficial","2.Primaria",200,12,"25","Primaria",25,704,0.170425591920278,5.86766335227273
"03","La Matanza","0069PP0106","AMBA","Estatal","Oficial","2.Primaria",1361,36,"25","Primaria",25,704,1,1
"08","Merlo","0071PP0004","AMBA","Estatal","Oficial","2.Primaria",862,31,"25","Primaria",25,704,0.734534301176397,1.36140681027209
"08","Merlo","0071PP0055","AMBA","Estatal","Oficial","2.Primaria",743,27,"25","Primaria",25,704,0.633131073983831,1.5794517771932
"08","Merlo","0071PP0075","AMBA","Estatal","Oficial","2.Primaria",458,18,"25","Primaria",25,704,0.390274605497436,2.56229840710599
"09","Moreno","0073PP0033","AMBA","Estatal","Oficial","2.Primaria",509,18,"25","Primaria",25,704,0.433733131437107,2.30556516788712
"11","Pilar","0083PP0013","AMBA","Estatal","Oficial","2.Primaria",666,24,"25","Primaria",25,704,0.567517221094525,1.76206106674857
"04","Quilmes","0085PP0020","AMBA","Estatal","Oficial","2.Primaria",543,24,"25","Primaria",25,704,0.462705482063554,2.16120197137117
"04","Quilmes","0085PP0032","AMBA","Estatal","Oficial","2.Primaria",916,36,"25","Primaria",25,704,0.780549210994872,1.281149203553
"04","Quilmes","0085PP0055","AMBA","Estatal","Oficial","2.Primaria",464,24,"25","Primaria",25,704,0.395387373255044,2.52916523804859
"10","San Andrés de Giles","0093PP0012","AMBA","Estatal","Oficial","2.Primaria",215,12,"25","Primaria",25,704,0.183207511314298,5.45829149048626
"06","San Fernando","0095PP0005","AMBA","Estatal","Oficial","2.Primaria",426,18,"25","Primaria",25,704,0.363006510790191,2.7547715268886
"06","San Fernando","0095PP0009","AMBA","Estatal","Oficial","2.Primaria",535,24,"25","Primaria",25,704,0.455888458386743,2.19351901019541
"06","San Fernando","0095PP0022","AMBA","Estatal","Oficial","2.Primaria",251,12,"25","Primaria",25,704,0.213884117859948,4.67542896595436
"05","San Vicente","0099PP0015","AMBA","Estatal","Oficial","2.Primaria",849,30,"25","Primaria",25,704,0.723456637701579,1.38225285094764
"08","Morón","0100PP0105","AMBA","Estatal","Oficial","2.Primaria",149,6,"25","Primaria",25,704,0.126967065980607,7.8760581909701
"02","Lanús","0111PP0032","AMBA","Estatal","Oficial","2.Primaria",373,17,"25","Primaria",25,704,0.317843728931318,3.14620018888618
"02","Lanús","0111PP0069","AMBA","Estatal","Oficial","2.Primaria",217,12,"25","Primaria",25,704,0.184911767233501,5.40798465647256
"07","Tres de Febrero","0117PP0047","AMBA","Estatal","Oficial","2.Primaria",89,6,"25","Primaria",25,704,0.0758393884045235,13.1857603421859
"04","Berazategui","0119PP0031","AMBA","Estatal","Oficial","2.Primaria",852,30,"25","Primaria",25,704,0.726013021580383,1.3773857634443
"05","Ezeiza","0130PP0020","AMBA","Estatal","Oficial","2.Primaria",627,24,"25","Primaria",25,704,0.53428423067007,1.87166295128317
"09","Malvinas Argentinas","0133PP0003","AMBA","Estatal","Oficial","2.Primaria",316,12,"25","Primaria",25,704,0.269272435234039,3.71371098245109
"07","Hurlingham","0135PP0024","AMBA","Estatal","Oficial","2.Primaria",280,12,"25","Primaria",25,704,0.238595828688389,4.19118810876623
"04","Florencio Varela","0032PP0063","AMBA","Estatal","Oficial","2.Primaria",609,24,"25.3","Primaria",25.3,704,0.518945927397245,1.92698303851321
"09","Malvinas Argentinas","0133PP0021","AMBA","Estatal","Oficial","2.Primaria",615,24,"25.3","Primaria",25.3,704,0.524058695154854,1.90818320399113
"09","Moreno","0073PP0079","AMBA","Estatal","Oficial","2.Primaria",554,24,"25.7","Primaria",25.7,704,0.472078889619169,2.11829001887102
"06","Tigre","0055PP0015","AMBA","Estatal","Oficial","2.Primaria",710,36,"25.8","Primaria",25.8,704,0.605010851316986,1.65286291613316
"05","Almirante Brown","0004PP0068","AMBA","Estatal","Oficial","2.Primaria",663,24,"26","Primaria",26,704,0.56496083721572,1.77003419374743
"05","Ezeiza","0130PP0003","AMBA","Estatal","Oficial","2.Primaria",344,12,"26","Primaria",26,704,0.293132018102877,3.41143218155391
"02","Avellaneda","0005PP0018","AMBA","Estatal","Oficial","2.Primaria",426,25,"26.4","Primaria",26.4,704,0.363006510790191,2.7547715268886
"09","Moreno","0073PP0018","AMBA","Estatal","Oficial","2.Primaria",517,24,"26.4","Primaria",26.4,704,0.440550155113918,2.26988911113065
"02","Lanús","0111PP0072","AMBA","Estatal","Oficial","2.Primaria",257,12,"26.4","Primaria",26.4,704,0.218996885617557,4.56627498231341
"03","La Matanza","0069PP0105","AMBA","Estatal","Oficial","2.Primaria",764,36,"26.6","Primaria",26.6,704,0.651025761135461,1.53603752677297
"06","Tigre","0055PP0020","AMBA","Estatal","Oficial","2.Primaria",526,25,"26.7","Primaria",26.7,704,0.44821930675033,2.23105070428621
"07","Tres de Febrero","0117PP0004","AMBA","Estatal","Oficial","2.Primaria",207,12,"26.7","Primaria",26.7,704,0.176390487637487,5.66923995388669
"09","Moreno","0073PP0019","AMBA","Estatal","Oficial","2.Primaria",932,34,"26.8","Primaria",26.8,704,0.794183258348494,1.2591552258096
"04","Florencio Varela","0032PP0038","AMBA","Estatal","Oficial","2.Primaria",499,18,"26.9","Primaria",26.9,704,0.425211851841093,2.35176887866642
"01","La Plata","0001PP0017","AMBA","Estatal","Oficial","2.Primaria",296,12,"27.1","Primaria",27.1,704,0.252229876042011,3.96463740018428
"05","Esteban Echeverría","0030PP0018","AMBA","Estatal","Oficial","2.Primaria",712,24,"27.1","Primaria",27.1,704,0.606715107236188,1.64822004277324
"04","Quilmes","0085PP0071","AMBA","Estatal","Oficial","2.Primaria",608,24,"27.1","Primaria",27.1,704,0.518093799437644,1.93015241851077
"08","Merlo","0071PP0011","AMBA","Estatal","Oficial","2.Primaria",395,19,"27.2","Primaria",27.2,704,0.336590544042548,2.97096878596087
"03","La Matanza","0069PP0108","AMBA","Estatal","Oficial","2.Primaria",676,24,"27.4","Primaria",27.4,704,0.576038500690538,1.7359950746369
"02","Lomas de Zamora","0062PP0029","AMBA","Estatal","Oficial","2.Primaria",487,20,"27.5","Primaria",27.5,704,0.414986316325876,2.40971800914691
"01","Magdalena","0064PP0009","AMBA","Estatal","Oficial","2.Primaria",171,6,"27.8","Primaria",27.8,704,0.145713881091837,6.86276415470494
"08","Merlo","0071PP0034","AMBA","Estatal","Oficial","2.Primaria",475,24,"27.9","Primaria",27.9,704,0.404760780810659,2.47059509569378
"11","Escobar","0116PP0005","AMBA","Estatal","Oficial","2.Primaria",923,32,"27.9","Primaria",27.9,704,0.786514106712081,1.27143301241013
"09","Moreno","0073PP0042","AMBA","Estatal","Oficial","2.Primaria",614,24,"28.1","Primaria",28.1,704,0.523206567195252,1.91129099422564
"05","Presidente Perón","0129PP0013","AMBA","Estatal","Oficial","2.Primaria",824,28,"28.1","Primaria",28.1,704,0.702153438711544,1.42419013404678
"04","Florencio Varela","0032PP0002","AMBA","Estatal","Oficial","2.Primaria",467,18,"28.2","Primaria",28.2,704,0.397943757133848,2.51291792388554
"09","Malvinas Argentinas","0133PP0010","AMBA","Estatal","Oficial","2.Primaria",350,18,"28.4","Primaria",28.4,704,0.298244785860486,3.35295048701299
"08","Merlo","0071PP0069","AMBA","Estatal","Oficial","2.Primaria",722,26,"28.5","Primaria",28.5,704,0.615236386832202,1.62539151032486
"04","Quilmes","0085PP0081","AMBA","Estatal","Oficial","2.Primaria",486,18,"28.5","Primaria",28.5,704,0.414134188366275,2.41467627665544
"05","Esteban Echeverría","0030PP0008","AMBA","Estatal","Oficial","2.Primaria",578,24,"28.8","Primaria",28.8,704,0.492529960649602,2.03033333988676
"05","Presidente Perón","0129PP0005","AMBA","Estatal","Oficial","2.Primaria",825,24,"28.8","Primaria",28.8,704,0.703005566671145,1.42246384297521
"02","Lanús","0111PP0077","AMBA","Estatal","Oficial","2.Primaria",592,26,"29","Primaria",29,704,0.504459752084022,1.98231870009214
"07","General San Martín","0045PP0009","AMBA","Estatal","Oficial","2.Primaria",547,24,"29.2","Primaria",29.2,704,0.466113993901959,2.14539793501745
"08","Merlo","0071PP0025","AMBA","Estatal","Oficial","2.Primaria",680,24,"29.2","Primaria",29.2,704,0.579447012528944,1.72578333890374
"02","Lanús","0111PP0050","AMBA","Estatal","Oficial","2.Primaria",306,12,"29.2","Primaria",29.2,704,0.260751155638025,3.83507408645276
"04","Florencio Varela","0032PP0050","AMBA","Estatal","Oficial","2.Primaria",683,24,"29.5","Primaria",29.5,704,0.582003396407748,1.71820303141222
"06","Tigre","0055PP0052","AMBA","Estatal","Oficial","2.Primaria",442,18,"29.6","Primaria",29.6,704,0.376640558143814,2.65505129062114
"01","La Plata","0001PP0013","AMBA","Estatal","Oficial","2.Primaria",550,16,"29.7","Primaria",29.7,704,0.468670377780763,2.13369576446281
"09","José C. Paz","0132PP0006","AMBA","Estatal","Oficial","2.Primaria",966,34,"29.7","Primaria",29.7,704,0.823155608974941,1.21483713297572
"02","Avellaneda","0005PP0033","AMBA","Estatal","Oficial","2.Primaria",289,12,"29.9","Primaria",29.9,704,0.246264980324801,4.06066667977351
"01","La Plata","0001PP0068","AMBA","Estatal","Oficial","2.Primaria",398,18,"30.1","Primaria",30.1,704,0.339146927921352,2.94857454888077
"10","General Rodríguez","0044PP0002","AMBA","Estatal","Oficial","2.Primaria",580,21,"30.4","Primaria",30.4,704,0.494234216568805,2.02333219043887
"11","Campana","0015PP0022","AMBA","Estatal","Oficial","2.Primaria",347,18,"30.6","Primaria",30.6,704,0.295688401981682,3.3819385315693
"03","La Matanza","0069PP0202","AMBA","Estatal","Oficial","2.Primaria",1221,30,"30.6","Primaria",30.6,704,1,1
"08","Merlo","0071PP0039","AMBA","Estatal","Oficial","2.Primaria",668,24,"30.6","Primaria",30.6,704,0.569221477013727,1.75678543481219
"11","Pilar","0083PP0022","AMBA","Estatal","Oficial","2.Primaria",538,18,"30.6","Primaria",30.6,704,0.458444842265547,2.1812874915512
"09","San Miguel","0131PP0016","AMBA","Estatal","Oficial","2.Primaria",400,18,"30.6","Primaria",30.6,704,0.340851183840555,2.93383167613636
"02","Avellaneda","0005PP0021","AMBA","Estatal","Oficial","2.Primaria",694,24,"30.9","Primaria",30.9,704,0.591376803963363,1.69096926578465
"05","Esteban Echeverría","0030PP0043","AMBA","Estatal","Oficial","2.Primaria",520,18,"31","Primaria",31,704,0.443106538992722,2.25679359702797
"05","Presidente Perón","0129PP0002","AMBA","Estatal","Oficial","2.Primaria",690,19,"31.1","Primaria",31.1,704,0.587968292124958,1.70077198616601
"09","José C. Paz","0132PP0030","AMBA","Estatal","Oficial","2.Primaria",757,24,"31.1","Primaria",31.1,704,0.645060865418251,1.55024130839438
"03","La Matanza","0069PP0140","AMBA","Estatal","Oficial","2.Primaria",559,24,"31.2","Primaria",31.2,704,0.476339529417176,2.09934288095625
"05","Esteban Echeverría","0030PP0039","AMBA","Estatal","Oficial","2.Primaria",857,26,"31.4","Primaria",31.4,704,0.73027366137839,1.36934967380927
"09","San Miguel","0131PP0010","AMBA","Estatal","Oficial","2.Primaria",450,24,"31.6","Primaria",31.6,704,0.383457581820625,2.60785037878788
"01","La Plata","0001PP0073","AMBA","Estatal","Oficial","2.Primaria",196,6,"31.9","Primaria",31.9,704,0.167017080081872,5.98741158395176
"04","Florencio Varela","0032PP0062","AMBA","Estatal","Oficial","2.Primaria",597,24,"31.9","Primaria",31.9,704,0.508720391882029,1.96571636592051
"08","Merlo","0071PP0071","AMBA","Estatal","Oficial","2.Primaria",660,24,"31.9","Primaria",31.9,704,0.562404453336916,1.77807980371901
"02","Avellaneda","0005PP0051","AMBA","Estatal","Oficial","2.Primaria",579,24,"32.1","Primaria",32.1,704,0.493382088609204,2.02682671926519
"08","Merlo","0071PP0017","AMBA","Estatal","Oficial","2.Primaria",781,28,"32.1","Primaria",32.1,704,0.665511936448684,1.50260265103015
"05","Ezeiza","0130PP0019","AMBA","Estatal","Oficial","2.Primaria",973,32,"32.200000000000003","Primaria",32.2,704,0.829120504692151,1.20609729748669
"10","General Rodríguez","0044PP0005","AMBA","Estatal","Oficial","2.Primaria",359,16,"32.299999999999997","Primaria",32.3,704,0.305913937496898,3.26889323246392
"09","Moreno","0073PP0057","AMBA","Estatal","Oficial","2.Primaria",652,18,"32.4","Primaria",32.4,704,0.555587429660105,1.79989673382599
"03","La Matanza","0069PP0127","AMBA","Estatal","Oficial","2.Primaria",729,24,"32.5","Primaria",32.5,704,0.621201282549412,1.60978418443696
"02","Avellaneda","0005PP0016","AMBA","Estatal","Oficial","2.Primaria",553,24,"32.6","Primaria",32.6,704,0.471226761659568,2.12212056140062
"05","Almirante Brown","0004PP0032","AMBA","Estatal","Oficial","2.Primaria",351,15,"32.700000000000003","Primaria",32.7,704,0.299096913820087,3.34339792152292
"07","General San Martín","0045PP0007","AMBA","Estatal","Oficial","2.Primaria",413,20,"32.9","Primaria",32.9,704,0.351928847315373,2.84148346357033
"02","Avellaneda","0005PP0050","AMBA","Estatal","Oficial","2.Primaria",502,24,"33.299999999999997","Primaria",33.3,704,0.427768235719897,2.33771448297718
"10","Cañuelas","0016PP0025","AMBA","Estatal","Oficial","2.Primaria",410,13,"33.299999999999997","Primaria",33.3,704,0.349372463436569,2.8622748059867
"04","Florencio Varela","0032PP0024","AMBA","Estatal","Oficial","2.Primaria",314,12,"33.299999999999997","Primaria",33.3,704,0.267568179314836,3.7373651925304
"04","Florencio Varela","0032PP0037","AMBA","Estatal","Oficial","2.Primaria",311,12,"33.299999999999997","Primaria",33.3,704,0.265011795436032,3.77341694679918
"10","General Rodríguez","0044PP0015","AMBA","Estatal","Oficial","2.Primaria",779,21,"33.299999999999997","Primaria",33.3,704,0.663807680529481,1.50646042420352
"07","General San Martín","0045PP0024","AMBA","Estatal","Oficial","2.Primaria",488,24,"33.299999999999997","Primaria",33.3,704,0.415838444285477,2.40478006240686
"07","General San Martín","0045PP0086","AMBA","Estatal","Oficial","2.Primaria",418,20,"33.299999999999997","Primaria",33.3,704,0.35618948711338,2.80749442692475
"02","Lomas de Zamora","0062PP0065","AMBA","Estatal","Oficial","2.Primaria",624,24,"33.299999999999997","Primaria",33.3,704,0.531727846791266,1.88066133085664
"01","Magdalena","0064PP0001","AMBA","Estatal","Oficial","2.Primaria",497,18,"33.299999999999997","Primaria",33.3,704,0.42350759592189,2.36123273733309
"03","La Matanza","0069PP0061","AMBA","Estatal","Oficial","2.Primaria",233,12,"33.299999999999997","Primaria",33.3,704,0.198545814587123,5.03662090323839
"03","La Matanza","0069PP0107","AMBA","Estatal","Oficial","2.Primaria",839,30,"33.299999999999997","Primaria",33.3,704,0.714935358105565,1.39872785513057
"03","La Matanza","0069PP0138","AMBA","Estatal","Oficial","2.Primaria",804,24,"33.299999999999997","Primaria",33.3,704,0.685110879519516,1.45961774932157
"03","La Matanza","0069PP0187","AMBA","Estatal","Oficial","2.Primaria",661,24,"33.299999999999997","Primaria",33.3,704,0.563256581296518,1.77538981914455
"08","Merlo","0071PP0051","AMBA","Estatal","Oficial","2.Primaria",207,8,"33.299999999999997","Primaria",33.3,704,0.176390487637487,5.66923995388669
"09","Moreno","0073PP0061","AMBA","Estatal","Oficial","2.Primaria",651,21,"33.299999999999997","Primaria",33.3,704,0.554735301700504,1.80266155215752
"11","Pilar","0083PP0034","AMBA","Estatal","Oficial","2.Primaria",706,21,"33.299999999999997","Primaria",33.3,704,0.60160233947858,1.66222757854751
"02","Lanús","0111PP0025","AMBA","Estatal","Oficial","2.Primaria",202,12,"33.299999999999997","Primaria",33.3,704,0.17212984783948,5.80956767551755
"04","Berazategui","0119PP0018","AMBA","Estatal","Oficial","2.Primaria",272,15,"33.299999999999997","Primaria",33.3,704,0.231778805011578,4.31445834725936
"07","Hurlingham","0135PP0004","AMBA","Estatal","Oficial","2.Primaria",333,16,"33.299999999999997","Primaria",33.3,704,0.283758610547262,3.52412213349713
"04","Quilmes","0085PP0059","AMBA","Estatal","Oficial","2.Primaria",519,20,"33.5","Primaria",33.5,704,0.44225441103312,2.26114194692591
"11","Escobar","0116PP0018","AMBA","Estatal","Oficial","2.Primaria",520,24,"33.5","Primaria",33.5,704,0.443106538992722,2.25679359702797
"02","Avellaneda","0005PP0046","AMBA","Estatal","Oficial","2.Primaria",558,24,"33.700000000000003","Primaria",33.7,704,0.475487401457575,2.10310514418377
"04","Quilmes","0085PP0076","AMBA","Estatal","Oficial","2.Primaria",454,18,"33.799999999999997","Primaria",33.8,704,0.38686609365903,2.58487372346816
"08","Merlo","0071PP0022","AMBA","Estatal","Oficial","2.Primaria",275,13,"34","Primaria",34,704,0.234335188890382,4.26739152892562
"05","Ezeiza","0130PP0002","AMBA","Estatal","Oficial","2.Primaria",972,33,"34","Primaria",34,704,0.828268376732549,1.20733813832772
"02","Lomas de Zamora","0062PP0059","AMBA","Estatal","Oficial","2.Primaria",429,18,"34.299999999999997","Primaria",34.3,704,0.365562894668995,2.73550739033694
"05","Esteban Echeverría","0030PP0030","AMBA","Estatal","Oficial","2.Primaria",763,24,"34.4","Primaria",34.4,704,0.650173633175859,1.53805068211605
"11","Pilar","0083PP0015","AMBA","Estatal","Oficial","2.Primaria",666,24,"34.4","Primaria",34.4,704,0.567517221094525,1.76206106674857
"05","San Vicente","0099PP0025","AMBA","Estatal","Oficial","2.Primaria",365,14,"34.5","Primaria",34.5,704,0.311026705254507,3.21515800124533
"06","Tigre","0055PP0014","AMBA","Estatal","Oficial","2.Primaria",596,26,"34.6","Primaria",34.6,704,0.507868263922427,1.96901454774253
"02","Lomas de Zamora","0062PP0009","AMBA","Estatal","Oficial","2.Primaria",269,12,"34.700000000000003","Primaria",34.7,704,0.229222421132773,4.3625749831024
"06","Tigre","0055PP0025","AMBA","Estatal","Oficial","2.Primaria",490,23,"34.799999999999997","Primaria",34.8,704,0.41754270020468,2.39496463358071
"03","La Matanza","0069PP0174","AMBA","Estatal","Oficial","2.Primaria",433,19,"34.9","Primaria",34.9,704,0.368971406507401,2.71023711421373
"03","La Matanza","0069PP0063","AMBA","Estatal","Oficial","2.Primaria",478,19,"35.1","Primaria",35.1,704,0.407317164689463,2.45508926873336
"01","Berisso","0113PP0003","AMBA","Estatal","Oficial","2.Primaria",701,24,"35.1","Primaria",35.1,704,0.597341699680573,1.67408369537025
"04","Berazategui","0119PP0002","AMBA","Estatal","Oficial","2.Primaria",551,24,"35.1","Primaria",35.1,704,0.469522505740365,2.12982335835671
"08","Ituzaingó","0136PP0014","AMBA","Estatal","Oficial","2.Primaria",551,24,"35.200000000000003","Primaria",35.2,704,0.469522505740365,2.12982335835671
"04","Florencio Varela","0032PP0040","AMBA","Estatal","Oficial","2.Primaria",268,12,"35.4","Primaria",35.4,704,0.228370293173172,4.37885324796472
"09","Moreno","0073PP0069","AMBA","Estatal","Oficial","2.Primaria",1047,28,"35.4","Primaria",35.4,704,0.892177973702653,1.1208525983329
"06","Tigre","0055PP0041","AMBA","Estatal","Oficial","2.Primaria",594,25,"35.700000000000003","Primaria",35.7,704,0.506164008003224,1.97564422635445
"03","La Matanza","0069PP0048","AMBA","Estatal","Oficial","2.Primaria",257,10,"35.799999999999997","Primaria",35.8,704,0.218996885617557,4.56627498231341
"04","Quilmes","0085PP0054","AMBA","Estatal","Oficial","2.Primaria",423,18,"36.1","Primaria",36.1,704,0.360450126911387,2.77430891360413
"05","Esteban Echeverría","0030PP0050","AMBA","Estatal","Oficial","2.Primaria",732,26,"36.200000000000003","Primaria",36.2,704,0.623757666428216,1.60318670827124
"05","San Vicente","0099PP0029","AMBA","Estatal","Oficial","2.Primaria",475,18,"36.299999999999997","Primaria",36.3,704,0.404760780810659,2.47059509569378
"11","Pilar","0083PP0010","AMBA","Estatal","Oficial","2.Primaria",674,24,"36.5","Primaria",36.5,704,0.574334244771336,1.74114639533315
"05","Esteban Echeverría","0030PP0004","AMBA","Estatal","Oficial","2.Primaria",663,18,"36.6","Primaria",36.6,704,0.56496083721572,1.77003419374743
"11","Pilar","0083PP0026","AMBA","Estatal","Oficial","2.Primaria",521,20,"36.700000000000003","Primaria",36.7,704,0.443958666952323,2.2524619394521
"01","La Plata","0001PP0010","AMBA","Estatal","Oficial","2.Primaria",929,36,"36.799999999999997","Primaria",36.8,704,0.791626874469689,1.26322138907917
"04","Quilmes","0085PP0043","AMBA","Estatal","Oficial","2.Primaria",424,18,"36.799999999999997","Primaria",36.8,704,0.361302254870989,2.76776573220412
"05","Almirante Brown","0004PP0064","AMBA","Estatal","Oficial","2.Primaria",444,20,"36.9","Primaria",36.9,704,0.378344814063016,2.64309160012285
"01","La Plata","0001PP0056","AMBA","Estatal","Oficial","2.Primaria",638,24,"37.200000000000003","Primaria",37.2,704,0.543657638225686,1.83939290039897
"03","La Matanza","0069PP0077","AMBA","Estatal","Oficial","2.Primaria",664,24,"37.200000000000003","Primaria",37.2,704,0.565812965175322,1.76736847960022
"09","Moreno","0073PP0030","AMBA","Estatal","Oficial","2.Primaria",403,16,"37.200000000000003","Primaria",37.2,704,0.343407567719359,2.91199173810061
"11","Pilar","0083PP0043","AMBA","Estatal","Oficial","2.Primaria",381,13,"37.200000000000003","Primaria",37.2,704,0.324660752608129,3.08013824266285
"09","José C. Paz","0132PP0037","AMBA","Estatal","Oficial","2.Primaria",1083,32,"37.200000000000003","Primaria",37.2,704,0.922854580248303,1.08359434021657
"04","Quilmes","0085PP0075","AMBA","Estatal","Oficial","2.Primaria",360,18,"37.299999999999997","Primaria",37.3,704,0.3067660654565,3.25981297348485
"09","Moreno","0073PP0032","AMBA","Estatal","Oficial","2.Primaria",634,20,"37.5","Primaria",37.5,704,0.54024912638728,1.85099790292515
"11","Pilar","0083PP0011","AMBA","Estatal","Oficial","2.Primaria",749,24,"37.5","Primaria",37.5,704,0.63824384174144,1.56679929299672
"04","Florencio Varela","0032PP0008","AMBA","Estatal","Oficial","2.Primaria",1027,30,"37.6","Primaria",37.6,704,0.875135414510626,1.14268030229264
"02","Avellaneda","0005PP0008","AMBA","Estatal","Oficial","2.Primaria",916,36,"37.700000000000003","Primaria",37.7,704,0.780549210994872,1.281149203553
"05","Almirante Brown","0004PP0026","AMBA","Estatal","Oficial","2.Primaria",332,13,"37.799999999999997","Primaria",37.8,704,0.282906482587661,3.53473695920044
"09","Malvinas Argentinas","0133PP0011","AMBA","Estatal","Oficial","2.Primaria",607,24,"37.799999999999997","Primaria",37.8,704,0.517241671478043,1.93333224127602
"05","Almirante Brown","0004PP0070","AMBA","Estatal","Oficial","2.Primaria",773,24,"38.4","Primaria",38.4,704,0.658694912771873,1.51815351934611
"09","José C. Paz","0132PP0032","AMBA","Estatal","Oficial","2.Primaria",563,18,"38.4","Primaria",38.4,704,0.479748041255582,2.08442747860488
"10","General Rodríguez","0044PP0014","AMBA","Estatal","Oficial","2.Primaria",1083,29,"38.5","Primaria",38.5,704,0.922854580248303,1.08359434021657
"03","La Matanza","0069PP0153","AMBA","Estatal","Oficial","2.Primaria",519,24,"38.5","Primaria",38.5,704,0.44225441103312,2.26114194692591
"10","Cañuelas","0016PP0026","AMBA","Estatal","Oficial","2.Primaria",199,6,"38.9","Primaria",38.9,704,0.169573463960676,5.89714909776153
"09","Moreno","0073PP0082","AMBA","Estatal","Oficial","2.Primaria",708,24,"38.9","Primaria",38.9,704,0.603306595397783,1.65753202041602
"04","Berazategui","0119PP0008","AMBA","Estatal","Oficial","2.Primaria",417,18,"38.9","Primaria",38.9,704,0.355337359153779,2.81422702746893
"08","Merlo","0071PP0037","AMBA","Estatal","Oficial","2.Primaria",536,20,"39.200000000000003","Primaria",39.2,704,0.456740586346344,2.18942662398236
"05","Almirante Brown","0004PP0079","AMBA","Estatal","Oficial","2.Primaria",330,14,"39.299999999999997","Primaria",39.3,704,0.281202226668458,3.55615960743802
"05","Esteban Echeverría","0030PP0010","AMBA","Estatal","Oficial","2.Primaria",793,24,"39.6","Primaria",39.6,704,0.675737471963901,1.47986465378883
"09","Moreno","0073PP0071","AMBA","Estatal","Oficial","2.Primaria",357,12,"39.6","Primaria",39.6,704,0.304209681577696,3.28720635981665
"02","Lomas de Zamora","0062PP0090","AMBA","Estatal","Oficial","2.Primaria",505,18,"39.799999999999997","Primaria",39.8,704,0.430324619598701,2.32382707020702
"01","La Plata","0001PP0019","AMBA","Estatal","Oficial","2.Primaria",718,29,"39.9","Primaria",39.9,704,0.611827874993797,1.63444661623196
"08","Merlo","0071PP0015","AMBA","Estatal","Oficial","2.Primaria",1149,30,"39.9","Primaria",39.9,704,0.979095025581995,1.02135132328507
"05","Esteban Echeverría","0030PP0027","AMBA","Estatal","Oficial","2.Primaria",864,30,"40","Primaria",40,704,0.736238557095599,1.35825540561869
"09","San Miguel","0131PP0001","AMBA","Estatal","Oficial","2.Primaria",835,34,"40","Primaria",40,704,0.711526846267159,1.40542834784976
"06","Tigre","0055PP0037","AMBA","Estatal","Oficial","2.Primaria",418,24,"40.1","Primaria",40.1,704,0.35618948711338,2.80749442692475
"09","José C. Paz","0132PP0029","AMBA","Estatal","Oficial","2.Primaria",511,16,"40.1","Primaria",40.1,704,0.435437387356309,2.29654142946095
"10","Cañuelas","0016PP0004","AMBA","Estatal","Oficial","2.Primaria",171,6,"40.299999999999997","Primaria",40.3,704,0.145713881091837,6.86276415470494
"05","San Vicente","0099PP0030","AMBA","Estatal","Oficial","2.Primaria",345,12,"40.299999999999997","Primaria",40.3,704,0.293984146062479,3.40154397233202
"06","Tigre","0055PP0056","AMBA","Estatal","Oficial","2.Primaria",500,19,"40.4","Primaria",40.4,704,0.426063979800694,2.34706534090909
"11","Pilar","0083PP0044","AMBA","Estatal","Oficial","2.Primaria",576,18,"40.5","Primaria",40.5,704,0.4908257047304,2.03738310842803
"02","Lomas de Zamora","0062PP0053","AMBA","Estatal","Oficial","2.Primaria",568,23,"40.6","Primaria",40.6,704,0.484008681053588,2.06607864516645
"11","Escobar","0116PP0006","AMBA","Estatal","Oficial","2.Primaria",697,24,"40.6","Primaria",40.6,704,0.593933187842168,1.68369106234512
"01","La Plata","0001PP0026","AMBA","Estatal","Oficial","2.Primaria",1159,36,"40.700000000000003","Primaria",40.7,704,0.987616305178009,1.01253897364499
"07","General San Martín","0045PP0080","AMBA","Estatal","Oficial","2.Primaria",448,21,"40.9","Primaria",40.9,704,0.381753325901422,2.6194925679789
"05","Almirante Brown","0004PP0069","AMBA","Estatal","Oficial","2.Primaria",309,12,"41","Primaria",41,704,0.263307539516829,3.79784035745808
"11","Pilar","0083PP0027","AMBA","Estatal","Oficial","2.Primaria",547,20,"41","Primaria",41,704,0.466113993901959,2.14539793501745
"07","Tres de Febrero","0117PP0007","AMBA","Estatal","Oficial","2.Primaria",252,12,"41","Primaria",41,704,0.21473624581955,4.65687567640693
"03","La Matanza","0069PP0137","AMBA","Estatal","Oficial","2.Primaria",1023,30,"41.1","Primaria",41.1,704,0.87172690267222,1.14714826046388
"06","Tigre","0055PP0055","AMBA","Estatal","Oficial","2.Primaria",296,18,"41.2","Primaria",41.2,704,0.252229876042011,3.96463740018428
"02","Lomas de Zamora","0062PP0069","AMBA","Estatal","Oficial","2.Primaria",546,24,"41.3","Primaria",41.3,704,0.465261865942358,2.14932723526474
"01","La Plata","0001PP0065","AMBA","Estatal","Oficial","2.Primaria",362,14,"41.7","Primaria",41.7,704,0.308470321375703,3.24180295705676
"05","Almirante Brown","0004PP0034","AMBA","Estatal","Oficial","2.Primaria",248,10,"41.7","Primaria",41.7,704,0.211327733981144,4.73198657441349
"02","Avellaneda","0005PP0035","AMBA","Estatal","Oficial","2.Primaria",372,13,"41.7","Primaria",41.7,704,0.316991600971716,3.15465771627566
"05","Esteban Echeverría","0030PP0014","AMBA","Estatal","Oficial","2.Primaria",632,24,"41.7","Primaria",41.7,704,0.538544870468077,1.85685549122555
"02","Lomas de Zamora","0062PP0002","AMBA","Estatal","Oficial","2.Primaria",294,12,"41.7","Primaria",41.7,704,0.250525620122808,3.99160772263451
"10","Luján","0063PP0018","AMBA","Estatal","Oficial","2.Primaria",110,6,"41.7","Primaria",41.7,704,0.0937340755561527,10.6684788223141
"03","La Matanza","0069PP0068","AMBA","Estatal","Oficial","2.Primaria",567,24,"41.7","Primaria",41.7,704,0.483156553093987,2.06972252284752
"03","La Matanza","0069PP0089","AMBA","Estatal","Oficial","2.Primaria",286,13,"41.7","Primaria",41.7,704,0.243708596445997,4.1032610855054
"03","La Matanza","0069PP0145","AMBA","Estatal","Oficial","2.Primaria",704,20,"41.7","Primaria",41.7,704,0.599898083559377,1.66694981598657
"03","La Matanza","0069PP0163","AMBA","Estatal","Oficial","2.Primaria",605,24,"41.7","Primaria",41.7,704,0.51553741555884,1.93972342223892
"03","La Matanza","0069PP0201","AMBA","Estatal","Oficial","2.Primaria",641,26,"41.7","Primaria",41.7,704,0.54621402210449,1.83078419727698
"08","Merlo","0071PP0018","AMBA","Estatal","Oficial","2.Primaria",797,24,"41.7","Primaria",41.7,704,0.679145983802306,1.47243747861298
"09","Moreno","0073PP0008","AMBA","Estatal","Oficial","2.Primaria",477,14,"41.7","Primaria",41.7,704,0.406465036729862,2.46023620640366
"08","Morón","0100PP0057","AMBA","Estatal","Oficial","2.Primaria",206,11,"41.7","Primaria",41.7,704,0.175538359677886,5.69676053618711
"04","Berazategui","0119PP0022","AMBA","Estatal","Oficial","2.Primaria",507,19,"41.7","Primaria",41.7,704,0.432028875517904,2.31466009951587
"09","San Miguel","0131PP0027","AMBA","Estatal","Oficial","2.Primaria",511,24,"41.7","Primaria",41.7,704,0.435437387356309,2.29654142946095
"09","José C. Paz","0132PP0023","AMBA","Estatal","Oficial","2.Primaria",695,23,"41.7","Primaria",41.7,704,0.592228931922965,1.68853621648136
"03","La Matanza","0069PP0190","AMBA","Estatal","Oficial","2.Primaria",362,18,"41.9","Primaria",41.9,704,0.308470321375703,3.24180295705676
"05","Presidente Perón","0129PP0014","AMBA","Estatal","Oficial","2.Primaria",461,18,"42.1","Primaria",42.1,704,0.39283098937624,2.54562401400118
"09","Malvinas Argentinas","0133PP0001","AMBA","Estatal","Oficial","2.Primaria",568,24,"42.4","Primaria",42.4,704,0.484008681053588,2.06607864516645
"03","La Matanza","0069PP0181","AMBA","Estatal","Oficial","2.Primaria",437,20,"42.5","Primaria",42.5,704,0.372379918345807,2.68542945184107
"05","Presidente Perón","0129PP0003","AMBA","Estatal","Oficial","2.Primaria",718,24,"42.7","Primaria",42.7,704,0.611827874993797,1.63444661623196
"05","San Vicente","0099PP0006","AMBA","Estatal","Oficial","2.Primaria",502,18,"43.1","Primaria",43.1,704,0.427768235719897,2.33771448297718
"06","Tigre","0055PP0002","AMBA","Estatal","Oficial","2.Primaria",579,24,"43.4","Primaria",43.4,704,0.493382088609204,2.02682671926519
"11","Pilar","0083PP0016","AMBA","Estatal","Oficial","2.Primaria",508,18,"43.5","Primaria",43.5,704,0.432881003477505,2.31010368199714
"01","La Plata","0001PP0042","AMBA","Estatal","Oficial","2.Primaria",660,24,"43.8","Primaria",43.8,704,0.562404453336916,1.77807980371901
"07","General San Martín","0045PP0033","AMBA","Estatal","Oficial","2.Primaria",347,16,"43.8","Primaria",43.8,704,0.295688401981682,3.3819385315693
"09","Malvinas Argentinas","0133PP0025","AMBA","Estatal","Oficial","2.Primaria",491,24,"43.8","Primaria",43.8,704,0.418394828164282,2.39008690520274
"11","Escobar","0116PP0035","AMBA","Estatal","Oficial","2.Primaria",620,18,"44","Primaria",44,704,0.528319334952861,1.8927946297654
"05","Esteban Echeverría","0030PP0002","AMBA","Estatal","Oficial","2.Primaria",644,22,"44.3","Primaria",44.3,704,0.548770405983294,1.82225569946358
"10","General Rodríguez","0044PP0001","AMBA","Estatal","Oficial","2.Primaria",1162,28,"44.3","Primaria",44.3,704,0.990172689056813,1.00992484548584
"01","La Plata","0001PP0058","AMBA","Estatal","Oficial","2.Primaria",644,24,"44.4","Primaria",44.4,704,0.548770405983294,1.82225569946358
"01","Berisso","0113PP0010","AMBA","Estatal","Oficial","2.Primaria",187,9,"44.4","Primaria",44.4,704,0.15934792844546,6.27557577783179
"03","La Matanza","0069PP0076","AMBA","Estatal","Oficial","2.Primaria",674,24,"44.6","Primaria",44.6,704,0.574334244771336,1.74114639533315
"07","General San Martín","0045PP0065","AMBA","Estatal","Oficial","2.Primaria",306,16,"44.8","Primaria",44.8,704,0.260751155638025,3.83507408645276
"09","Moreno","0073PP0015","AMBA","Estatal","Oficial","2.Primaria",681,18,"44.9","Primaria",44.9,704,0.580299140488545,1.72324914897877
"03","La Matanza","0069PP0139","AMBA","Estatal","Oficial","2.Primaria",684,20,"45","Primaria",45,704,0.582855524367349,1.71569103867624
"10","General Rodríguez","0044PP0018","AMBA","Estatal","Oficial","2.Primaria",379,12,"45.1","Primaria",45.1,704,0.322956496688926,3.09639227032862
"05","Almirante Brown","0004PP0028","AMBA","Estatal","Oficial","2.Primaria",473,21,"45.2","Primaria",45.2,704,0.403056524891457,2.48104158658466
"06","Tigre","0055PP0053","AMBA","Estatal","Oficial","2.Primaria",584,24,"45.5","Primaria",45.5,704,0.497642728407211,2.00947375077833
"08","Merlo","0071PP0064","AMBA","Estatal","Oficial","2.Primaria",703,26,"45.5","Primaria",45.5,704,0.599045955599776,1.66932101060391
"11","Escobar","0116PP0019","AMBA","Estatal","Oficial","2.Primaria",545,22,"45.5","Primaria",45.5,704,0.464409737982757,2.15327095496247
"04","Berazategui","0119PP0007","AMBA","Estatal","Oficial","2.Primaria",734,24,"45.5","Primaria",45.5,704,0.625461922347419,1.59881835211791
"09","Malvinas Argentinas","0133PP0007","AMBA","Estatal","Oficial","2.Primaria",833,32,"45.6","Primaria",45.6,704,0.709822590347956,1.40880272563571
"07","General San Martín","0045PP0087","AMBA","Estatal","Oficial","2.Primaria",348,12,"45.8","Primaria",45.8,704,0.296540529941283,3.37222031739812
"02","Lanús","0111PP0037","AMBA","Estatal","Oficial","2.Primaria",632,24,"45.8","Primaria",45.8,704,0.538544870468077,1.85685549122555
"05","Ezeiza","0130PP0024","AMBA","Estatal","Oficial","2.Primaria",967,30,"45.8","Primaria",45.8,704,0.824007736934542,1.21358083811225
"08","Merlo","0071PP0056","AMBA","Estatal","Oficial","2.Primaria",940,30,"46","Primaria",46,704,0.801000282025305,1.24843901112186
"09","Moreno","0073PP0014","AMBA","Estatal","Oficial","2.Primaria",1047,27,"46","Primaria",46,704,0.892177973702653,1.1208525983329
"09","José C. Paz","0132PP0026","AMBA","Estatal","Oficial","2.Primaria",518,19,"46.1","Primaria",46.1,704,0.441402283073519,2.26550708581959
"03","La Matanza","0069PP0182","AMBA","Estatal","Oficial","2.Primaria",444,18,"46.3","Primaria",46.3,704,0.378344814063016,2.64309160012285
"06","Tigre","0055PP0044","AMBA","Estatal","Oficial","2.Primaria",443,24,"46.5","Primaria",46.5,704,0.377492686103415,2.64905794684999
"08","Ituzaingó","0136PP0012","AMBA","Estatal","Oficial","2.Primaria",468,24,"46.5","Primaria",46.5,704,0.39879588509345,2.50754844114219
"05","Esteban Echeverría","0030PP0005","AMBA","Estatal","Oficial","2.Primaria",623,18,"46.8","Primaria",46.8,704,0.530875718831665,1.8836800488837
"03","La Matanza","0069PP0084","AMBA","Estatal","Oficial","2.Primaria",342,13,"46.8","Primaria",46.8,704,0.291427762183675,3.43138207735247
"04","Florencio Varela","0032PP0013","AMBA","Estatal","Oficial","2.Primaria",278,12,"46.9","Primaria",46.9,704,0.236891572769186,4.2213405412034
"04","Berazategui","0119PP0054","AMBA","Estatal","Oficial","2.Primaria",527,20,"47.1","Primaria",47.1,704,0.449071434709932,2.2268172114887
"06","Tigre","0055PP0001","AMBA","Estatal","Oficial","2.Primaria",523,24,"47.2","Primaria",47.2,704,0.445662922871526,2.24384831826873
"05","Almirante Brown","0004PP0014","AMBA","Estatal","Oficial","2.Primaria",316,13,"47.4","Primaria",47.4,704,0.269272435234039,3.71371098245109
"09","José C. Paz","0132PP0010","AMBA","Estatal","Oficial","2.Primaria",606,24,"47.6","Primaria",47.6,704,0.516389543518441,1.93652255850585
"06","Tigre","0055PP0036","AMBA","Estatal","Oficial","2.Primaria",426,23,"47.7","Primaria",47.7,704,0.363006510790191,2.7547715268886
"08","Ituzaingó","0136PP0015","AMBA","Estatal","Oficial","2.Primaria",361,18,"47.7","Primaria",47.7,704,0.307618193416101,3.25078302064971
"05","Esteban Echeverría","0030PP0046","AMBA","Estatal","Oficial","2.Primaria",742,24,"47.9","Primaria",47.9,704,0.63227894602423,1.58158041840235
"02","Lomas de Zamora","0062PP0033","AMBA","Estatal","Oficial","2.Primaria",334,18,"48","Primaria",48,704,0.284610738506864,3.51357086962439
"02","Lomas de Zamora","0062PP0060","AMBA","Estatal","Oficial","2.Primaria",430,18,"48.1","Primaria",48.1,704,0.366415022628597,2.72914574524313
"10","General Rodríguez","0044PP0022","AMBA","Estatal","Oficial","2.Primaria",561,15,"48.3","Primaria",48.3,704,0.478043785336379,2.0918585926106
"03","La Matanza","0069PP0046","AMBA","Estatal","Oficial","2.Primaria",541,24,"48.3","Primaria",48.3,704,0.461001226144351,2.16919162745757
"09","Moreno","0073PP0007","AMBA","Estatal","Oficial","2.Primaria",529,20,"48.5","Primaria",48.5,704,0.450775690629134,2.21839824282523
"01","La Plata","0001PP0093","AMBA","Estatal","Oficial","2.Primaria",303,12,"48.6","Primaria",48.6,704,0.258194771759221,3.8730451170117
"06","Tigre","0055PP0019","AMBA","Estatal","Oficial","2.Primaria",557,24,"48.6","Primaria",48.6,704,0.474635273497973,2.10688091643545
"03","La Matanza","0069PP0032","AMBA","Estatal","Oficial","2.Primaria",629,24,"48.6","Primaria",48.6,704,0.535988486589273,1.86571171773378
"09","Moreno","0073PP0031","AMBA","Estatal","Oficial","2.Primaria",735,24,"48.6","Primaria",48.6,704,0.62631405030702,1.5966430890538
"05","Presidente Perón","0129PP0012","AMBA","Estatal","Oficial","2.Primaria",804,24,"48.6","Primaria",48.6,704,0.685110879519516,1.45961774932157
"02","Lomas de Zamora","0062PP0080","AMBA","Estatal","Oficial","2.Primaria",417,18,"49","Primaria",49,704,0.355337359153779,2.81422702746893
"03","La Matanza","0069PP0204","AMBA","Estatal","Oficial","2.Primaria",649,24,"49","Primaria",49,704,0.553031045781301,1.80821674954475
"05","Almirante Brown","0004PP0054","AMBA","Estatal","Oficial","2.Primaria",701,28,"49.1","Primaria",49.1,704,0.597341699680573,1.67408369537025
"02","Lanús","0111PP0041","AMBA","Estatal","Oficial","2.Primaria",377,18,"49.1","Primaria",49.1,704,0.321252240769723,3.11281875452134
"01","La Plata","0001PP0039","AMBA","Estatal","Oficial","2.Primaria",802,24,"49.3","Primaria",49.3,704,0.683406623600313,1.4632576938336
"05","Almirante Brown","0004PP0044","AMBA","Estatal","Oficial","2.Primaria",630,24,"49.3","Primaria",49.3,704,0.536840614548875,1.86275027056277
"09","Moreno","0073PP0056","AMBA","Estatal","Oficial","2.Primaria",675,26,"49.3","Primaria",49.3,704,0.575186372730937,1.73856691919192
"02","Avellaneda","0005PP0003","AMBA","Estatal","Oficial","2.Primaria",397,18,"49.5","Primaria",49.5,704,0.338294799961751,2.95600168880238
"03","La Matanza","0069PP0167","AMBA","Estatal","Oficial","2.Primaria",580,20,"49.6","Primaria",49.6,704,0.494234216568805,2.02333219043887
"08","Ituzaingó","0136PP0011","AMBA","Estatal","Oficial","2.Primaria",406,21,"49.6","Primaria",49.6,704,0.345963951598164,2.89047455776982
"05","Esteban Echeverría","0030PP0019","AMBA","Estatal","Oficial","2.Primaria",612,24,"49.7","Primaria",49.7,704,0.52150231127605,1.91753704322638
"07","Hurlingham","0135PP0003","AMBA","Estatal","Oficial","2.Primaria",454,24,"49.7","Primaria",49.7,704,0.38686609365903,2.58487372346816
"05","Almirante Brown","0004PP0030","AMBA","Estatal","Oficial","2.Primaria",177,7,"50","Primaria",50,704,0.150826648849446,6.6301280816641
"10","General Rodríguez","0044PP0019","AMBA","Estatal","Oficial","2.Primaria",642,20,"50","Primaria",50,704,0.547066150064091,1.82793250849618
"06","Tigre","0055PP0006","AMBA","Estatal","Oficial","2.Primaria",633,27,"50","Primaria",50,704,0.539396998427679,1.85392207022835
"02","Lomas de Zamora","0062PP0046","AMBA","Estatal","Oficial","2.Primaria",721,28,"50","Primaria",50,704,0.614384258872601,1.62764586748203
"02","Lomas de Zamora","0062PP0067","AMBA","Estatal","Oficial","2.Primaria",675,24,"50","Primaria",50,704,0.575186372730937,1.73856691919192
"03","La Matanza","0069PP0019","AMBA","Estatal","Oficial","2.Primaria",471,22,"50","Primaria",50,704,0.401352268972254,2.49157679502027
"03","La Matanza","0069PP0116","AMBA","Estatal","Oficial","2.Primaria",302,18,"50","Primaria",50,704,0.257342643799619,3.88586976971704
"09","Moreno","0073PP0012","AMBA","Estatal","Oficial","2.Primaria",349,13,"50","Primaria",50,704,0.297392657900884,3.3625577949987
"09","Moreno","0073PP0038","AMBA","Estatal","Oficial","2.Primaria",547,20,"50","Primaria",50,704,0.466113993901959,2.14539793501745
"09","Moreno","0073PP0047","AMBA","Estatal","Oficial","2.Primaria",821,25,"50","Primaria",50,704,0.69959705483274,1.4293942392869
"09","Moreno","0073PP0084","AMBA","Estatal","Oficial","2.Primaria",1603,42,"50","Primaria",50,704,1,1
"11","Pilar","0083PP0031","AMBA","Estatal","Oficial","2.Primaria",493,18,"50","Primaria",50,704,0.420099084083484,2.38039081228103
"04","Quilmes","0085PP0077","AMBA","Estatal","Oficial","2.Primaria",359,14,"50","Primaria",50,704,0.305913937496898,3.26889323246392
"01","Ensenada","0114PP0004","AMBA","Estatal","Oficial","2.Primaria",183,6,"50","Primaria",50,704,0.155939416607054,6.41274683308495
"04","Berazategui","0119PP0056","AMBA","Estatal","Oficial","2.Primaria",896,30,"50","Primaria",50,704,0.763506651802844,1.30974628398945
"09","Malvinas Argentinas","0133PP0027","AMBA","Estatal","Oficial","2.Primaria",659,26,"50","Primaria",50,704,0.561552325377315,1.78077795213133
"09","Malvinas Argentinas","0133PP0037","AMBA","Estatal","Oficial","2.Primaria",330,15,"50","Primaria",50,704,0.281202226668458,3.55615960743802
"01","La Plata","0001PP0128","AMBA","Estatal","Oficial","2.Primaria",642,28,"50.3","Primaria",50.3,704,0.547066150064091,1.82793250849618
"11","Escobar","0116PP0009","AMBA","Estatal","Oficial","2.Primaria",834,28,"50.3","Primaria",50.3,704,0.710674718307558,1.40711351373447
"01","La Plata","0001PP0025","AMBA","Estatal","Oficial","2.Primaria",225,12,"50.7","Primaria",50.7,704,0.191728790910312,5.21570075757576
"01","La Plata","0001PP0083","AMBA","Estatal","Oficial","2.Primaria",646,20,"50.8","Primaria",50.8,704,0.550474661902497,1.81661404095131
"03","La Matanza","0069PP0034","AMBA","Estatal","Oficial","2.Primaria",487,22,"51.3","Primaria",51.3,704,0.414986316325876,2.40971800914691
"11","Pilar","0083PP0009","AMBA","Estatal","Oficial","2.Primaria",590,24,"51.7","Primaria",51.7,704,0.502755496164819,1.98903842449923
"05","Ezeiza","0130PP0015","AMBA","Estatal","Oficial","2.Primaria",540,21,"51.8","Primaria",51.8,704,0.46014909818475,2.1732086489899
"03","La Matanza","0069PP0195","AMBA","Estatal","Oficial","2.Primaria",996,36,"52","Primaria",52,704,0.848719447762983,1.17824565306681
"04","Berazategui","0119PP0014","AMBA","Estatal","Oficial","2.Primaria",656,24,"52.4","Primaria",52.4,704,0.558995941498511,1.78892175374169
"01","La Plata","0001PP0033","AMBA","Estatal","Oficial","2.Primaria",547,24,"52.8","Primaria",52.8,704,0.466113993901959,2.14539793501745
"10","Cañuelas","0016PP0001","AMBA","Estatal","Oficial","2.Primaria",537,18,"52.8","Primaria",52.8,704,0.457592714305945,2.18534947943118
"03","La Matanza","0069PP0217","AMBA","Estatal","Oficial","2.Primaria",336,12,"52.8","Primaria",52.8,704,0.286314994426066,3.49265675730519
"09","Malvinas Argentinas","0133PP0008","AMBA","Estatal","Oficial","2.Primaria",592,24,"52.8","Primaria",52.8,704,0.504459752084022,1.98231870009214
"03","La Matanza","0069PP0001","AMBA","Estatal","Oficial","2.Primaria",470,24,"53.1","Primaria",53.1,704,0.400500141012652,2.49687802224371
"05","Esteban Echeverría","0030PP0042","AMBA","Estatal","Oficial","2.Primaria",502,18,"53.2","Primaria",53.2,704,0.427768235719897,2.33771448297718
"02","Lomas de Zamora","0062PP0066","AMBA","Estatal","Oficial","2.Primaria",368,23,"53.3","Primaria",53.3,704,0.313583089133311,3.18894747406126
"03","La Matanza","0069PP0146","AMBA","Estatal","Oficial","2.Primaria",463,18,"53.5","Primaria",53.5,704,0.394535245295443,2.53462779795798
"09","José C. Paz","0132PP0009","AMBA","Estatal","Oficial","2.Primaria",806,26,"53.5","Primaria",53.5,704,0.686815135438719,1.4559958690503
"03","La Matanza","0069PP0009","AMBA","Estatal","Oficial","2.Primaria",398,18,"53.7","Primaria",53.7,704,0.339146927921352,2.94857454888077
"11","Pilar","0083PP0006","AMBA","Estatal","Oficial","2.Primaria",291,12,"53.8","Primaria",53.8,704,0.247969236244004,4.03275831771321
"09","Moreno","0073PP0022","AMBA","Estatal","Oficial","2.Primaria",1048,28,"53.9","Primaria",53.9,704,0.893030101662255,1.1197830824948
"01","La Plata","0001PP0049","AMBA","Estatal","Oficial","2.Primaria",351,12,"54.2","Primaria",54.2,704,0.299096913820087,3.34339792152292
"02","Lomas de Zamora","0062PP0058","AMBA","Estatal","Oficial","2.Primaria",497,24,"54.2","Primaria",54.2,704,0.42350759592189,2.36123273733309
"04","Berazategui","0119PP0052","AMBA","Estatal","Oficial","2.Primaria",270,12,"54.2","Primaria",54.2,704,0.230074549092375,4.3464172979798
"05","Esteban Echeverría","0030PP0006","AMBA","Estatal","Oficial","2.Primaria",632,24,"54.3","Primaria",54.3,704,0.538544870468077,1.85685549122555
"10","General Rodríguez","0044PP0006","AMBA","Estatal","Oficial","2.Primaria",1040,28,"54.5","Primaria",54.5,704,0.886213077985444,1.12839679851399
"06","Tigre","0055PP0047","AMBA","Estatal","Oficial","2.Primaria",402,24,"54.7","Primaria",54.7,704,0.342555439759758,2.91923549864315
"02","Lomas de Zamora","0062PP0044","AMBA","Estatal","Oficial","2.Primaria",330,18,"54.9","Primaria",54.9,704,0.281202226668458,3.55615960743802
"02","Lomas de Zamora","0062PP0017","AMBA","Estatal","Oficial","2.Primaria",225,12,"55.2","Primaria",55.2,704,0.191728790910312,5.21570075757576
"01","La Plata","0001PP0029","AMBA","Estatal","Oficial","2.Primaria",529,24,"55.6","Primaria",55.6,704,0.450775690629134,2.21839824282523
"11","Pilar","0083PP0003","AMBA","Estatal","Oficial","2.Primaria",361,12,"55.6","Primaria",55.6,704,0.307618193416101,3.25078302064971
"05","Presidente Perón","0129PP0011","AMBA","Estatal","Oficial","2.Primaria",649,24,"55.6","Primaria",55.6,704,0.553031045781301,1.80821674954475
"09","José C. Paz","0132PP0040","AMBA","Estatal","Oficial","2.Primaria",630,20,"55.8","Primaria",55.8,704,0.536840614548875,1.86275027056277
"02","Lomas de Zamora","0062PP0026","AMBA","Estatal","Oficial","2.Primaria",461,18,"56","Primaria",56,704,0.39283098937624,2.54562401400118
"01","Berisso","0113PP0022","AMBA","Estatal","Oficial","2.Primaria",452,22,"56.1","Primaria",56.1,704,0.385161837739827,2.59631121781979
"05","Esteban Echeverría","0030PP0037","AMBA","Estatal","Oficial","2.Primaria",1026,36,"56.2","Primaria",56.2,704,0.874283286551024,1.14379402578416
"03","La Matanza","0069PP0018","AMBA","Estatal","Oficial","2.Primaria",486,24,"56.2","Primaria",56.2,704,0.414134188366275,2.41467627665544
"03","La Matanza","0069PP0136","AMBA","Estatal","Oficial","2.Primaria",529,21,"56.3","Primaria",56.3,704,0.450775690629134,2.21839824282523
"05","Almirante Brown","0004PP0035","AMBA","Estatal","Oficial","2.Primaria",546,18,"56.5","Primaria",56.5,704,0.465261865942358,2.14932723526474
"07","Tres de Febrero","0117PP0020","AMBA","Estatal","Oficial","2.Primaria",283,18,"56.5","Primaria",56.5,704,0.241152212567193,4.14675855284292
"09","José C. Paz","0132PP0003","AMBA","Estatal","Oficial","2.Primaria",626,26,"56.7","Primaria",56.7,704,0.533432102710469,1.87465282820215
"05","Almirante Brown","0004PP0037","AMBA","Estatal","Oficial","2.Primaria",776,32,"56.8","Primaria",56.8,704,0.661251296650677,1.51228436914246
"03","La Matanza","0069PP0055","AMBA","Estatal","Oficial","2.Primaria",621,24,"56.9","Primaria",56.9,704,0.529171462912462,1.88974665129556
"09","Moreno","0073PP0004","AMBA","Estatal","Oficial","2.Primaria",601,24,"57.1","Primaria",57.1,704,0.512128903720434,1.95263339509908
"05","Almirante Brown","0004PP0009","AMBA","Estatal","Oficial","2.Primaria",831,29,"57.2","Primaria",57.2,704,0.708118334428753,1.41219334591401
"09","José C. Paz","0132PP0028","AMBA","Estatal","Oficial","2.Primaria",510,18,"57.2","Primaria",57.2,704,0.434585259396708,2.30104445187166
"01","La Plata","0001PP0041","AMBA","Estatal","Oficial","2.Primaria",1135,37,"57.3","Primaria",57.3,704,0.967165234147575,1.03394948938726
"05","Esteban Echeverría","0030PA0022","AMBA","Estatal","Oficial","2.Primaria",248,16,"57.3","Primaria",57.3,704,0.211327733981144,4.73198657441349
"10","General Rodríguez","0044PP0021","AMBA","Estatal","Oficial","2.Primaria",1085,28,"57.4","Primaria",57.4,704,0.924558836167506,1.08159693129451
"01","La Plata","0001PP0121","AMBA","Estatal","Oficial","2.Primaria",594,20,"57.5","Primaria",57.5,704,0.506164008003224,1.97564422635445
"02","Lomas de Zamora","0062PP0061","AMBA","Estatal","Oficial","2.Primaria",624,24,"57.6","Primaria",57.6,704,0.531727846791266,1.88066133085664
"09","Malvinas Argentinas","0133PP0005","AMBA","Estatal","Oficial","2.Primaria",318,12,"57.6","Primaria",57.6,704,0.270976691153241,3.69035430960549
"06","Tigre","0055PP0034","AMBA","Estatal","Oficial","2.Primaria",486,18,"57.9","Primaria",57.9,704,0.414134188366275,2.41467627665544
"05","Almirante Brown","0004PP0036","AMBA","Estatal","Oficial","2.Primaria",663,24,"58","Primaria",58,704,0.56496083721572,1.77003419374743
"05","Presidente Perón","0129PP0010","AMBA","Estatal","Oficial","2.Primaria",768,24,"58","Primaria",58,704,0.654434272973866,1.52803733132102
"01","La Plata","0001PP0102","AMBA","Estatal","Oficial","2.Primaria",480,18,"58.3","Primaria",58.3,704,0.409021420608666,2.44485973011364
"05","Almirante Brown","0004PP0013","AMBA","Estatal","Oficial","2.Primaria",306,15,"58.3","Primaria",58.3,704,0.260751155638025,3.83507408645276
"05","Almirante Brown","0004PP0038","AMBA","Estatal","Oficial","2.Primaria",480,18,"58.3","Primaria",58.3,704,0.409021420608666,2.44485973011364
"05","Almirante Brown","0004PP0062","AMBA","Estatal","Oficial","2.Primaria",961,32,"58.3","Primaria",58.3,704,0.818894969176934,1.22115782565509
"10","Cañuelas","0016PP0033","AMBA","Estatal","Oficial","2.Primaria",462,16,"58.3","Primaria",58.3,704,0.393683117335841,2.54011400531287
"02","Lomas de Zamora","0062PP0086","AMBA","Estatal","Oficial","2.Primaria",517,20,"58.3","Primaria",58.3,704,0.440550155113918,2.26988911113065
"10","Luján","0063PP0010","AMBA","Estatal","Oficial","2.Primaria",196,11,"58.3","Primaria",58.3,704,0.167017080081872,5.98741158395176
"03","La Matanza","0069PP0080","AMBA","Estatal","Oficial","2.Primaria",254,12,"58.3","Primaria",58.3,704,0.216440501738753,4.62020736399427
"03","La Matanza","0069PP0111","AMBA","Estatal","Oficial","2.Primaria",374,18,"58.3","Primaria",58.3,704,0.318695856890919,3.1377878889159
"03","La Matanza","0069PP0213","AMBA","Estatal","Oficial","2.Primaria",864,30,"58.3","Primaria",58.3,704,0.736238557095599,1.35825540561869
"08","Merlo","0071PP0019","AMBA","Estatal","Oficial","2.Primaria",553,21,"58.3","Primaria",58.3,704,0.471226761659568,2.12212056140062
"08","Merlo","0071PP0062","AMBA","Estatal","Oficial","2.Primaria",451,19,"58.3","Primaria",58.3,704,0.384309709780226,2.60206800544245
"11","Pilar","0083PP0048","AMBA","Estatal","Oficial","2.Primaria",643,24,"58.3","Primaria",58.3,704,0.547918278023693,1.82508968966492
"01","Ensenada","0114PP0005","AMBA","Estatal","Oficial","2.Primaria",328,13,"58.3","Primaria",58.3,704,0.279497970749255,3.57784350748337
"05","Ezeiza","0130PP0029","AMBA","Estatal","Oficial","2.Primaria",234,8,"58.3","Primaria",58.3,704,0.199397942546725,5.01509688228438
"09","San Miguel","0131PP0037","AMBA","Estatal","Oficial","2.Primaria",562,22,"58.3","Primaria",58.3,704,0.47889591329598,2.08813642429634
"09","José C. Paz","0132PP0021","AMBA","Estatal","Oficial","2.Primaria",1246,38,"58.3","Primaria",58.3,704,1,1
"09","José C. Paz","0132PP0031","AMBA","Estatal","Oficial","2.Primaria",1026,31,"58.3","Primaria",58.3,704,0.874283286551024,1.14379402578416
"02","Lomas de Zamora","0062PP0010","AMBA","Estatal","Oficial","2.Primaria",431,22,"58.7","Primaria",58.7,704,0.367267150588198,2.72281362054419
"10","Mercedes","0070PP0037","AMBA","Estatal","Oficial","2.Primaria",495,22,"58.7","Primaria",58.7,704,0.421803340002687,2.37077307162534
"03","La Matanza","0069PP0189","AMBA","Estatal","Oficial","2.Primaria",380,16,"59","Primaria",59,704,0.323808624648527,3.08824386961722
"03","La Matanza","0069PP0028","AMBA","Estatal","Oficial","2.Primaria",454,18,"59.3","Primaria",59.3,704,0.38686609365903,2.58487372346816
"02","Lomas de Zamora","0062PP0063","AMBA","Estatal","Oficial","2.Primaria",557,24,"59.4","Primaria",59.4,704,0.474635273497973,2.10688091643545
"01","La Plata","0001PP0064","AMBA","Estatal","Oficial","2.Primaria",315,14,"59.5","Primaria",59.5,704,0.268420307274437,3.72550054112554
"05","Almirante Brown","0004PP0012","AMBA","Estatal","Oficial","2.Primaria",381,18,"59.7","Primaria",59.7,704,0.324660752608129,3.08013824266285
"05","Esteban Echeverría","0030PP0056","AMBA","Estatal","Oficial","2.Primaria",836,27,"59.9","Primaria",59.9,704,0.71237897422676,1.40374721346237
"04","Berazategui","0119PP0024","AMBA","Estatal","Oficial","2.Primaria",468,18,"60.2","Primaria",60.2,704,0.39879588509345,2.50754844114219
"03","La Matanza","0069PP0124","AMBA","Estatal","Oficial","2.Primaria",728,24,"60.4","Primaria",60.4,704,0.620349154589811,1.61199542644855
"05","Ezeiza","0130PP0014","AMBA","Estatal","Oficial","2.Primaria",782,24,"60.4","Primaria",60.4,704,0.666364064408285,1.50068116426412
"02","Lomas de Zamora","0062PP0043","AMBA","Estatal","Oficial","2.Primaria",677,25,"60.7","Primaria",60.7,704,0.57689062865014,1.73343082785014
"11","Escobar","0116PP0030","AMBA","Estatal","Oficial","2.Primaria",441,20,"60.8","Primaria",60.8,704,0.375788430184212,2.66107181508967
"09","Malvinas Argentinas","0133PP0006","AMBA","Estatal","Oficial","2.Primaria",572,24,"61.1","Primaria",61.1,704,0.487417192891994,2.0516305427527
"03","La Matanza","0069PP0198","AMBA","Estatal","Oficial","2.Primaria",558,20,"61.2","Primaria",61.2,704,0.475487401457575,2.10310514418377
"05","Almirante Brown","0004PP0001","AMBA","Estatal","Oficial","2.Primaria",417,20,"61.7","Primaria",61.7,704,0.355337359153779,2.81422702746893
"01","Ensenada","0114PP0003","AMBA","Estatal","Oficial","2.Primaria",617,25,"61.7","Primaria",61.7,704,0.525762951074056,1.90199784514513
"01","La Plata","0001PP0062","AMBA","Estatal","Oficial","2.Primaria",679,24,"61.8","Primaria",61.8,704,0.578594884569342,1.72832499330566
"06","Tigre","0055PP0018","AMBA","Estatal","Oficial","2.Primaria",895,30,"61.9","Primaria",61.9,704,0.762654523843242,1.31120968765871
"03","La Matanza","0069PP0199","AMBA","Estatal","Oficial","2.Primaria",822,30,"62.2","Primaria",62.2,704,0.700449182792341,1.42765531685468
"01","La Plata","0001PP0124","AMBA","Estatal","Oficial","2.Primaria",228,8,"62.5","Primaria",62.5,704,0.194285174789116,5.14707311602871
"02","Lomas de Zamora","0062PP0082","AMBA","Estatal","Oficial","2.Primaria",625,24,"62.5","Primaria",62.5,704,0.532579974750868,1.87765227272727
"06","Tigre","0055PP0043","AMBA","Estatal","Oficial","2.Primaria",233,12,"63.2","Primaria",63.2,704,0.198545814587123,5.03662090323839
"02","Lomas de Zamora","0062PP0091","AMBA","Estatal","Oficial","2.Primaria",484,18,"63.4","Primaria",63.4,704,0.412429932447072,2.42465427779865
"02","Lomas de Zamora","0062PP0007","AMBA","Estatal","Oficial","2.Primaria",317,16,"63.9","Primaria",63.9,704,0.27012456319364,3.7019958058503
"10","Marcos Paz","0067PP0015","AMBA","Estatal","Oficial","2.Primaria",419,16,"64.599999999999994","Primaria",64.6,704,0.357041615072982,2.80079396289868
"05","Esteban Echeverría","0030PP0048","AMBA","Estatal","Oficial","2.Primaria",552,18,"64.8","Primaria",64.8,704,0.470374633699966,2.12596498270751
"09","Moreno","0073PP0059","AMBA","Estatal","Oficial","2.Primaria",436,20,"65","Primaria",65,704,0.371527790386205,2.69158869370309
"04","Berazategui","0119PP0047","AMBA","Estatal","Oficial","2.Primaria",335,12,"65.3","Primaria",65.3,704,0.285462866466465,3.50308259837178
"06","Tigre","0055PP0033","AMBA","Estatal","Oficial","2.Primaria",542,28,"65.400000000000006","Primaria",65.4,704,0.461853354103952,2.16518942888293
"02","Lomas de Zamora","0062PP0097","AMBA","Estatal","Oficial","2.Primaria",339,12,"66","Primaria",66,704,0.288871378304871,3.46174829042639
"03","La Matanza","0069PP0065","AMBA","Estatal","Oficial","2.Primaria",558,25,"66","Primaria",66,704,0.475487401457575,2.10310514418377
"05","Almirante Brown","0004PP0029","AMBA","Estatal","Oficial","2.Primaria",310,14,"66.7","Primaria",66.7,704,0.26415966747643,3.78558925953079
"10","Cañuelas","0016PP0006","AMBA","Estatal","Oficial","2.Primaria",835,24,"66.7","Primaria",66.7,704,0.711526846267159,1.40542834784976
"06","Tigre","0055PP0030","AMBA","Estatal","Oficial","2.Primaria",460,24,"66.7","Primaria",66.7,704,0.391978861416639,2.55115797924901
"02","Lomas de Zamora","0062PP0084","AMBA","Estatal","Oficial","2.Primaria",476,20,"66.7","Primaria",66.7,704,0.405612908770261,2.46540476986249
"03","La Matanza","0069PP0176","AMBA","Estatal","Oficial","2.Primaria",148,6,"66.7","Primaria",66.7,704,0.126114938021005,7.92927480036855
"09","Moreno","0073PP0077","AMBA","Estatal","Oficial","2.Primaria",542,19,"66.7","Primaria",66.7,704,0.461853354103952,2.16518942888293
"11","Escobar","0116PP0010","AMBA","Estatal","Oficial","2.Primaria",650,24,"66.7","Primaria",66.7,704,0.553883173740902,1.80543487762238
"09","José C. Paz","0132PP0001","AMBA","Estatal","Oficial","2.Primaria",809,28,"66.7","Primaria",66.7,704,0.689371519317523,1.4505966260254
"10","General Rodríguez","0044PP0012","AMBA","Estatal","Oficial","2.Primaria",957,26,"67","Primaria",67,704,0.815486457338528,1.22626193359932
"10","Mercedes","0070PP0038","AMBA","Estatal","Oficial","2.Primaria",374,12,"67.400000000000006","Primaria",67.4,704,0.318695856890919,3.1377878889159
"01","Ensenada","0114PP0007","AMBA","Estatal","Oficial","2.Primaria",327,12,"67.400000000000006","Primaria",67.4,704,0.278645842789654,3.58878492493745
"01","Ensenada","0114PP0006","AMBA","Estatal","Oficial","2.Primaria",651,24,"67.7","Primaria",67.7,704,0.554735301700504,1.80266155215752
"05","Ezeiza","0130PP0016","AMBA","Estatal","Oficial","2.Primaria",1033,33,"67.8","Primaria",67.8,704,0.880248182268234,1.13604324342163
"01","La Plata","0001PP0116","AMBA","Estatal","Oficial","2.Primaria",641,21,"68.3","Primaria",68.3,704,0.54621402210449,1.83078419727698
"05","Ezeiza","0130PP0018","AMBA","Estatal","Oficial","2.Primaria",635,20,"68.8","Primaria",68.8,704,0.541101254346881,1.84808294559771
"05","Esteban Echeverría","0030PP0011","AMBA","Estatal","Oficial","2.Primaria",796,24,"69.400000000000006","Primaria",69.4,704,0.678293855842705,1.47428727444038
"03","La Matanza","0069PP0175","AMBA","Estatal","Oficial","2.Primaria",590,24,"69.8","Primaria",69.8,704,0.502755496164819,1.98903842449923
"05","Esteban Echeverría","0030PP0017","AMBA","Estatal","Oficial","2.Primaria",802,30,"70.3","Primaria",70.3,704,0.683406623600313,1.4632576938336
"01","La Plata","0001PP0021","AMBA","Estatal","Oficial","2.Primaria",1083,41,"70.5","Primaria",70.5,704,0.922854580248303,1.08359434021657
"10","Cañuelas","0016PP0011","AMBA","Estatal","Oficial","2.Primaria",499,18,"71.599999999999994","Primaria",71.6,704,0.425211851841093,2.35176887866642
"10","General Rodríguez","0044PP0010","AMBA","Estatal","Oficial","2.Primaria",1048,30,"71.7","Primaria",71.7,704,0.893030101662255,1.1197830824948
"03","La Matanza","0069PP0196","AMBA","Estatal","Oficial","2.Primaria",1113,42,"72.2","Primaria",72.2,704,0.948418419036345,1.05438694560157
"01","La Plata","0001PP0119","AMBA","Estatal","Oficial","2.Primaria",978,32,"72.400000000000006","Primaria",72.4,704,0.833381144490158,1.19993115588399
"10","Luján","0063PP0024","AMBA","Estatal","Oficial","2.Primaria",399,23,"72.8","Primaria",72.8,704,0.339999055880954,2.94118463773069
"01","La Plata","0001PP0071","AMBA","Estatal","Oficial","2.Primaria",507,18,"73.099999999999994","Primaria",73.1,704,0.432028875517904,2.31466009951587
"03","La Matanza","0069PP0152","AMBA","Estatal","Oficial","2.Primaria",474,20,"73.3","Primaria",73.3,704,0.403908652851058,2.47580732163406
"10","Luján","0063PP0028","AMBA","Estatal","Oficial","2.Primaria",467,20,"73.8","Primaria",73.8,704,0.397943757133848,2.51291792388554
"01","Ensenada","0114PP0001","AMBA","Estatal","Oficial","2.Primaria",656,25,"74.3","Primaria",74.3,704,0.558995941498511,1.78892175374169
"05","Almirante Brown","0004PP0004","AMBA","Estatal","Oficial","2.Primaria",933,28,"74.400000000000006","Primaria",74.4,704,0.795035386308095,1.25780564893306
"01","La Plata","0001PP0020","AMBA","Estatal","Oficial","2.Primaria",446,12,"76.400000000000006","Primaria",76.4,704,0.380049069982219,2.63123917142275
"10","Luján","0063PP0029","AMBA","Estatal","Oficial","2.Primaria",319,15,"78.3","Primaria",78.3,704,0.271828819112843,3.67878580079795
"05","Ezeiza","0130PP0007","AMBA","Estatal","Oficial","2.Primaria",1446,42,"78.8","Primaria",78.8,704,1,1
"01","La Plata","0001PP0045","AMBA","Estatal","Oficial","2.Primaria",529,24,"80.2","Primaria",80.2,704,0.450775690629134,2.21839824282523
"01","La Plata","4001PP0001","AMBA","Privado","Privada","2.Primaria",930,30,"NA","Primaria",NA,418,0.795945945945946,1.25636672325976
"01","La Plata","4001PP0003","AMBA","Privado","Privada","2.Primaria",437,18,"NA","Primaria",NA,418,0.374009009009009,2.67373238588462
"01","La Plata","4001PP0006","AMBA","Privado","Privada","2.Primaria",431,18,"NA","Primaria",NA,418,0.368873873873874,2.71095371840274
"01","La Plata","4001PP0009","AMBA","Privado","Privada","2.Primaria",540,18,"NA","Primaria",NA,418,0.462162162162162,2.16374269005848
"01","La Plata","4001PP0012","AMBA","Privado","Privada","2.Primaria",370,12,"NA","Primaria",NA,418,0.316666666666667,3.15789473684211
"01","La Plata","4001PP0015","AMBA","Privado","Privada","2.Primaria",342,17,"NA","Primaria",NA,418,0.292702702702703,3.41643582640813
"01","La Plata","4001PP0018","AMBA","Privado","Privada","2.Primaria",291,14,"NA","Primaria",NA,418,0.249054054054054,4.01519262072707
"01","La Plata","4001PP0022","AMBA","Privado","Privada","2.Primaria",355,12,"NA","Primaria",NA,418,0.303828828828829,3.29132690882135
"01","La Plata","4001PP0025","AMBA","Privado","Privada","2.Primaria",465,18,"NA","Primaria",NA,418,0.397972972972973,2.51273344651952
"01","La Plata","4001PP0029","AMBA","Privado","Privada","2.Primaria",367,12,"NA","Primaria",NA,418,0.314099099099099,3.18370859027678
"01","La Plata","4001PP0032","AMBA","Privado","Privada","2.Primaria",461,18,"NA","Primaria",NA,418,0.39454954954955,2.53453590592533
"01","La Plata","4001PP0035","AMBA","Privado","Privada","2.Primaria",475,16,"NA","Primaria",NA,418,0.406531531531532,2.45983379501385
"01","La Plata","4001PP0039","AMBA","Privado","Privada","2.Primaria",538,18,"NA","Primaria",NA,418,0.46045045045045,2.17178634318137
"01","La Plata","4001PP0048","AMBA","Privado","Privada","2.Primaria",333,12,"NA","Primaria",NA,418,0.285,3.50877192982456
"01","La Plata","4001PP0708","AMBA","Privado","Privada","2.Primaria",361,16,"NA","Primaria",NA,418,0.308963963963964,3.23662341449191
"01","La Plata","4001PP1057","AMBA","Privado","Privada","2.Primaria",567,18,"NA","Primaria",NA,418,0.48527027027027,2.06070732386522
"01","La Plata","4001PP1305","AMBA","Privado","Privada","2.Primaria",477,18,"NA","Primaria",NA,418,0.408243243243243,2.4495200264813
"01","La Plata","4001PP2030","AMBA","Privado","Privada","2.Primaria",650,24,"NA","Primaria",NA,418,0.556306306306306,1.79757085020243
"01","La Plata","4001PP2934","AMBA","Privado","Privada","2.Primaria",282,12,"NA","Primaria",NA,418,0.241351351351351,4.14333706606943
"01","La Plata","4001PP5127","AMBA","Privado","Privada","2.Primaria",174,9,"NA","Primaria",NA,418,0.148918918918919,6.71506352087114
"01","La Plata","4001PP6137","AMBA","Privado","Privada","2.Primaria",95,6,"NA","Primaria",NA,418,0.0813063063063063,12.2991689750693
"01","La Plata","4001PP7315","AMBA","Privado","Privada","2.Primaria",374,12,"NA","Primaria",NA,418,0.32009009009009,3.12412046158176
"01","La Plata","4001PP8190","AMBA","Privado","Privada","2.Primaria",154,6,"NA","Primaria",NA,418,0.131801801801802,7.58714969241285
"01","La Plata","4001PP8595","AMBA","Privado","Privada","2.Primaria",254,12,"NA","Primaria",NA,418,0.217387387387387,4.6000828843763
"01","La Plata","4001PP8645","AMBA","Privado","Privada","2.Primaria",353,12,"NA","Primaria",NA,418,0.302117117117117,3.30997465334725
"01","La Plata","4001PP8967","AMBA","Privado","Privada","2.Primaria",278,12,"NA","Primaria",NA,418,0.237927927927928,4.2029534267323
"05","Almirante Brown","4004PP0067","AMBA","Privado","Privada","2.Primaria",262,14,"NA","Primaria",NA,418,0.224234234234234,4.45962233828847
"05","Almirante Brown","4004PP0071","AMBA","Privado","Privada","2.Primaria",624,20,"NA","Primaria",NA,418,0.534054054054054,1.87246963562753
"05","Almirante Brown","4004PP0076","AMBA","Privado","Privada","2.Primaria",641,24,"NA","Primaria",NA,418,0.548603603603604,1.82280975449544
"05","Almirante Brown","4004PP0080","AMBA","Privado","Privada","2.Primaria",495,22,"NA","Primaria",NA,418,0.423648648648649,2.36044657097289
"05","Almirante Brown","4004PP0680","AMBA","Privado","Privada","2.Primaria",193,11,"NA","Primaria",NA,418,0.16518018018018,6.05399509135533
"05","Almirante Brown","4004PP0919","AMBA","Privado","Privada","2.Primaria",286,12,"NA","Primaria",NA,418,0.244774774774775,4.08538829591461
"05","Almirante Brown","4004PP1834","AMBA","Privado","Privada","2.Primaria",875,27,"NA","Primaria",NA,418,0.748873873873874,1.33533834586466
"05","Almirante Brown","4004PP2058","AMBA","Privado","Privada","2.Primaria",320,12,"NA","Primaria",NA,418,0.273873873873874,3.65131578947368
"05","Almirante Brown","4004PP2439","AMBA","Privado","Privada","2.Primaria",342,12,"NA","Primaria",NA,418,0.292702702702703,3.41643582640813
"05","Almirante Brown","4004PP2583","AMBA","Privado","Privada","2.Primaria",761,24,"NA","Primaria",NA,418,0.651306306306306,1.53537589044886
"05","Almirante Brown","4004PP2665","AMBA","Privado","Privada","2.Primaria",387,12,"NA","Primaria",NA,418,0.331216216216216,3.01917584659323
"05","Almirante Brown","4004PP3330","AMBA","Privado","Privada","2.Primaria",198,11,"NA","Primaria",NA,418,0.169459459459459,5.90111642743222
"05","Almirante Brown","4004PP3482","AMBA","Privado","Privada","2.Primaria",520,17,"NA","Primaria",NA,418,0.445045045045045,2.24696356275304
"05","Almirante Brown","4004PP3601","AMBA","Privado","Privada","2.Primaria",345,12,"NA","Primaria",NA,418,0.29527027027027,3.38672768878719
"05","Almirante Brown","4004PP3772","AMBA","Privado","Privada","2.Primaria",374,17,"NA","Primaria",NA,418,0.32009009009009,3.12412046158176
"05","Almirante Brown","4004PP5132","AMBA","Privado","Privada","2.Primaria",221,8,"NA","Primaria",NA,418,0.189144144144144,5.28697308883067
"05","Almirante Brown","4004PP5921","AMBA","Privado","Privada","2.Primaria",591,18,"NA","Primaria",NA,418,0.505810810810811,1.97702377771841
"02","Avellaneda","4005PP0087","AMBA","Privado","Privada","2.Primaria",747,24,"NA","Primaria",NA,418,0.639324324324324,1.56415134221095
"02","Avellaneda","4005PP0088","AMBA","Privado","Privada","2.Primaria",561,21,"NA","Primaria",NA,418,0.480135135135135,2.08274697438784
"02","Avellaneda","4005PP0091","AMBA","Privado","Privada","2.Primaria",507,18,"NA","Primaria",NA,418,0.433918918918919,2.30457801308004
"02","Avellaneda","4005PP0095","AMBA","Privado","Privada","2.Primaria",330,12,"NA","Primaria",NA,418,0.282432432432432,3.54066985645933
"02","Avellaneda","4005PP0098","AMBA","Privado","Privada","2.Primaria",807,24,"NA","Primaria",NA,418,0.690675675675676,1.44785756212092
"02","Avellaneda","4005PP0100","AMBA","Privado","Privada","2.Primaria",414,12,"NA","Primaria",NA,418,0.354324324324324,2.82227307398932
"02","Avellaneda","4005PP0866","AMBA","Privado","Privada","2.Primaria",290,12,"NA","Primaria",NA,418,0.248198198198198,4.02903811252269
"02","Avellaneda","4005PP1704","AMBA","Privado","Privada","2.Primaria",773,24,"NA","Primaria",NA,418,0.661576576576577,1.51154081841084
"02","Avellaneda","4005PP2844","AMBA","Privado","Privada","2.Primaria",503,22,"NA","Primaria",NA,418,0.430495495495495,2.32290467719996
"02","Avellaneda","4005PP5189","AMBA","Privado","Privada","2.Primaria",639,24,"NA","Primaria",NA,418,0.546891891891892,1.82851494934519
"02","Avellaneda","4005PP5482","AMBA","Privado","Privada","2.Primaria",170,6,"NA","Primaria",NA,418,0.145495495495496,6.87306501547988
"02","Avellaneda","4005PP9009","AMBA","Privado","Privada","2.Primaria",78,6,"NA","Primaria",NA,418,0.0667567567567568,14.9797570850202
"11","Campana","4015PP2499","AMBA","Privado","Privada","2.Primaria",419,14,"NA","Primaria",NA,418,0.358603603603604,2.78859439768873
"11","Campana","4015PP3954","AMBA","Privado","Privada","2.Primaria",337,14,"NA","Primaria",NA,418,0.288423423423423,3.46712478525691
"11","Campana","4015PP8248","AMBA","Privado","Privada","2.Primaria",404,14,"NA","Primaria",NA,418,0.345765765765766,2.892131318395
"10","Cañuelas","4016PP0139","AMBA","Privado","Privada","2.Primaria",936,30,"NA","Primaria",NA,418,0.801081081081081,1.24831309041835
"10","Cañuelas","4016PP5575","AMBA","Privado","Privada","2.Primaria",182,6,"NA","Primaria",NA,418,0.155765765765766,6.4198958935801
"05","Esteban Echeverría","4030PP0164","AMBA","Privado","Privada","2.Primaria",527,18,"NA","Primaria",NA,418,0.451036036036036,2.21711774692899
"05","Esteban Echeverría","4030PP0166","AMBA","Privado","Privada","2.Primaria",721,24,"NA","Primaria",NA,418,0.617072072072072,1.62055624498139
"05","Esteban Echeverría","4030PP0943","AMBA","Privado","Privada","2.Primaria",315,14,"NA","Primaria",NA,418,0.269594594594595,3.70927318295739
"05","Esteban Echeverría","4030PP0946","AMBA","Privado","Privada","2.Primaria",267,13,"NA","Primaria",NA,418,0.228513513513514,4.37610881135423
"05","Esteban Echeverría","4030PP3485","AMBA","Privado","Privada","2.Primaria",293,11,"NA","Primaria",NA,418,0.250765765765766,3.98778516256512
"05","Esteban Echeverría","4030PP3615","AMBA","Privado","Privada","2.Primaria",309,12,"NA","Primaria",NA,418,0.264459459459459,3.78129790495657
"05","Esteban Echeverría","4030PP3993","AMBA","Privado","Privada","2.Primaria",285,16,"NA","Primaria",NA,418,0.243918918918919,4.09972299168975
"05","Esteban Echeverría","4030PP6040","AMBA","Privado","Privada","2.Primaria",585,24,"NA","Primaria",NA,418,0.500675675675676,1.99730094466937
"05","Esteban Echeverría","4030PP8244","AMBA","Privado","Privada","2.Primaria",316,12,"NA","Primaria",NA,418,0.27045045045045,3.69753497668221
"11","Exaltación de la Cruz","4031PP8398","AMBA","Privado","Privada","2.Primaria",169,6,"NA","Primaria",NA,418,0.14463963963964,6.91373403924011
"04","Florencio Varela","4032PP0168","AMBA","Privado","Privada","2.Primaria",735,30,"NA","Primaria",NA,418,0.629054054054054,1.58968850698174
"04","Florencio Varela","4032PP0884","AMBA","Privado","Privada","2.Primaria",776,26,"NA","Primaria",NA,418,0.664144144144144,1.50569723277265
"04","Florencio Varela","4032PP0921","AMBA","Privado","Privada","2.Primaria",972,36,"NA","Primaria",NA,418,0.831891891891892,1.20207927225471
"04","Florencio Varela","4032PP1131","AMBA","Privado","Privada","2.Primaria",288,12,"NA","Primaria",NA,418,0.246486486486486,4.05701754385965
"04","Florencio Varela","4032PP1957","AMBA","Privado","Privada","2.Primaria",1348,42,"NA","Primaria",NA,418,1,1
"04","Florencio Varela","4032PP2599","AMBA","Privado","Privada","2.Primaria",728,21,"NA","Primaria",NA,418,0.623063063063063,1.60497397339503
"04","Florencio Varela","4032PP3109","AMBA","Privado","Privada","2.Primaria",392,17,"NA","Primaria",NA,418,0.335495495495496,2.98066595059076
"04","Florencio Varela","4032PP3560","AMBA","Privado","Privada","2.Primaria",575,24,"NA","Primaria",NA,418,0.492117117117117,2.03203661327231
"04","Florencio Varela","4032PP5234","AMBA","Privado","Privada","2.Primaria",262,12,"NA","Primaria",NA,418,0.224234234234234,4.45962233828847
"04","Florencio Varela","4032PP5548","AMBA","Privado","Privada","2.Primaria",466,18,"NA","Primaria",NA,418,0.398828828828829,2.50734131466004
"04","Florencio Varela","4032PP5800","AMBA","Privado","Privada","2.Primaria",801,30,"NA","Primaria",NA,418,0.685540540540541,1.45870293711808
"10","General Rodríguez","4044PP0264","AMBA","Privado","Privada","2.Primaria",545,18,"NA","Primaria",NA,418,0.466441441441441,2.14389183969097
"10","General Rodríguez","4044PP0266","AMBA","Privado","Privada","2.Primaria",572,18,"NA","Primaria",NA,418,0.48954954954955,2.04269414795731
"10","General Rodríguez","4044PP5313","AMBA","Privado","Privada","2.Primaria",332,11,"NA","Primaria",NA,418,0.284144144144144,3.51934051997464
"07","General San Martín","4045PP0210","AMBA","Privado","Privada","2.Primaria",1040,30,"NA","Primaria",NA,418,0.89009009009009,1.12348178137652
"07","General San Martín","4045PP0212","AMBA","Privado","Privada","2.Primaria",151,7,"NA","Primaria",NA,418,0.129234234234234,7.73788776577205
"07","General San Martín","4045PP0218","AMBA","Privado","Privada","2.Primaria",1163,48,"NA","Primaria",NA,418,0.99536036036036,1.00466126623524
"07","General San Martín","4045PP0219","AMBA","Privado","Privada","2.Primaria",426,15,"NA","Primaria",NA,418,0.364594594594595,2.74277242401779
"07","General San Martín","4045PP0224","AMBA","Privado","Privada","2.Primaria",693,24,"NA","Primaria",NA,418,0.593108108108108,1.68603326498063
"07","General San Martín","4045PP0226","AMBA","Privado","Privada","2.Primaria",232,13,"NA","Primaria",NA,418,0.198558558558559,5.03629764065336
"07","General San Martín","4045PP0233","AMBA","Privado","Privada","2.Primaria",465,18,"NA","Primaria",NA,418,0.397972972972973,2.51273344651952
"07","General San Martín","4045PP0236","AMBA","Privado","Privada","2.Primaria",666,21,"NA","Primaria",NA,418,0.57,1.75438596491228
"07","General San Martín","4045PP1012","AMBA","Privado","Privada","2.Primaria",276,12,"NA","Primaria",NA,418,0.236216216216216,4.23340961098398
"07","General San Martín","4045PP1098","AMBA","Privado","Privada","2.Primaria",514,24,"NA","Primaria",NA,418,0.43990990990991,2.27319270939996
"07","General San Martín","4045PP1524","AMBA","Privado","Privada","2.Primaria",427,24,"NA","Primaria",NA,418,0.36545045045045,2.7363490693948
"07","General San Martín","4045PP1943","AMBA","Privado","Privada","2.Primaria",240,11,"NA","Primaria",NA,418,0.205405405405405,4.86842105263158
"07","General San Martín","4045PP5857","AMBA","Privado","Privada","2.Primaria",277,12,"NA","Primaria",NA,418,0.237072072072072,4.21812654379631
"11","Zárate","4047PP1268","AMBA","Privado","Privada","2.Primaria",701,27,"NA","Primaria",NA,418,0.599954954954955,1.66679180118628
"11","Zárate","4047PP5603","AMBA","Privado","Privada","2.Primaria",336,12,"NA","Primaria",NA,418,0.287567567567568,3.47744360902256
"11","Zárate","4047PP8010","AMBA","Privado","Privada","2.Primaria",200,8,"NA","Primaria",NA,418,0.171171171171171,5.84210526315789
"06","Tigre","4055PP0558","AMBA","Privado","Privada","2.Primaria",481,18,"NA","Primaria",NA,418,0.411666666666667,2.42914979757085
"06","Tigre","4055PP0561","AMBA","Privado","Privada","2.Primaria",428,18,"NA","Primaria",NA,418,0.366306306306306,2.72995573044761
"06","Tigre","4055PP0765","AMBA","Privado","Privada","2.Primaria",448,18,"NA","Primaria",NA,418,0.383423423423423,2.60808270676692
"06","Tigre","4055PP1047","AMBA","Privado","Privada","2.Primaria",447,16,"NA","Primaria",NA,418,0.382567567567568,2.61391734369481
"06","Tigre","4055PP1168","AMBA","Privado","Privada","2.Primaria",457,18,"NA","Primaria",NA,418,0.391126126126126,2.55672002764022
"06","Tigre","4055PP1950","AMBA","Privado","Privada","2.Primaria",356,12,"NA","Primaria",NA,418,0.304684684684685,3.28208160851567
"06","Tigre","4055PP2513","AMBA","Privado","Privada","2.Primaria",386,16,"NA","Primaria",NA,418,0.33036036036036,3.02699754567767
"06","Tigre","4055PP2666","AMBA","Privado","Privada","2.Primaria",825,30,"NA","Primaria",NA,418,0.706081081081081,1.41626794258373
"06","Tigre","4055PP2759","AMBA","Privado","Privada","2.Primaria",266,15,"NA","Primaria",NA,418,0.227657657657658,4.39256034823902
"06","Tigre","4055PP3476","AMBA","Privado","Privada","2.Primaria",406,18,"NA","Primaria",NA,418,0.347477477477477,2.87788436608763
"06","Tigre","4055PP5676","AMBA","Privado","Privada","2.Primaria",274,12,"NA","Primaria",NA,418,0.234504504504504,4.26431041106416
"06","Tigre","4055PP6135","AMBA","Privado","Privada","2.Primaria",508,18,"NA","Primaria",NA,418,0.434774774774775,2.30004144218815
"06","Tigre","4055PP6200","AMBA","Privado","Privada","2.Primaria",288,12,"NA","Primaria",NA,418,0.246486486486486,4.05701754385965
"06","Tigre","4055PP7946","AMBA","Privado","Privada","2.Primaria",441,18,"NA","Primaria",NA,418,0.377432432432432,2.64948084496957
"06","Tigre","4055PP8372","AMBA","Privado","Privada","2.Primaria",209,12,"NA","Primaria",NA,418,0.178873873873874,5.59053135230421
"06","Tigre","4055PP8918","AMBA","Privado","Privada","2.Primaria",133,6,"NA","Primaria",NA,418,0.113828828828829,8.78512069647804
"02","Lomas de Zamora","4062PP0077","AMBA","Privado","Privada","2.Primaria",317,12,"NA","Primaria",NA,418,0.271306306306306,3.68587082849079
"02","Lomas de Zamora","4062PP0305","AMBA","Privado","Privada","2.Primaria",583,18,"NA","Primaria",NA,418,0.498963963963964,2.00415274893924
"02","Lomas de Zamora","4062PP0310","AMBA","Privado","Privada","2.Primaria",493,18,"NA","Primaria",NA,418,0.421936936936937,2.37002241913099
"02","Lomas de Zamora","4062PP0313","AMBA","Privado","Privada","2.Primaria",197,6,"NA","Primaria",NA,418,0.168603603603604,5.93107133315522
"02","Lomas de Zamora","4062PP0317","AMBA","Privado","Privada","2.Primaria",355,13,"NA","Primaria",NA,418,0.303828828828829,3.29132690882135
"02","Lomas de Zamora","4062PP0320","AMBA","Privado","Privada","2.Primaria",174,8,"NA","Primaria",NA,418,0.148918918918919,6.71506352087114
"02","Lomas de Zamora","4062PP0323","AMBA","Privado","Privada","2.Primaria",227,12,"NA","Primaria",NA,418,0.194279279279279,5.14722930674704
"02","Lomas de Zamora","4062PP0328","AMBA","Privado","Privada","2.Primaria",341,12,"NA","Primaria",NA,418,0.291846846846847,3.42645469979935
"02","Lomas de Zamora","4062PP0685","AMBA","Privado","Privada","2.Primaria",273,12,"NA","Primaria",NA,418,0.233648648648649,4.27993059572007
"02","Lomas de Zamora","4062PP0743","AMBA","Privado","Privada","2.Primaria",527,18,"NA","Primaria",NA,418,0.451036036036036,2.21711774692899
"02","Lomas de Zamora","4062PP0932","AMBA","Privado","Privada","2.Primaria",864,30,"NA","Primaria",NA,418,0.739459459459459,1.35233918128655
"02","Lomas de Zamora","4062PP0979","AMBA","Privado","Privada","2.Primaria",494,18,"NA","Primaria",NA,418,0.422792792792793,2.36522480289793
"02","Lomas de Zamora","4062PP1132","AMBA","Privado","Privada","2.Primaria",302,12,"NA","Primaria",NA,418,0.258468468468468,3.86894388288602
"02","Lomas de Zamora","4062PP1182","AMBA","Privado","Privada","2.Primaria",492,19,"NA","Primaria",NA,418,0.421081081081081,2.37483953786906
"02","Lomas de Zamora","4062PP1662","AMBA","Privado","Privada","2.Primaria",366,14,"NA","Primaria",NA,418,0.313243243243243,3.19240724762726
"02","Lomas de Zamora","4062PP2031","AMBA","Privado","Privada","2.Primaria",660,24,"NA","Primaria",NA,418,0.564864864864865,1.77033492822966
"02","Lomas de Zamora","4062PP2437","AMBA","Privado","Privada","2.Primaria",332,12,"NA","Primaria",NA,418,0.284144144144144,3.51934051997464
"02","Lomas de Zamora","4062PP2843","AMBA","Privado","Privada","2.Primaria",327,12,"NA","Primaria",NA,418,0.279864864864865,3.57315306615162
"02","Lomas de Zamora","4062PP3333","AMBA","Privado","Privada","2.Primaria",239,11,"NA","Primaria",NA,418,0.20454954954955,4.88879101519489
"02","Lomas de Zamora","4062PP3995","AMBA","Privado","Privada","2.Primaria",489,18,"NA","Primaria",NA,418,0.418513513513514,2.38940910558605
"02","Lomas de Zamora","4062PP5436","AMBA","Privado","Privada","2.Primaria",682,23,"NA","Primaria",NA,418,0.583693693693694,1.71322734989968
"02","Lomas de Zamora","4062PP5778","AMBA","Privado","Privada","2.Primaria",308,12,"NA","Primaria",NA,418,0.263603603603604,3.79357484620642
"02","Lomas de Zamora","4062PP6407","AMBA","Privado","Privada","2.Primaria",584,18,"NA","Primaria",NA,418,0.49981981981982,2.00072098053353
"02","Lomas de Zamora","4062PP7669","AMBA","Privado","Privada","2.Primaria",615,18,"NA","Primaria",NA,418,0.526351351351351,1.89987163029525
"02","Lomas de Zamora","4062PP8108","AMBA","Privado","Privada","2.Primaria",283,12,"NA","Primaria",NA,418,0.242207207207207,4.12869629905152
"10","Luján","4063PP0330","AMBA","Privado","Privada","2.Primaria",189,6,"NA","Primaria",NA,418,0.161756756756757,6.18212197159566
"10","Luján","4063PP0671","AMBA","Privado","Privada","2.Primaria",366,12,"NA","Primaria",NA,418,0.313243243243243,3.19240724762726
"10","Luján","4063PP6249","AMBA","Privado","Privada","2.Primaria",289,11,"NA","Primaria",NA,418,0.247342342342342,4.04297942087052
"10","Luján","4063PP9001","AMBA","Privado","Privada","2.Primaria",87,6,"NA","Primaria",NA,418,0.0744594594594595,13.4301270417423
"10","Marcos Paz","4067PP5027","AMBA","Privado","Privada","2.Primaria",328,12,"NA","Primaria",NA,418,0.280720720720721,3.56225930680359
"03","La Matanza","4069PP0342","AMBA","Privado","Privada","2.Primaria",297,12,"NA","Primaria",NA,418,0.254189189189189,3.93407761828814
"03","La Matanza","4069PP0347","AMBA","Privado","Privada","2.Primaria",365,20,"NA","Primaria",NA,418,0.312387387387387,3.20115356885364
"03","La Matanza","4069PP0353","AMBA","Privado","Privada","2.Primaria",645,23,"NA","Primaria",NA,418,0.552027027027027,1.81150550795594
"03","La Matanza","4069PP0356","AMBA","Privado","Privada","2.Primaria",533,18,"NA","Primaria",NA,418,0.456171171171171,2.1921595734176
"03","La Matanza","4069PP0361","AMBA","Privado","Privada","2.Primaria",361,12,"NA","Primaria",NA,418,0.308963963963964,3.23662341449191
"03","La Matanza","4069PP0362","AMBA","Privado","Privada","2.Primaria",888,30,"NA","Primaria",NA,418,0.76,1.31578947368421
"03","La Matanza","4069PP0365","AMBA","Privado","Privada","2.Primaria",547,22,"NA","Primaria",NA,418,0.468153153153153,2.13605311267199
"03","La Matanza","4069PP0367","AMBA","Privado","Privada","2.Primaria",724,24,"NA","Primaria",NA,418,0.61963963963964,1.61384123291655
"03","La Matanza","4069PP0369","AMBA","Privado","Privada","2.Primaria",550,24,"NA","Primaria",NA,418,0.470720720720721,2.1244019138756
"03","La Matanza","4069PP0370","AMBA","Privado","Privada","2.Primaria",696,24,"NA","Primaria",NA,418,0.595675675675676,1.67876588021779
"03","La Matanza","4069PP0372","AMBA","Privado","Privada","2.Primaria",854,30,"NA","Primaria",NA,418,0.730900900900901,1.3681745346974
"03","La Matanza","4069PP0965","AMBA","Privado","Privada","2.Primaria",340,16,"NA","Primaria",NA,418,0.290990990990991,3.43653250773994
"03","La Matanza","4069PP1076","AMBA","Privado","Privada","2.Primaria",409,17,"NA","Primaria",NA,418,0.350045045045045,2.85677518980826
"03","La Matanza","4069PP1163","AMBA","Privado","Privada","2.Primaria",680,24,"NA","Primaria",NA,418,0.581981981981982,1.71826625386997
"03","La Matanza","4069PP1208","AMBA","Privado","Privada","2.Primaria",609,24,"NA","Primaria",NA,418,0.521216216216216,1.91858957739176
"03","La Matanza","4069PP1571","AMBA","Privado","Privada","2.Primaria",683,24,"NA","Primaria",NA,418,0.58454954954955,1.71071896432149
"03","La Matanza","4069PP1703","AMBA","Privado","Privada","2.Primaria",451,16,"NA","Primaria",NA,418,0.385990990990991,2.59073404131171
"03","La Matanza","4069PP1723","AMBA","Privado","Privada","2.Primaria",794,24,"NA","Primaria",NA,418,0.67954954954955,1.47156303857881
"03","La Matanza","4069PP1846","AMBA","Privado","Privada","2.Primaria",507,18,"NA","Primaria",NA,418,0.433918918918919,2.30457801308004
"03","La Matanza","4069PP1958","AMBA","Privado","Privada","2.Primaria",335,17,"NA","Primaria",NA,418,0.286711711711712,3.48782403770621
"03","La Matanza","4069PP2118","AMBA","Privado","Privada","2.Primaria",211,12,"NA","Primaria",NA,418,0.180585585585586,5.53754053379895
"03","La Matanza","4069PP2188","AMBA","Privado","Privada","2.Primaria",408,20,"NA","Primaria",NA,418,0.349189189189189,2.86377708978328
"03","La Matanza","4069PP2351","AMBA","Privado","Privada","2.Primaria",859,27,"NA","Primaria",NA,418,0.73518018018018,1.36021077139881
"03","La Matanza","4069PP2383","AMBA","Privado","Privada","2.Primaria",651,21,"NA","Primaria",NA,418,0.557162162162162,1.7948096046568
"03","La Matanza","4069PP2427","AMBA","Privado","Privada","2.Primaria",821,24,"NA","Primaria",NA,418,0.702657657657658,1.4231681518046
"03","La Matanza","4069PP2436","AMBA","Privado","Privada","2.Primaria",728,27,"NA","Primaria",NA,418,0.623063063063063,1.60497397339503
"03","La Matanza","4069PP2570","AMBA","Privado","Privada","2.Primaria",499,18,"NA","Primaria",NA,418,0.427072072072072,2.34152515557431
"03","La Matanza","4069PP2631","AMBA","Privado","Privada","2.Primaria",569,18,"NA","Primaria",NA,418,0.486981981981982,2.05346406437887
"03","La Matanza","4069PP2654","AMBA","Privado","Privada","2.Primaria",1092,30,"NA","Primaria",NA,418,0.934594594594595,1.06998264893002
"03","La Matanza","4069PP2705","AMBA","Privado","Privada","2.Primaria",562,24,"NA","Primaria",NA,418,0.480990990990991,2.0790410189174
"03","La Matanza","4069PP2783","AMBA","Privado","Privada","2.Primaria",473,15,"NA","Primaria",NA,418,0.40481981981982,2.47023478357628
"03","La Matanza","4069PP3125","AMBA","Privado","Privada","2.Primaria",580,19,"NA","Primaria",NA,418,0.496396396396396,2.01451905626134
"03","La Matanza","4069PP3146","AMBA","Privado","Privada","2.Primaria",1112,39,"NA","Primaria",NA,418,0.951711711711712,1.05073835668307
"03","La Matanza","4069PP3185","AMBA","Privado","Privada","2.Primaria",397,12,"NA","Primaria",NA,418,0.339774774774775,2.94312607715763
"03","La Matanza","4069PP3204","AMBA","Privado","Privada","2.Primaria",335,14,"NA","Primaria",NA,418,0.286711711711712,3.48782403770621
"03","La Matanza","4069PP3470","AMBA","Privado","Privada","2.Primaria",535,18,"NA","Primaria",NA,418,0.457882882882883,2.18396458435809
"03","La Matanza","4069PP3493","AMBA","Privado","Privada","2.Primaria",418,12,"NA","Primaria",NA,418,0.357747747747748,2.7952656761521
"03","La Matanza","4069PP3907","AMBA","Privado","Privada","2.Primaria",215,8,"NA","Primaria",NA,418,0.184009009009009,5.43451652386781
"03","La Matanza","4069PP5082","AMBA","Privado","Privada","2.Primaria",293,12,"NA","Primaria",NA,418,0.250765765765766,3.98778516256512
"03","La Matanza","4069PP5489","AMBA","Privado","Privada","2.Primaria",301,12,"NA","Primaria",NA,418,0.257612612612613,3.88179751704844
"03","La Matanza","4069PP5922","AMBA","Privado","Privada","2.Primaria",196,6,"NA","Primaria",NA,418,0.167747747747748,5.96133190118153
"03","La Matanza","4069PP8141","AMBA","Privado","Privada","2.Primaria",157,10,"NA","Primaria",NA,418,0.134369369369369,7.44217230975528
"03","La Matanza","4069PP8535","AMBA","Privado","Privada","2.Primaria",310,12,"NA","Primaria",NA,418,0.265315315315315,3.76910016977929
"03","La Matanza","4069PP8746","AMBA","Privado","Privada","2.Primaria",221,12,"NA","Primaria",NA,418,0.189144144144144,5.28697308883067
"10","Mercedes","4070PP0376","AMBA","Privado","Privada","2.Primaria",334,12,"NA","Primaria",NA,418,0.285855855855856,3.49826662464545
"10","Mercedes","4070PP2797","AMBA","Privado","Privada","2.Primaria",312,12,"NA","Primaria",NA,418,0.267027027027027,3.74493927125506
"08","Merlo","4071PP0379","AMBA","Privado","Privada","2.Primaria",653,24,"NA","Primaria",NA,418,0.558873873873874,1.78931248488756
"08","Merlo","4071PP0382","AMBA","Privado","Privada","2.Primaria",482,18,"NA","Primaria",NA,418,0.412522522522523,2.42411006770037
"08","Merlo","4071PP0385","AMBA","Privado","Privada","2.Primaria",560,24,"NA","Primaria",NA,418,0.479279279279279,2.08646616541353
"08","Merlo","4071PP0387","AMBA","Privado","Privada","2.Primaria",577,18,"NA","Primaria",NA,418,0.493828828828829,2.0249931588069
"08","Merlo","4071PP0389","AMBA","Privado","Privada","2.Primaria",466,18,"NA","Primaria",NA,418,0.398828828828829,2.50734131466004
"08","Merlo","4071PP1089","AMBA","Privado","Privada","2.Primaria",496,18,"NA","Primaria",NA,418,0.424504504504504,2.35568760611205
"08","Merlo","4071PP2381","AMBA","Privado","Privada","2.Primaria",635,24,"NA","Primaria",NA,418,0.543468468468468,1.84003315375052
"08","Merlo","4071PP2479","AMBA","Privado","Privada","2.Primaria",559,18,"NA","Primaria",NA,418,0.478423423423423,2.09019866302608
"08","Merlo","4071PP2858","AMBA","Privado","Privada","2.Primaria",188,6,"NA","Primaria",NA,418,0.160900900900901,6.21500559910414
"08","Merlo","4071PP3710","AMBA","Privado","Privada","2.Primaria",296,12,"NA","Primaria",NA,418,0.253333333333333,3.94736842105263
"08","Merlo","4071PP3750","AMBA","Privado","Privada","2.Primaria",740,28,"NA","Primaria",NA,418,0.633333333333333,1.57894736842105
"08","Merlo","4071PP3780","AMBA","Privado","Privada","2.Primaria",640,18,"NA","Primaria",NA,418,0.547747747747748,1.82565789473684
"08","Merlo","4071PP5037","AMBA","Privado","Privada","2.Primaria",538,17,"NA","Primaria",NA,418,0.46045045045045,2.17178634318137
"08","Merlo","4071PP5494","AMBA","Privado","Privada","2.Primaria",349,12,"NA","Primaria",NA,418,0.298693693693694,3.34791132559192
"09","Moreno","4073PP0392","AMBA","Privado","Privada","2.Primaria",518,18,"NA","Primaria",NA,418,0.443333333333333,2.25563909774436
"09","Moreno","4073PP0395","AMBA","Privado","Privada","2.Primaria",473,16,"NA","Primaria",NA,418,0.40481981981982,2.47023478357628
"09","Moreno","4073PP0746","AMBA","Privado","Privada","2.Primaria",484,18,"NA","Primaria",NA,418,0.414234234234234,2.41409308394954
"09","Moreno","4073PP1054","AMBA","Privado","Privada","2.Primaria",374,12,"NA","Primaria",NA,418,0.32009009009009,3.12412046158176
"09","Moreno","4073PP1328","AMBA","Privado","Privada","2.Primaria",975,28,"NA","Primaria",NA,418,0.834459459459459,1.19838056680162
"09","Moreno","4073PP2210","AMBA","Privado","Privada","2.Primaria",805,28,"NA","Primaria",NA,418,0.688963963963964,1.45145472376594
"09","Moreno","4073PP2422","AMBA","Privado","Privada","2.Primaria",503,19,"NA","Primaria",NA,418,0.430495495495495,2.32290467719996
"09","Moreno","4073PP3087","AMBA","Privado","Privada","2.Primaria",226,12,"NA","Primaria",NA,418,0.193423423423423,5.17000465766185
"09","Moreno","4073PP3169","AMBA","Privado","Privada","2.Primaria",920,37,"NA","Primaria",NA,418,0.787387387387387,1.27002288329519
"09","Moreno","4073PP3324","AMBA","Privado","Privada","2.Primaria",435,16,"NA","Primaria",NA,418,0.372297297297297,2.68602540834846
"09","Moreno","4073PP3661","AMBA","Privado","Privada","2.Primaria",572,17,"NA","Primaria",NA,418,0.48954954954955,2.04269414795731
"09","Moreno","4073PP3782","AMBA","Privado","Privada","2.Primaria",760,22,"NA","Primaria",NA,418,0.65045045045045,1.53739612188366
"09","Moreno","4073PP3875","AMBA","Privado","Privada","2.Primaria",390,22,"NA","Primaria",NA,418,0.333783783783784,2.99595141700405
"09","Moreno","4073PP5106","AMBA","Privado","Privada","2.Primaria",731,23,"NA","Primaria",NA,418,0.625630630630631,1.5983872129023
"09","Moreno","4073PP5384","AMBA","Privado","Privada","2.Primaria",279,11,"NA","Primaria",NA,418,0.238783783783784,4.18788907753254
"09","Moreno","4073PP6204","AMBA","Privado","Privada","2.Primaria",289,12,"NA","Primaria",NA,418,0.247342342342342,4.04297942087052
"09","Moreno","4073PP7530","AMBA","Privado","Privada","2.Primaria",234,12,"NA","Primaria",NA,418,0.20027027027027,4.99325236167341
"10","Navarro","4074PP0643","AMBA","Privado","Privada","2.Primaria",476,18,"NA","Primaria",NA,418,0.407387387387387,2.4546660769571
"11","Pilar","4083PP0464","AMBA","Privado","Privada","2.Primaria",326,12,"NA","Primaria",NA,418,0.279009009009009,3.58411365837908
"11","Pilar","4083PP0467","AMBA","Privado","Privada","2.Primaria",689,24,"NA","Primaria",NA,418,0.589684684684685,1.69582155679474
"11","Pilar","4083PP0468","AMBA","Privado","Privada","2.Primaria",547,18,"NA","Primaria",NA,418,0.468153153153153,2.13605311267199
"11","Pilar","4083PP1242","AMBA","Privado","Privada","2.Primaria",795,24,"NA","Primaria",NA,418,0.680405405405405,1.46971201588878
"11","Pilar","4083PP1778","AMBA","Privado","Privada","2.Primaria",328,18,"NA","Primaria",NA,418,0.280720720720721,3.56225930680359
"11","Pilar","4083PP2114","AMBA","Privado","Privada","2.Primaria",279,12,"NA","Primaria",NA,418,0.238783783783784,4.18788907753254
"11","Pilar","4083PP2591","AMBA","Privado","Privada","2.Primaria",279,8,"NA","Primaria",NA,418,0.238783783783784,4.18788907753254
"11","Pilar","4083PP2818","AMBA","Privado","Privada","2.Primaria",653,18,"NA","Primaria",NA,418,0.558873873873874,1.78931248488756
"11","Pilar","4083PP3657","AMBA","Privado","Privada","2.Primaria",722,24,"NA","Primaria",NA,418,0.617927927927928,1.61831170724595
"11","Pilar","4083PP3787","AMBA","Privado","Privada","2.Primaria",251,12,"NA","Primaria",NA,418,0.21481981981982,4.65506395470749
"11","Pilar","4083PP5141","AMBA","Privado","Privada","2.Primaria",411,16,"NA","Primaria",NA,418,0.351756756756757,2.8428736073761
"11","Pilar","4083PP5558","AMBA","Privado","Privada","2.Primaria",251,14,"NA","Primaria",NA,418,0.21481981981982,4.65506395470749
"11","Pilar","4083PP6084","AMBA","Privado","Privada","2.Primaria",724,32,"NA","Primaria",NA,418,0.61963963963964,1.61384123291655
"11","Pilar","4083PP6155","AMBA","Privado","Privada","2.Primaria",488,18,"NA","Primaria",NA,418,0.417657657657658,2.39430543572045
"11","Pilar","4083PP6220","AMBA","Privado","Privada","2.Primaria",522,24,"NA","Primaria",NA,418,0.446756756756757,2.23835450695705
"11","Pilar","4083PP7472","AMBA","Privado","Privada","2.Primaria",295,12,"NA","Primaria",NA,418,0.252477477477477,3.96074933095451
"11","Pilar","4083PP8658","AMBA","Privado","Privada","2.Primaria",203,9,"NA","Primaria",NA,418,0.173738738738739,5.75576873217527
"04","Quilmes","4085PP0475","AMBA","Privado","Privada","2.Primaria",697,24,"NA","Primaria",NA,418,0.596531531531531,1.67635732084875
"04","Quilmes","4085PP0478","AMBA","Privado","Privada","2.Primaria",274,9,"NA","Primaria",NA,418,0.234504504504504,4.26431041106416
"04","Quilmes","4085PP0480","AMBA","Privado","Privada","2.Primaria",350,15,"NA","Primaria",NA,418,0.29954954954955,3.33834586466165
"04","Quilmes","4085PP0483","AMBA","Privado","Privada","2.Primaria",595,19,"NA","Primaria",NA,418,0.509234234234234,1.96373286156568
"04","Quilmes","4085PP0485","AMBA","Privado","Privada","2.Primaria",1196,42,"NA","Primaria",NA,418,1,1
"04","Quilmes","4085PP0486","AMBA","Privado","Privada","2.Primaria",478,18,"NA","Primaria",NA,418,0.409099099099099,2.44439550759745
"04","Quilmes","4085PP0489","AMBA","Privado","Privada","2.Primaria",631,22,"NA","Primaria",NA,418,0.540045045045045,1.8516973892735
"04","Quilmes","4085PP0663","AMBA","Privado","Privada","2.Primaria",173,6,"NA","Primaria",NA,418,0.148063063063063,6.75387891694554
"04","Quilmes","4085PP0760","AMBA","Privado","Privada","2.Primaria",406,18,"NA","Primaria",NA,418,0.347477477477477,2.87788436608763
"04","Quilmes","4085PP1058","AMBA","Privado","Privada","2.Primaria",477,18,"NA","Primaria",NA,418,0.408243243243243,2.4495200264813
"04","Quilmes","4085PP1194","AMBA","Privado","Privada","2.Primaria",800,24,"NA","Primaria",NA,418,0.684684684684685,1.46052631578947
"04","Quilmes","4085PP1553","AMBA","Privado","Privada","2.Primaria",518,18,"NA","Primaria",NA,418,0.443333333333333,2.25563909774436
"04","Quilmes","4085PP1838","AMBA","Privado","Privada","2.Primaria",679,24,"NA","Primaria",NA,418,0.581126126126126,1.72079683745446
"04","Quilmes","4085PP2402","AMBA","Privado","Privada","2.Primaria",223,8,"NA","Primaria",NA,418,0.190855855855856,5.23955628982771
"04","Quilmes","4085PP2985","AMBA","Privado","Privada","2.Primaria",155,6,"NA","Primaria",NA,418,0.132657657657658,7.53820033955857
"04","Quilmes","4085PP3325","AMBA","Privado","Privada","2.Primaria",501,16,"NA","Primaria",NA,418,0.428783783783784,2.33217774976363
"04","Quilmes","4085PP3966","AMBA","Privado","Privada","2.Primaria",420,14,"NA","Primaria",NA,418,0.359459459459459,2.78195488721805
"04","Quilmes","4085PP5487","AMBA","Privado","Privada","2.Primaria",140,6,"NA","Primaria",NA,418,0.11981981981982,8.34586466165413
"04","Quilmes","4085PP8640","AMBA","Privado","Privada","2.Primaria",258,12,"NA","Primaria",NA,418,0.220810810810811,4.52876376988984
"06","San Fernando","4095PP0503","AMBA","Privado","Privada","2.Primaria",455,18,"NA","Primaria",NA,418,0.389414414414414,2.56795835743204
"06","San Fernando","4095PP0506","AMBA","Privado","Privada","2.Primaria",407,18,"NA","Primaria",NA,418,0.348333333333333,2.87081339712919
"06","San Fernando","4095PP0509","AMBA","Privado","Privada","2.Primaria",541,18,"NA","Primaria",NA,418,0.463018018018018,2.15974316567759
"06","San Fernando","4095PP0650","AMBA","Privado","Privada","2.Primaria",309,12,"NA","Primaria",NA,418,0.264459459459459,3.78129790495657
"06","San Fernando","4095PP1024","AMBA","Privado","Privada","2.Primaria",351,14,"NA","Primaria",NA,418,0.300405405405405,3.32883490778228
"06","San Fernando","4095PP3192","AMBA","Privado","Privada","2.Primaria",352,12,"NA","Primaria",NA,418,0.301261261261261,3.31937799043062
"06","San Fernando","4095PP5290","AMBA","Privado","Privada","2.Primaria",174,9,"NA","Primaria",NA,418,0.148918918918919,6.71506352087114
"06","San Isidro","4096PP0516","AMBA","Privado","Privada","2.Primaria",386,16,"NA","Primaria",NA,418,0.33036036036036,3.02699754567767
"06","San Isidro","4096PP0524","AMBA","Privado","Privada","2.Primaria",275,14,"NA","Primaria",NA,418,0.23536036036036,4.2488038277512
"06","San Isidro","4096PP0532","AMBA","Privado","Privada","2.Primaria",354,12,"NA","Primaria",NA,418,0.302972972972973,3.30062444246209
"06","San Isidro","4096PP0534","AMBA","Privado","Privada","2.Primaria",379,12,"NA","Primaria",NA,418,0.324369369369369,3.08290515206221
"06","San Isidro","4096PP0539","AMBA","Privado","Privada","2.Primaria",239,10,"NA","Primaria",NA,418,0.20454954954955,4.88879101519489
"06","San Isidro","4096PP0543","AMBA","Privado","Privada","2.Primaria",190,10,"NA","Primaria",NA,418,0.162612612612613,6.14958448753463
"06","San Isidro","4096PP0696","AMBA","Privado","Privada","2.Primaria",483,18,"NA","Primaria",NA,418,0.413378378378378,2.41909120627656
"06","San Isidro","4096PP0784","AMBA","Privado","Privada","2.Primaria",286,15,"NA","Primaria",NA,418,0.244774774774775,4.08538829591461
"06","San Isidro","4096PP1023","AMBA","Privado","Privada","2.Primaria",308,12,"NA","Primaria",NA,418,0.263603603603604,3.79357484620642
"06","San Isidro","4096PP1361","AMBA","Privado","Privada","2.Primaria",642,28,"NA","Primaria",NA,418,0.54945945945946,1.81997048696508
"06","San Isidro","4096PP1849","AMBA","Privado","Privada","2.Primaria",242,10,"NA","Primaria",NA,418,0.207117117117117,4.82818616789909
"06","San Isidro","4096PP3044","AMBA","Privado","Privada","2.Primaria",227,9,"NA","Primaria",NA,418,0.194279279279279,5.14722930674704
"06","San Isidro","4096PP5338","AMBA","Privado","Privada","2.Primaria",260,12,"NA","Primaria",NA,418,0.222522522522523,4.49392712550607
"05","San Vicente","4099PP0550","AMBA","Privado","Privada","2.Primaria",531,18,"NA","Primaria",NA,418,0.454459459459459,2.20041629497472
"05","San Vicente","4099PP8716","AMBA","Privado","Privada","2.Primaria",387,12,"NA","Primaria",NA,418,0.331216216216216,3.01917584659323
"08","Morón","4100PP0404","AMBA","Privado","Privada","2.Primaria",445,18,"NA","Primaria",NA,418,0.380855855855856,2.62566528681254
"08","Morón","4100PP0410","AMBA","Privado","Privada","2.Primaria",490,18,"NA","Primaria",NA,418,0.419369369369369,2.38453276047261
"08","Morón","4100PP0416","AMBA","Privado","Privada","2.Primaria",399,12,"NA","Primaria",NA,418,0.341486486486486,2.92837356549268
"08","Morón","4100PP0425","AMBA","Privado","Privada","2.Primaria",477,18,"NA","Primaria",NA,418,0.408243243243243,2.4495200264813
"08","Morón","4100PP0429","AMBA","Privado","Privada","2.Primaria",434,18,"NA","Primaria",NA,418,0.371441441441441,2.6922144069852
"08","Morón","4100PP0435","AMBA","Privado","Privada","2.Primaria",507,18,"NA","Primaria",NA,418,0.433918918918919,2.30457801308004
"08","Morón","4100PP0641","AMBA","Privado","Privada","2.Primaria",373,12,"NA","Primaria",NA,418,0.319234234234234,3.13249611965571
"08","Morón","4100PP0747","AMBA","Privado","Privada","2.Primaria",976,30,"NA","Primaria",NA,418,0.835315315315315,1.19715271786022
"08","Morón","4100PP0871","AMBA","Privado","Privada","2.Primaria",329,17,"NA","Primaria",NA,418,0.281576576576577,3.55143177091665
"08","Morón","4100PP1053","AMBA","Privado","Privada","2.Primaria",761,24,"NA","Primaria",NA,418,0.651306306306306,1.53537589044886
"08","Morón","4100PP1559","AMBA","Privado","Privada","2.Primaria",496,20,"NA","Primaria",NA,418,0.424504504504504,2.35568760611205
"08","Morón","4100PP3652","AMBA","Privado","Privada","2.Primaria",346,13,"NA","Primaria",NA,418,0.296126126126126,3.37693945847277
"08","Morón","4100PP5879","AMBA","Privado","Privada","2.Primaria",312,14,"NA","Primaria",NA,418,0.267027027027027,3.74493927125506
"06","Vicente López","4109PP0595","AMBA","Privado","Privada","2.Primaria",289,12,"NA","Primaria",NA,418,0.247342342342342,4.04297942087052
"06","Vicente López","4109PP0604","AMBA","Privado","Privada","2.Primaria",341,15,"NA","Primaria",NA,418,0.291846846846847,3.42645469979935
"06","Vicente López","4109PP0614","AMBA","Privado","Privada","2.Primaria",272,12,"NA","Primaria",NA,418,0.232792792792793,4.29566563467492
"06","Vicente López","4109PP0620","AMBA","Privado","Privada","2.Primaria",463,18,"NA","Primaria",NA,418,0.396261261261261,2.52358758667728
"06","Vicente López","4109PP0624","AMBA","Privado","Privada","2.Primaria",580,18,"NA","Primaria",NA,418,0.496396396396396,2.01451905626134
"06","Vicente López","4109PP0627","AMBA","Privado","Privada","2.Primaria",149,8,"NA","Primaria",NA,418,0.127522522522523,7.84175203108442
"06","Vicente López","4109PP0808","AMBA","Privado","Privada","2.Primaria",182,6,"NA","Primaria",NA,418,0.155765765765766,6.4198958935801
"06","Vicente López","4109PP0813","AMBA","Privado","Privada","2.Primaria",289,17,"NA","Primaria",NA,418,0.247342342342342,4.04297942087052
"06","Vicente López","4109PP1043","AMBA","Privado","Privada","2.Primaria",353,12,"NA","Primaria",NA,418,0.302117117117117,3.30997465334725
"06","Vicente López","4109PP2659","AMBA","Privado","Privada","2.Primaria",270,12,"NA","Primaria",NA,418,0.231081081081081,4.32748538011696
"06","Vicente López","4109PP3656","AMBA","Privado","Privada","2.Primaria",209,9,"NA","Primaria",NA,418,0.178873873873874,5.59053135230421
"06","Vicente López","4109PP8842","AMBA","Privado","Privada","2.Primaria",212,9,"NA","Primaria",NA,418,0.181441441441441,5.51142005958292
"02","Lanús","4111PP0277","AMBA","Privado","Privada","2.Primaria",235,12,"NA","Primaria",NA,418,0.201126126126126,4.97200447928331
"02","Lanús","4111PP0281","AMBA","Privado","Privada","2.Primaria",535,19,"NA","Primaria",NA,418,0.457882882882883,2.18396458435809
"02","Lanús","4111PP0284","AMBA","Privado","Privada","2.Primaria",382,14,"NA","Primaria",NA,418,0.326936936936937,3.05869385505649
"02","Lanús","4111PP0286","AMBA","Privado","Privada","2.Primaria",325,12,"NA","Primaria",NA,418,0.278153153153153,3.59514170040486
"02","Lanús","4111PP0289","AMBA","Privado","Privada","2.Primaria",511,20,"NA","Primaria",NA,418,0.437342342342342,2.28653826346689
"02","Lanús","4111PP0674","AMBA","Privado","Privada","2.Primaria",304,12,"NA","Primaria",NA,418,0.26018018018018,3.84349030470914
"02","Lanús","4111PP0858","AMBA","Privado","Privada","2.Primaria",253,12,"NA","Primaria",NA,418,0.216531531531532,4.61826503016434
"02","Lanús","4111PP0959","AMBA","Privado","Privada","2.Primaria",561,18,"NA","Primaria",NA,418,0.480135135135135,2.08274697438784
"02","Lanús","4111PP1055","AMBA","Privado","Privada","2.Primaria",467,18,"NA","Primaria",NA,418,0.399684684684685,2.50197227544235
"02","Lanús","4111PP1748","AMBA","Privado","Privada","2.Primaria",407,15,"NA","Primaria",NA,418,0.348333333333333,2.87081339712919
"02","Lanús","4111PP1948","AMBA","Privado","Privada","2.Primaria",318,12,"NA","Primaria",NA,418,0.272162162162162,3.67428003972195
"02","Lanús","4111PP3541","AMBA","Privado","Privada","2.Primaria",167,10,"NA","Primaria",NA,418,0.142927927927928,6.99653324929089
"02","Lanús","4111PP8310","AMBA","Privado","Privada","2.Primaria",167,6,"NA","Primaria",NA,418,0.142927927927928,6.99653324929089
"01","Berisso","4113PP0053","AMBA","Privado","Privada","2.Primaria",329,12,"NA","Primaria",NA,418,0.281576576576577,3.55143177091665
"01","Berisso","4113PP0056","AMBA","Privado","Privada","2.Primaria",392,12,"NA","Primaria",NA,418,0.335495495495496,2.98066595059076
"01","Ensenada","4114PP1298","AMBA","Privado","Privada","2.Primaria",342,12,"NA","Primaria",NA,418,0.292702702702703,3.41643582640813
"11","Escobar","4116PP0162","AMBA","Privado","Privada","2.Primaria",391,12,"NA","Primaria",NA,418,0.33463963963964,2.98828913716516
"11","Escobar","4116PP1705","AMBA","Privado","Privada","2.Primaria",1165,37,"NA","Primaria",NA,418,0.997072072072072,1.00293652586402
"11","Escobar","4116PP1889","AMBA","Privado","Privada","2.Primaria",211,9,"NA","Primaria",NA,418,0.180585585585586,5.53754053379895
"11","Escobar","4116PP2229","AMBA","Privado","Privada","2.Primaria",355,12,"NA","Primaria",NA,418,0.303828828828829,3.29132690882135
"11","Escobar","4116PP2842","AMBA","Privado","Privada","2.Primaria",369,19,"NA","Primaria",NA,418,0.315810810810811,3.16645271715875
"11","Escobar","4116PP3383","AMBA","Privado","Privada","2.Primaria",348,15,"NA","Primaria",NA,418,0.297837837837838,3.35753176043557
"11","Escobar","4116PP3546","AMBA","Privado","Privada","2.Primaria",410,12,"NA","Primaria",NA,418,0.350900900900901,2.84980744544288
"11","Escobar","4116PP5413","AMBA","Privado","Privada","2.Primaria",514,18,"NA","Primaria",NA,418,0.43990990990991,2.27319270939996
"11","Escobar","4116PP5919","AMBA","Privado","Privada","2.Primaria",369,14,"NA","Primaria",NA,418,0.315810810810811,3.16645271715875
"11","Escobar","4116PP8106","AMBA","Privado","Privada","2.Primaria",102,6,"NA","Primaria",NA,418,0.0872972972972973,11.4551083591331
"11","Escobar","4116PP8473","AMBA","Privado","Privada","2.Primaria",237,9,"NA","Primaria",NA,418,0.202837837837838,4.93004663557628
"11","Escobar","4116PP8901","AMBA","Privado","Privada","2.Primaria",93,6,"NA","Primaria",NA,418,0.0795945945945946,12.5636672325976
"07","Tres de Febrero","4117PP0572","AMBA","Privado","Privada","2.Primaria",320,12,"NA","Primaria",NA,418,0.273873873873874,3.65131578947368
"07","Tres de Febrero","4117PP0575","AMBA","Privado","Privada","2.Primaria",420,18,"NA","Primaria",NA,418,0.359459459459459,2.78195488721805
"07","Tres de Febrero","4117PP0581","AMBA","Privado","Privada","2.Primaria",175,6,"NA","Primaria",NA,418,0.149774774774775,6.67669172932331
"07","Tres de Febrero","4117PP0584","AMBA","Privado","Privada","2.Primaria",788,32,"NA","Primaria",NA,418,0.674414414414414,1.48276783328881
"07","Tres de Febrero","4117PP0586","AMBA","Privado","Privada","2.Primaria",307,12,"NA","Primaria",NA,418,0.262747747747748,3.80593176752957
"07","Tres de Febrero","4117PP0590","AMBA","Privado","Privada","2.Primaria",92,6,"NA","Primaria",NA,418,0.0787387387387387,12.7002288329519
"07","Tres de Febrero","4117PP0797","AMBA","Privado","Privada","2.Primaria",430,15,"NA","Primaria",NA,418,0.368018018018018,2.7172582619339
"07","Tres de Febrero","4117PP1070","AMBA","Privado","Privada","2.Primaria",573,25,"NA","Primaria",NA,418,0.490405405405405,2.03912923670433
"07","Tres de Febrero","4117PP1122","AMBA","Privado","Privada","2.Primaria",468,14,"NA","Primaria",NA,418,0.400540540540541,2.49662618083671
"07","Tres de Febrero","4117PP1795","AMBA","Privado","Privada","2.Primaria",374,17,"NA","Primaria",NA,418,0.32009009009009,3.12412046158176
"07","Tres de Febrero","4117PP4917","AMBA","Privado","Privada","2.Primaria",938,30,"NA","Primaria",NA,418,0.802792792792793,1.24565144203793
"04","Berazategui","4119PP0122","AMBA","Privado","Privada","2.Primaria",391,16,"NA","Primaria",NA,418,0.33463963963964,2.98828913716516
"04","Berazategui","4119PP0125","AMBA","Privado","Privada","2.Primaria",363,16,"NA","Primaria",NA,418,0.310675675675676,3.21879077859939
"04","Berazategui","4119PP0126","AMBA","Privado","Privada","2.Primaria",923,36,"NA","Primaria",NA,418,0.789954954954955,1.26589496493129
"04","Berazategui","4119PP0130","AMBA","Privado","Privada","2.Primaria",556,18,"NA","Primaria",NA,418,0.475855855855856,2.10147671336615
"04","Berazategui","4119PP1497","AMBA","Privado","Privada","2.Primaria",649,24,"NA","Primaria",NA,418,0.55545045045045,1.80034060497932
"04","Berazategui","4119PP1570","AMBA","Privado","Privada","2.Primaria",757,24,"NA","Primaria",NA,418,0.647882882882883,1.54348884099284
"04","Berazategui","4119PP2326","AMBA","Privado","Privada","2.Primaria",1123,36,"NA","Primaria",NA,418,0.961126126126126,1.04044617331396
"04","Berazategui","4119PP2363","AMBA","Privado","Privada","2.Primaria",470,18,"NA","Primaria",NA,418,0.402252252252252,2.48600223964166
"04","Berazategui","4119PP3439","AMBA","Privado","Privada","2.Primaria",303,12,"NA","Primaria",NA,418,0.259324324324324,3.85617509119333
"04","Berazategui","4119PP3869","AMBA","Privado","Privada","2.Primaria",202,12,"NA","Primaria",NA,418,0.172882882882883,5.78426263678999
"04","Berazategui","4119PP5077","AMBA","Privado","Privada","2.Primaria",507,18,"NA","Primaria",NA,418,0.433918918918919,2.30457801308004
"04","Berazategui","4119PP5471","AMBA","Privado","Privada","2.Primaria",410,12,"NA","Primaria",NA,418,0.350900900900901,2.84980744544288
"04","Berazategui","4119PP5961","AMBA","Privado","Privada","2.Primaria",270,12,"NA","Primaria",NA,418,0.231081081081081,4.32748538011696
"05","Presidente Perón","4129PP0861","AMBA","Privado","Privada","2.Primaria",1513,49,"NA","Primaria",NA,418,1,1
"05","Presidente Perón","4129PP2523","AMBA","Privado","Privada","2.Primaria",347,12,"NA","Primaria",NA,418,0.296981981981982,3.36720764447141
"05","Presidente Perón","4129PP8825","AMBA","Privado","Privada","2.Primaria",169,6,"NA","Primaria",NA,418,0.14463963963964,6.91373403924011
"05","Ezeiza","4130PP1639","AMBA","Privado","Privada","2.Primaria",381,12,"NA","Primaria",NA,418,0.326081081081081,3.06672192291753
"05","Ezeiza","4130PP3614","AMBA","Privado","Privada","2.Primaria",345,12,"NA","Primaria",NA,418,0.29527027027027,3.38672768878719
"05","Ezeiza","4130PP5552","AMBA","Privado","Privada","2.Primaria",336,12,"NA","Primaria",NA,418,0.287567567567568,3.47744360902256
"05","Ezeiza","4130PP8358","AMBA","Privado","Privada","2.Primaria",786,24,"NA","Primaria",NA,418,0.672702702702703,1.48654077942949
"05","Ezeiza","4130PP8582","AMBA","Privado","Privada","2.Primaria",337,12,"NA","Primaria",NA,418,0.288423423423423,3.46712478525691
"09","San Miguel","4131PP0238","AMBA","Privado","Privada","2.Primaria",340,12,"NA","Primaria",NA,418,0.290990990990991,3.43653250773994
"09","San Miguel","4131PP0249","AMBA","Privado","Privada","2.Primaria",797,24,"NA","Primaria",NA,418,0.682117117117117,1.46602390543485
"09","San Miguel","4131PP0253","AMBA","Privado","Privada","2.Primaria",474,18,"NA","Primaria",NA,418,0.405675675675676,2.46502331778814
"09","San Miguel","4131PP0259","AMBA","Privado","Privada","2.Primaria",473,16,"NA","Primaria",NA,418,0.40481981981982,2.47023478357628
"09","San Miguel","4131PP0634","AMBA","Privado","Privada","2.Primaria",659,24,"NA","Primaria",NA,418,0.564009009009009,1.77302132417539
"09","San Miguel","4131PP0855","AMBA","Privado","Privada","2.Primaria",511,16,"NA","Primaria",NA,418,0.437342342342342,2.28653826346689
"09","San Miguel","4131PP0914","AMBA","Privado","Privada","2.Primaria",444,18,"NA","Primaria",NA,418,0.38,2.63157894736842
"09","San Miguel","4131PP2309","AMBA","Privado","Privada","2.Primaria",453,14,"NA","Primaria",NA,418,0.387702702702703,2.57929592192402
"09","San Miguel","4131PP2715","AMBA","Privado","Privada","2.Primaria",426,14,"NA","Primaria",NA,418,0.364594594594595,2.74277242401779
"09","San Miguel","4131PP3381","AMBA","Privado","Privada","2.Primaria",218,8,"NA","Primaria",NA,418,0.186576576576577,5.35972959922743
"09","San Miguel","4131PP3686","AMBA","Privado","Privada","2.Primaria",226,12,"NA","Primaria",NA,418,0.193423423423423,5.17000465766185
"09","San Miguel","4131PP3885","AMBA","Privado","Privada","2.Primaria",401,14,"NA","Primaria",NA,418,0.343198198198198,2.91376821105132
"09","San Miguel","4131PP5391","AMBA","Privado","Privada","2.Primaria",574,18,"NA","Primaria",NA,418,0.491261261261261,2.03557674674491
"09","San Miguel","4131PP5559","AMBA","Privado","Privada","2.Primaria",309,12,"NA","Primaria",NA,418,0.264459459459459,3.78129790495657
"09","San Miguel","4131PP6380","AMBA","Privado","Privada","2.Primaria",254,12,"NA","Primaria",NA,418,0.217387387387387,4.6000828843763
"09","San Miguel","4131PP8579","AMBA","Privado","Privada","2.Primaria",102,6,"NA","Primaria",NA,418,0.0872972972972973,11.4551083591331
"09","José C. Paz","4132PP0243","AMBA","Privado","Privada","2.Primaria",581,18,"NA","Primaria",NA,418,0.497252252252252,2.01105172569979
"09","José C. Paz","4132PP0245","AMBA","Privado","Privada","2.Primaria",1033,32,"NA","Primaria",NA,418,0.884099099099099,1.1310949202629
"09","José C. Paz","4132PP0912","AMBA","Privado","Privada","2.Primaria",756,24,"NA","Primaria",NA,418,0.647027027027027,1.54553049289891
"09","José C. Paz","4132PP1377","AMBA","Privado","Privada","2.Primaria",351,12,"NA","Primaria",NA,418,0.300405405405405,3.32883490778228
"09","José C. Paz","4132PP1942","AMBA","Privado","Privada","2.Primaria",448,19,"NA","Primaria",NA,418,0.383423423423423,2.60808270676692
"09","José C. Paz","4132PP1946","AMBA","Privado","Privada","2.Primaria",895,24,"NA","Primaria",NA,418,0.765990990990991,1.30549838282858
"09","José C. Paz","4132PP2685","AMBA","Privado","Privada","2.Primaria",462,15,"NA","Primaria",NA,418,0.395405405405405,2.52904989747095
"09","José C. Paz","4132PP5121","AMBA","Privado","Privada","2.Primaria",817,26,"NA","Primaria",NA,418,0.699234234234234,1.43013592733363
"09","José C. Paz","4132PP5327","AMBA","Privado","Privada","2.Primaria",257,12,"NA","Primaria",NA,418,0.219954954954955,4.54638541879992
"09","Malvinas Argentinas","4133PP0237","AMBA","Privado","Privada","2.Primaria",693,24,"NA","Primaria",NA,418,0.593108108108108,1.68603326498063
"09","Malvinas Argentinas","4133PP0242","AMBA","Privado","Privada","2.Primaria",614,24,"NA","Primaria",NA,418,0.525495495495495,1.90296588376479
"09","Malvinas Argentinas","4133PP0248","AMBA","Privado","Privada","2.Primaria",401,16,"NA","Primaria",NA,418,0.343198198198198,2.91376821105132
"09","Malvinas Argentinas","4133PP0255","AMBA","Privado","Privada","2.Primaria",543,18,"NA","Primaria",NA,418,0.46472972972973,2.15178831055539
"09","Malvinas Argentinas","4133PP1118","AMBA","Privado","Privada","2.Primaria",799,31,"NA","Primaria",NA,418,0.683828828828829,1.46235425861274
"09","Malvinas Argentinas","4133PP1289","AMBA","Privado","Privada","2.Primaria",712,24,"NA","Primaria",NA,418,0.609369369369369,1.64104080425784
"09","Malvinas Argentinas","4133PP2220","AMBA","Privado","Privada","2.Primaria",307,16,"NA","Primaria",NA,418,0.262747747747748,3.80593176752957
"09","Malvinas Argentinas","4133PP2421","AMBA","Privado","Privada","2.Primaria",508,18,"NA","Primaria",NA,418,0.434774774774775,2.30004144218815
"09","Malvinas Argentinas","4133PP2540","AMBA","Privado","Privada","2.Primaria",347,12,"NA","Primaria",NA,418,0.296981981981982,3.36720764447141
"09","Malvinas Argentinas","4133PP2650","AMBA","Privado","Privada","2.Primaria",841,35,"NA","Primaria",NA,418,0.719774774774775,1.38932348707679
"09","Malvinas Argentinas","4133PP2982","AMBA","Privado","Privada","2.Primaria",415,14,"NA","Primaria",NA,418,0.35518018018018,2.81547241597971
"09","Malvinas Argentinas","4133PP3265","AMBA","Privado","Privada","2.Primaria",230,7,"NA","Primaria",NA,418,0.196846846846847,5.08009153318078
"09","Malvinas Argentinas","4133PP3584","AMBA","Privado","Privada","2.Primaria",379,21,"NA","Primaria",NA,418,0.324369369369369,3.08290515206221
"09","Malvinas Argentinas","4133PP5374","AMBA","Privado","Privada","2.Primaria",735,23,"NA","Primaria",NA,418,0.629054054054054,1.58968850698174
"07","Hurlingham","4135PP0402","AMBA","Privado","Privada","2.Primaria",681,24,"NA","Primaria",NA,418,0.582837837837838,1.71574310224901
"07","Hurlingham","4135PP0437","AMBA","Privado","Privada","2.Primaria",744,29,"NA","Primaria",NA,418,0.636756756756757,1.5704584040747
"07","Hurlingham","4135PP0961","AMBA","Privado","Privada","2.Primaria",359,12,"NA","Primaria",NA,418,0.307252252252252,3.25465474270635
"07","Hurlingham","4135PP1964","AMBA","Privado","Privada","2.Primaria",612,29,"NA","Primaria",NA,418,0.523783783783784,1.90918472652219
"07","Hurlingham","4135PP2976","AMBA","Privado","Privada","2.Primaria",747,31,"NA","Primaria",NA,418,0.639324324324324,1.56415134221095
"08","Ituzaingó","4136PP0411","AMBA","Privado","Privada","2.Primaria",654,25,"NA","Primaria",NA,418,0.55972972972973,1.78657653307581
"08","Ituzaingó","4136PP0431","AMBA","Privado","Privada","2.Primaria",393,13,"NA","Primaria",NA,418,0.336351351351351,2.97308155885898
"08","Ituzaingó","4136PP0652","AMBA","Privado","Privada","2.Primaria",297,12,"NA","Primaria",NA,418,0.254189189189189,3.93407761828814
"08","Ituzaingó","4136PP0949","AMBA","Privado","Privada","2.Primaria",265,12,"NA","Primaria",NA,418,0.226801801801802,4.40913604766634
"08","Ituzaingó","4136PP3025","AMBA","Privado","Privada","2.Primaria",341,16,"NA","Primaria",NA,418,0.291846846846847,3.42645469979935
"08","Ituzaingó","4136PP3900","AMBA","Privado","Privada","2.Primaria",202,9,"NA","Primaria",NA,418,0.172882882882883,5.78426263678999
"06","Vicente López","4109PP2787","AMBA","Privado","Privada","2.Primaria",154,7,"NA","Primaria",NA,418,0.131801801801802,7.58714969241285
"25","Azul","0007PP0023","Interior","Estatal","Oficial","2.Primaria",133,7,"0","Primaria",0,706,0.381592155045942,2.62059894779442
"22","Bahía Blanca","0008PP0004","Interior","Estatal","Oficial","2.Primaria",512,24,"0","Primaria",0,706,1,1
"22","Bahía Blanca","0008PP0073","Interior","Estatal","Oficial","2.Primaria",383,18,"0","Primaria",0,706,1,1
"20","Balcarce","0009PP0010","Interior","Estatal","Oficial","2.Primaria",108,6,"0","Primaria",0,706,0.309864306353096,3.22721907459868
"12","Baradero","0010PP0029","Interior","Estatal","Oficial","2.Primaria",124,6,"0","Primaria",0,706,0.355770129516518,2.81080371013433
"15","Carlos Casares","0017PP0002","Interior","Estatal","Oficial","2.Primaria",453,18,"0","Primaria",0,706,1,1
"15","Carlos Casares","0017PP0008","Interior","Estatal","Oficial","2.Primaria",183,10,"0","Primaria",0,706,0.525047852431635,1.90458830632053
"15","Carlos Casares","0017PP0029","Interior","Estatal","Oficial","2.Primaria",350,15,"0","Primaria",0,706,1,1
"16","Carlos Tejedor","0018PP0003","Interior","Estatal","Oficial","2.Primaria",153,11,"0","Primaria",0,706,0.438974434000219,2.27803699383436
"13","Carmen de Areco","0019PP0008","Interior","Estatal","Oficial","2.Primaria",148,6,"0","Primaria",0,706,0.42462886426165,2.35499770308552
"23","Daireaux","0020PP0035","Interior","Estatal","Oficial","2.Primaria",395,24,"0","Primaria",0,706,1,1
"13","Colón","0022PP0004","Interior","Estatal","Oficial","2.Primaria",129,6,"0","Primaria",0,706,0.370115699255087,2.70185782989657
"23","Coronel Suárez","0025PP0004","Interior","Estatal","Oficial","2.Primaria",80,6,"0","Primaria",0,706,0.229529115817108,4.35674575070821
"23","Coronel Suárez","0025PP0011","Interior","Estatal","Oficial","2.Primaria",80,6,"0","Primaria",0,706,0.229529115817108,4.35674575070821
"14","Chacabuco","0026PP0011","Interior","Estatal","Oficial","2.Primaria",138,8,"0","Primaria",0,706,0.395937724784512,2.52564971055549
"17","Chascomús","0027PP0045","Interior","Estatal","Oficial","2.Primaria",160,8,"0","Primaria",0,706,0.459058231634216,2.17837287535411
"15","Chivilcoy","0028PP0005","Interior","Estatal","Oficial","2.Primaria",230,13,"0","Primaria",0,706,0.659896207974186,1.51538982633329
"15","Chivilcoy","0028PP0007","Interior","Estatal","Oficial","2.Primaria",466,18,"0","Primaria",0,706,1,1
"15","Chivilcoy","0028PP0033","Interior","Estatal","Oficial","2.Primaria",323,17,"0","Primaria",0,706,0.926723805111574,1.07907015497417
"15","Chivilcoy","0028PP0068","Interior","Estatal","Oficial","2.Primaria",534,18,"0","Primaria",0,706,1,1
"19","General Alvarado","0033PP0001","Interior","Estatal","Oficial","2.Primaria",558,24,"0","Primaria",0,706,1,1
"19","General Alvarado","0033PP0007","Interior","Estatal","Oficial","2.Primaria",418,16,"0","Primaria",0,706,1,1
"18","General Guido","0037PP0011","Interior","Estatal","Oficial","2.Primaria",7,1,"0","Primaria",0,706,0.020083797633997,49.7913800080939
"17","General Paz","0041PP0001","Interior","Estatal","Oficial","2.Primaria",489,23,"0","Primaria",0,706,1,1
"19","General Pueyrredón","0043PP0012","Interior","Estatal","Oficial","2.Primaria",268,11,"0","Primaria",0,706,0.768922537987312,1.30052111961439
"19","General Pueyrredón","0043PP0035","Interior","Estatal","Oficial","2.Primaria",191,8,"0","Primaria",0,706,0.548000764013346,1.82481497411862
"19","General Pueyrredón","0043PP0047","Interior","Estatal","Oficial","2.Primaria",509,22,"0","Primaria",0,706,1,1
"19","General Pueyrredón","0043PP0054","Interior","Estatal","Oficial","2.Primaria",355,12,"0","Primaria",0,706,1,1
"19","General Pueyrredón","0043PP0055","Interior","Estatal","Oficial","2.Primaria",441,18,"0","Primaria",0,706,1,1
"19","General Pueyrredón","0043PP0056","Interior","Estatal","Oficial","2.Primaria",412,17,"0","Primaria",0,706,1,1
"19","General Pueyrredón","0043PP0076","Interior","Estatal","Oficial","2.Primaria",249,12,"0","Primaria",0,706,0.714409372980749,1.39975767091027
"16","General Villegas","0049PP0006","Interior","Estatal","Oficial","2.Primaria",96,6,"0","Primaria",0,706,0.27543493898053,3.63062145892351
"21","Adolfo Gonzales Chaves","0050PP0021","Interior","Estatal","Oficial","2.Primaria",11,1,"0","Primaria",0,706,0.0315602534248524,31.6854236415143
"14","Junín","0053PP0002","Interior","Estatal","Oficial","2.Primaria",544,19,"0","Primaria",0,706,1,1
"14","Junín","0053PP0007","Interior","Estatal","Oficial","2.Primaria",107,6,"0","Primaria",0,706,0.306995192405382,3.25738000052951
"14","Junín","0053PP0047","Interior","Estatal","Oficial","2.Primaria",426,16,"0","Primaria",0,706,1,1
"14","Leandro N. Alem","0058PP0001","Interior","Estatal","Oficial","2.Primaria",561,24,"0","Primaria",0,706,1,1
"14","Leandro N. Alem","0058PP0008","Interior","Estatal","Oficial","2.Primaria",54,4,"0","Primaria",0,706,0.154932153176548,6.45443814919736
"14","Lincoln","0059PP0002","Interior","Estatal","Oficial","2.Primaria",392,24,"0","Primaria",0,706,1,1
"20","Lobería","0060PP0015","Interior","Estatal","Oficial","2.Primaria",50,6,"0","Primaria",0,706,0.143455697385693,6.97079320113314
"13","Salto","0066PP0008","Interior","Estatal","Oficial","2.Primaria",84,6,"0","Primaria",0,706,0.241005571607964,4.14928166734116
"20","Necochea","0075PP0017","Interior","Estatal","Oficial","2.Primaria",32,4,"0","Primaria",0,706,0.0918116463268433,10.8918643767705
"20","Necochea","0075PP0051","Interior","Estatal","Oficial","2.Primaria",439,18,"0","Primaria",0,706,1,1
"15","9 de Julio","0076PP0012","Interior","Estatal","Oficial","2.Primaria",65,5,"0","Primaria",0,706,0.1864924066014,5.36214861625627
"25","Olavarría","0077PP0017","Interior","Estatal","Oficial","2.Primaria",446,18,"0","Primaria",0,706,1,1
"25","Olavarría","0077PP0024","Interior","Estatal","Oficial","2.Primaria",78,6,"0","Primaria",0,706,0.223790887921681,4.46845718021355
"25","Olavarría","0077PP0032","Interior","Estatal","Oficial","2.Primaria",343,18,"0","Primaria",0,706,0.984106084065851,1.01615061241008
"25","Olavarría","0077PP0051","Interior","Estatal","Oficial","2.Primaria",400,18,"0","Primaria",0,706,1,1
"15","Pehuajó","0079PP0024","Interior","Estatal","Oficial","2.Primaria",59,6,"0","Primaria",0,706,0.169277722915117,5.90745186536707
"13","Pergamino","0081PP0002","Interior","Estatal","Oficial","2.Primaria",599,24,"0","Primaria",0,706,1,1
"13","Pergamino","0081PP0010","Interior","Estatal","Oficial","2.Primaria",389,19,"0","Primaria",0,706,1,1
"13","Pergamino","0081PP0050","Interior","Estatal","Oficial","2.Primaria",420,18,"0","Primaria",0,706,1,1
"12","Ramallo","0086PP0016","Interior","Estatal","Oficial","2.Primaria",268,13,"0","Primaria",0,706,0.768922537987312,1.30052111961439
"12","Ramallo","0086PP0024","Interior","Estatal","Oficial","2.Primaria",230,12,"0","Primaria",0,706,0.659896207974186,1.51538982633329
"12","Ramallo","0086PP0026","Interior","Estatal","Oficial","2.Primaria",434,18,"0","Primaria",0,706,1,1
"13","Rojas","0089PP0001","Interior","Estatal","Oficial","2.Primaria",382,18,"0","Primaria",0,706,1,1
"24","Roque Pérez","0090PP0003","Interior","Estatal","Oficial","2.Primaria",379,18,"0","Primaria",0,706,1,1
"24","Saladillo","0092PP0014","Interior","Estatal","Oficial","2.Primaria",130,6,"0","Primaria",0,706,0.372984813202801,2.68107430812813
"12","San Nicolás","0097PP0020","Interior","Estatal","Oficial","2.Primaria",167,10,"0","Primaria",0,706,0.479142029268213,2.08706383267459
"20","Tandil","0102PP0003","Interior","Estatal","Oficial","2.Primaria",29,2,"0","Primaria",0,706,0.0832043044837017,12.0186089674709
"20","Tandil","0102PP0053","Interior","Estatal","Oficial","2.Primaria",374,16,"0","Primaria",0,706,1,1
"20","Tandil","0102PP0064","Interior","Estatal","Oficial","2.Primaria",8,1,"0","Primaria",0,706,0.0229529115817108,43.5674575070822
"16","Trenque Lauquen","0106PP0001","Interior","Estatal","Oficial","2.Primaria",513,24,"0","Primaria",0,706,1,1
"16","Trenque Lauquen","0106PP0017","Interior","Estatal","Oficial","2.Primaria",216,12,"0","Primaria",0,706,0.619728612706192,1.61360953729934
"16","Trenque Lauquen","0106PP0046","Interior","Estatal","Oficial","2.Primaria",146,12,"0","Primaria",0,706,0.418890636366222,2.38725794559354
"22","Coronel de Marina L. Rosales","0112PP0004","Interior","Estatal","Oficial","2.Primaria",211,12,"0","Primaria",0,706,0.605383042967623,1.65184673012634
"12","Capitán Sarmiento","0121PP0011","Interior","Estatal","Oficial","2.Primaria",93,6,"0","Primaria",0,706,0.266827597137388,3.74773828017911
"18","La Costa","0123PP0009","Interior","Estatal","Oficial","2.Primaria",876,30,"0","Primaria",0,706,1,1
"18","La Costa","0123PP0010","Interior","Estatal","Oficial","2.Primaria",656,24,"0","Primaria",0,706,1,1
"18","La Costa","0123PP0015","Interior","Estatal","Oficial","2.Primaria",307,13,"0","Primaria",0,706,0.880817981948153,1.13530833894677
"20","Balcarce","0009PP0009","Interior","Estatal","Oficial","2.Primaria",130,6,"0.7","Primaria",0.7,706,0.372984813202801,2.68107430812813
"13","San Antonio de Areco","0094PP0003","Interior","Estatal","Oficial","2.Primaria",207,11,"2.2999999999999998","Primaria",2.3,706,0.593906587176767,1.68376647370366
"23","Coronel Suárez","0025PP0012","Interior","Estatal","Oficial","2.Primaria",80,6,"2.8","Primaria",2.8,706,0.229529115817108,4.35674575070821
"12","San Nicolás","0097PP0015","Interior","Estatal","Oficial","2.Primaria",101,6,"2.8","Primaria",2.8,706,0.289780508719099,3.45088772333324
"14","Chacabuco","0026PP0047","Interior","Estatal","Oficial","2.Primaria",3,1,"4.2","Primaria",4.2,706,0.00860734184314156,116.179886685552
"23","Puan","0084PP0009","Interior","Estatal","Oficial","2.Primaria",66,6,"4.2","Primaria",4.2,706,0.189361520549114,5.28090394025238
"19","General Pueyrredón","0043PP0037","Interior","Estatal","Oficial","2.Primaria",131,7,"4.8","Primaria",4.8,706,0.375853927150515,2.66060809203555
"12","San Nicolás","0097PP0030","Interior","Estatal","Oficial","2.Primaria",624,24,"4.9000000000000004","Primaria",4.9,706,1,1
"25","Olavarría","0077PP0076","Interior","Estatal","Oficial","2.Primaria",342,15,"5","Primaria",5,706,0.981236970118138,1.01912181303116
"24","Lobos","0061PP0019","Interior","Estatal","Oficial","2.Primaria",109,6,"5.6","Primaria",5.6,706,0.31273342030081,3.19761156015282
"12","San Pedro","0098PP0046","Interior","Estatal","Oficial","2.Primaria",531,18,"5.6","Primaria",5.6,706,1,1
"18","Maipú","0065PP0008","Interior","Estatal","Oficial","2.Primaria",135,6,"6.2","Primaria",6.2,706,0.38733038294137,2.58177525967894
"23","Coronel Suárez","0025PP0009","Interior","Estatal","Oficial","2.Primaria",324,15,"6.7","Primaria",6.7,706,0.929592919059288,1.07573969153289
"23","Coronel Suárez","0025PP0032","Interior","Estatal","Oficial","2.Primaria",202,12,"6.9","Primaria",6.9,706,0.579561017438198,1.72544386166662
"23","Coronel Suárez","0025PP0046","Interior","Estatal","Oficial","2.Primaria",402,18,"6.9","Primaria",6.9,706,1,1
"17","Chascomús","0027PP0008","Interior","Estatal","Oficial","2.Primaria",98,6,"6.9","Primaria",6.9,706,0.281173166875958,3.55652714343528
"16","Rivadavia","0088PP0022","Interior","Estatal","Oficial","2.Primaria",114,6,"6.9","Primaria",6.9,706,0.327078990039379,3.05736543909348
"12","San Pedro","0098PP0027","Interior","Estatal","Oficial","2.Primaria",371,14,"7.1","Primaria",7.1,706,1,1
"24","General Alvear","0034PP0001","Interior","Estatal","Oficial","2.Primaria",300,18,"7.4","Primaria",7.4,706,0.860734184314156,1.16179886685552
"24","Lobos","0061PP0006","Interior","Estatal","Oficial","2.Primaria",270,12,"7.6","Primaria",7.6,706,0.77466076588274,1.29088762983947
"14","General Viamonte","0048PP0007","Interior","Estatal","Oficial","2.Primaria",438,18,"7.9","Primaria",7.9,706,1,1
"12","Capitán Sarmiento","0121PP0001","Interior","Estatal","Oficial","2.Primaria",392,18,"7.9","Primaria",7.9,706,1,1
"18","Ayacucho","0006PP0003","Interior","Estatal","Oficial","2.Primaria",82,6,"8.3000000000000007","Primaria",8.3,706,0.235267343712536,4.25048365922753
"18","Ayacucho","0006PP0007","Interior","Estatal","Oficial","2.Primaria",335,18,"8.3000000000000007","Primaria",8.3,706,0.961153172484141,1.04041689569151
"25","Azul","0007PP0065","Interior","Estatal","Oficial","2.Primaria",7,1,"8.3000000000000007","Primaria",8.3,706,0.020083797633997,49.7913800080939
"25","Azul","0007PP0067","Interior","Estatal","Oficial","2.Primaria",591,24,"8.3000000000000007","Primaria",8.3,706,1,1
"22","Bahía Blanca","0008PP0006","Interior","Estatal","Oficial","2.Primaria",488,24,"8.3000000000000007","Primaria",8.3,706,1,1
"22","Bahía Blanca","0008PP0075","Interior","Estatal","Oficial","2.Primaria",384,18,"8.3000000000000007","Primaria",8.3,706,1,1
"20","Balcarce","0009PP0001","Interior","Estatal","Oficial","2.Primaria",451,18,"8.3000000000000007","Primaria",8.3,706,1,1
"20","Balcarce","0009PP0004","Interior","Estatal","Oficial","2.Primaria",434,18,"8.3000000000000007","Primaria",8.3,706,1,1
"20","Balcarce","0009PP0024","Interior","Estatal","Oficial","2.Primaria",61,4,"8.3000000000000007","Primaria",8.3,706,0.175015950810545,5.71376491896159
"12","Baradero","0010PP0011","Interior","Estatal","Oficial","2.Primaria",158,11,"8.3000000000000007","Primaria",8.3,706,0.453320003738789,2.20594721554846
"12","Arrecifes","0011PP0002","Interior","Estatal","Oficial","2.Primaria",391,16,"8.3000000000000007","Primaria",8.3,706,1,1
"12","Arrecifes","0011PP0016","Interior","Estatal","Oficial","2.Primaria",219,12,"8.3000000000000007","Primaria",8.3,706,0.628335954549334,1.59150529706236
"25","Bolívar","0012PP0013","Interior","Estatal","Oficial","2.Primaria",108,6,"8.3000000000000007","Primaria",8.3,706,0.309864306353096,3.22721907459868
"15","Bragado","0013PP0001","Interior","Estatal","Oficial","2.Primaria",132,12,"8.3000000000000007","Primaria",8.3,706,0.378723041098229,2.64045197012619
"13","Carmen de Areco","0019PP0004","Interior","Estatal","Oficial","2.Primaria",145,7,"8.3000000000000007","Primaria",8.3,706,0.416021522418509,2.40372179349419
"13","Colón","0022PP0003","Interior","Estatal","Oficial","2.Primaria",410,18,"8.3000000000000007","Primaria",8.3,706,1,1
"13","Colón","0022PP0006","Interior","Estatal","Oficial","2.Primaria",100,6,"8.3000000000000007","Primaria",8.3,706,0.286911394771385,3.48539660056657
"21","Coronel Pringles","0024PP0022","Interior","Estatal","Oficial","2.Primaria",92,6,"8.3000000000000007","Primaria",8.3,706,0.263958483189674,3.78847456583323
"17","Chascomús","0027PP0015","Interior","Estatal","Oficial","2.Primaria",11,1,"8.3000000000000007","Primaria",8.3,706,0.0315602534248524,31.6854236415143
"15","Chivilcoy","0028PP0008","Interior","Estatal","Oficial","2.Primaria",186,12,"8.3000000000000007","Primaria",8.3,706,0.533655194274777,1.87386914008955
"19","General Alvarado","0033PP0015","Interior","Estatal","Oficial","2.Primaria",128,7,"8.3000000000000007","Primaria",8.3,706,0.367246585307373,2.72296609419263
"14","General Arenales","0035PP0003","Interior","Estatal","Oficial","2.Primaria",186,9,"8.3000000000000007","Primaria",8.3,706,0.533655194274777,1.87386914008955
"14","General Arenales","0035PP0010","Interior","Estatal","Oficial","2.Primaria",177,9,"8.3000000000000007","Primaria",8.3,706,0.507833168745352,1.96915062178902
"17","General Belgrano","0036PP0001","Interior","Estatal","Oficial","2.Primaria",449,18,"8.3000000000000007","Primaria",8.3,706,1,1
"23","General La Madrid","0038PP0009","Interior","Estatal","Oficial","2.Primaria",94,5,"8.3000000000000007","Primaria",8.3,706,0.269696711085102,3.70786872400699
"14","General Pinto","0042PP0002","Interior","Estatal","Oficial","2.Primaria",230,12,"8.3000000000000007","Primaria",8.3,706,0.659896207974186,1.51538982633329
"19","General Pueyrredón","0043PP0019","Interior","Estatal","Oficial","2.Primaria",515,24,"8.3000000000000007","Primaria",8.3,706,1,1
"19","General Pueyrredón","0043PP0040","Interior","Estatal","Oficial","2.Primaria",322,12,"8.3000000000000007","Primaria",8.3,706,0.923854691163861,1.08242130452378
"19","General Pueyrredón","0043PP0059","Interior","Estatal","Oficial","2.Primaria",367,13,"8.3000000000000007","Primaria",8.3,706,1,1
"14","General Viamonte","0048PA0002","Interior","Estatal","Oficial","2.Primaria",55,6,"8.3000000000000007","Primaria",8.3,706,0.157801267124262,6.33708472830286
"16","General Villegas","0049PP0001","Interior","Estatal","Oficial","2.Primaria",450,20,"8.3000000000000007","Primaria",8.3,706,1,1
"16","General Villegas","0049PP0010","Interior","Estatal","Oficial","2.Primaria",7,1,"8.3000000000000007","Primaria",8.3,706,0.020083797633997,49.7913800080939
"16","General Villegas","0049PP0028","Interior","Estatal","Oficial","2.Primaria",5,1,"8.3000000000000007","Primaria",8.3,706,0.0143455697385693,69.7079320113314
"23","Guaminí","0051PP0002","Interior","Estatal","Oficial","2.Primaria",165,11,"8.3000000000000007","Primaria",8.3,706,0.473403801372786,2.11236157610095
"21","Benito Juárez","0052PP0018","Interior","Estatal","Oficial","2.Primaria",90,6,"8.3000000000000007","Primaria",8.3,706,0.258220255294247,3.87266288951841
"14","Junín","0053PP0009","Interior","Estatal","Oficial","2.Primaria",91,6,"8.3000000000000007","Primaria",8.3,706,0.261089369241961,3.83010615446876
"14","Junín","0053PP0029","Interior","Estatal","Oficial","2.Primaria",121,6,"8.3000000000000007","Primaria",8.3,706,0.347162787673376,2.88049305831948
"14","Lincoln","0059PP0003","Interior","Estatal","Oficial","2.Primaria",120,6,"8.3000000000000007","Primaria",8.3,706,0.344293673725662,2.90449716713881
"24","Lobos","0061PP0020","Interior","Estatal","Oficial","2.Primaria",6,1,"8.3000000000000007","Primaria",8.3,706,0.0172146836862831,58.0899433427762
"19","Mar Chiquita","0068PP0026","Interior","Estatal","Oficial","2.Primaria",38,2,"8.3000000000000007","Primaria",8.3,706,0.109026330013126,9.17209631728045
"17","Monte","0072PP0002","Interior","Estatal","Oficial","2.Primaria",27,2,"8.3000000000000007","Primaria",8.3,706,0.077466076588274,12.9088762983947
"17","Monte","0072PP0016","Interior","Estatal","Oficial","2.Primaria",574,22,"8.3000000000000007","Primaria",8.3,706,1,1
"17","Monte","0072PP0022","Interior","Estatal","Oficial","2.Primaria",136,6,"8.3000000000000007","Primaria",8.3,706,0.390199496889084,2.56279161806366
"20","Necochea","0075PP0040","Interior","Estatal","Oficial","2.Primaria",214,12,"8.3000000000000007","Primaria",8.3,706,0.613990384810765,1.62869000026475
"15","9 de Julio","0076PP0001","Interior","Estatal","Oficial","2.Primaria",452,18,"8.3000000000000007","Primaria",8.3,706,1,1
"15","9 de Julio","0076PP0005","Interior","Estatal","Oficial","2.Primaria",228,12,"8.3000000000000007","Primaria",8.3,706,0.654157980078758,1.52868271954674
"15","9 de Julio","0076PP0030","Interior","Estatal","Oficial","2.Primaria",200,12,"8.3000000000000007","Primaria",8.3,706,0.573822789542771,1.74269830028329
"15","Pehuajó","0079PP0007","Interior","Estatal","Oficial","2.Primaria",56,4,"8.3000000000000007","Primaria",8.3,706,0.160670381071976,6.22392250101174
"16","Pellegrini","0080PP0024","Interior","Estatal","Oficial","2.Primaria",34,3,"8.3000000000000007","Primaria",8.3,706,0.097549874222271,10.2511664722546
"13","Pergamino","0081PP0017","Interior","Estatal","Oficial","2.Primaria",120,6,"8.3000000000000007","Primaria",8.3,706,0.344293673725662,2.90449716713881
"12","Ramallo","0086PP0001","Interior","Estatal","Oficial","2.Primaria",538,24,"8.3000000000000007","Primaria",8.3,706,1,1
"12","Ramallo","0086PP0004","Interior","Estatal","Oficial","2.Primaria",301,14,"8.3000000000000007","Primaria",8.3,706,0.86360329826187,1.15793906995567
"12","Ramallo","0086PP0023","Interior","Estatal","Oficial","2.Primaria",428,20,"8.3000000000000007","Primaria",8.3,706,1,1
"13","Rojas","0089PA0001","Interior","Estatal","Oficial","2.Primaria",27,2,"8.3000000000000007","Primaria",8.3,706,0.077466076588274,12.9088762983947
"23","Saavedra","0091PP0015","Interior","Estatal","Oficial","2.Primaria",4,1,"8.3000000000000007","Primaria",8.3,706,0.0114764557908554,87.1349150141643
"12","San Nicolás","0097PP0011","Interior","Estatal","Oficial","2.Primaria",303,14,"8.3000000000000007","Primaria",8.3,706,0.869341526157297,1.15029590777775
"12","San Nicolás","0097PP0018","Interior","Estatal","Oficial","2.Primaria",450,18,"8.3000000000000007","Primaria",8.3,706,1,1
"12","San Nicolás","0097PP0031","Interior","Estatal","Oficial","2.Primaria",309,12,"8.3000000000000007","Primaria",8.3,706,0.88655620984358,1.12796006490828
"12","San Pedro","0098PP0013","Interior","Estatal","Oficial","2.Primaria",380,18,"8.3000000000000007","Primaria",8.3,706,1,1
"20","Tandil","0102PP0001","Interior","Estatal","Oficial","2.Primaria",621,30,"8.3000000000000007","Primaria",8.3,706,1,1
"20","Tandil","0102PP0014","Interior","Estatal","Oficial","2.Primaria",279,14,"8.3000000000000007","Primaria",8.3,706,0.800482791412165,1.24924609339304
"25","Tapalqué","0103PP0001","Interior","Estatal","Oficial","2.Primaria",176,12,"8.3000000000000007","Primaria",8.3,706,0.504964054797638,1.98033897759464
"25","Tapalqué","0103PP0028","Interior","Estatal","Oficial","2.Primaria",450,18,"8.3000000000000007","Primaria",8.3,706,1,1
"23","Tornquist","0105PP0001","Interior","Estatal","Oficial","2.Primaria",401,23,"8.3000000000000007","Primaria",8.3,706,1,1
"16","Trenque Lauquen","0106PP0004","Interior","Estatal","Oficial","2.Primaria",230,12,"8.3000000000000007","Primaria",8.3,706,0.659896207974186,1.51538982633329
"16","Trenque Lauquen","0106PP0005","Interior","Estatal","Oficial","2.Primaria",207,12,"8.3000000000000007","Primaria",8.3,706,0.593906587176767,1.68376647370366
"21","Tres Arroyos","0107PP0004","Interior","Estatal","Oficial","2.Primaria",127,6,"8.3000000000000007","Primaria",8.3,706,0.364377471359659,2.74440677209966
"22","Coronel de Marina L. Rosales","0112PP0014","Interior","Estatal","Oficial","2.Primaria",219,12,"8.3000000000000007","Primaria",8.3,706,0.628335954549334,1.59150529706236
"20","San Cayetano","0115PP0001","Interior","Estatal","Oficial","2.Primaria",254,12,"8.3000000000000007","Primaria",8.3,706,0.728754942719319,1.37220338604983
"16","Salliqueló","0120PP0001","Interior","Estatal","Oficial","2.Primaria",307,12,"8.3000000000000007","Primaria",8.3,706,0.880817981948153,1.13530833894677
"12","Capitán Sarmiento","0121PP0004","Interior","Estatal","Oficial","2.Primaria",301,13,"8.3000000000000007","Primaria",8.3,706,0.86360329826187,1.15793906995567
"18","La Costa","0123PP0001","Interior","Estatal","Oficial","2.Primaria",611,24,"8.3000000000000007","Primaria",8.3,706,1,1
"19","General Pueyrredón","0043PP0074","Interior","Estatal","Oficial","2.Primaria",374,18,"8.8000000000000007","Primaria",8.8,706,1,1
"24","25 de Mayo","0108PP0062","Interior","Estatal","Oficial","2.Primaria",435,18,"8.8000000000000007","Primaria",8.8,706,1,1
"20","Balcarce","0009PP0003","Interior","Estatal","Oficial","2.Primaria",312,12,"9","Primaria",9,706,0.895163551686722,1.11711429505339
"19","General Pueyrredón","0043PP0053","Interior","Estatal","Oficial","2.Primaria",223,12,"9","Primaria",9,706,0.639812410340189,1.562958116846
"22","Bahía Blanca","0008PP0074","Interior","Estatal","Oficial","2.Primaria",439,18,"9.3000000000000007","Primaria",9.3,706,1,1
"21","Tres Arroyos","0107PP0001","Interior","Estatal","Oficial","2.Primaria",357,18,"9.3000000000000007","Primaria",9.3,706,1,1
"18","Castelli","0021PP0001","Interior","Estatal","Oficial","2.Primaria",420,17,"9.5","Primaria",9.5,706,1,1
"23","Saavedra","0091PP0001","Interior","Estatal","Oficial","2.Primaria",94,6,"9.6999999999999993","Primaria",9.7,706,0.269696711085102,3.70786872400699
"14","Junín","0053PP0022","Interior","Estatal","Oficial","2.Primaria",208,12,"10.4","Primaria",10.4,706,0.596775701124481,1.67567144258008
"22","Coronel de Marina L. Rosales","0112PP0007","Interior","Estatal","Oficial","2.Primaria",144,12,"10.4","Primaria",10.4,706,0.413152408470795,2.42041430594901
"18","Villa Gesell","0125PP0003","Interior","Estatal","Oficial","2.Primaria",380,18,"10.6","Primaria",10.6,706,1,1
"19","General Alvarado","0033PP0011","Interior","Estatal","Oficial","2.Primaria",129,6,"11.1","Primaria",11.1,706,0.370115699255087,2.70185782989657
"13","San Antonio de Areco","0094PP0013","Interior","Estatal","Oficial","2.Primaria",162,6,"11.1","Primaria",11.1,706,0.464796459529644,2.15147938306579
"21","Tres Arroyos","0107PP0014","Interior","Estatal","Oficial","2.Primaria",386,18,"11.1","Primaria",11.1,706,1,1
"12","San Nicolás","0097PP0004","Interior","Estatal","Oficial","2.Primaria",486,18,"11.3","Primaria",11.3,706,1,1
"19","General Pueyrredón","0043PP0008","Interior","Estatal","Oficial","2.Primaria",250,9,"11.5","Primaria",11.5,706,0.717278486928463,1.39415864022663
"15","Pehuajó","0079PP0009","Interior","Estatal","Oficial","2.Primaria",160,8,"11.5","Primaria",11.5,706,0.459058231634216,2.17837287535411
"19","General Pueyrredón","0043PP0063","Interior","Estatal","Oficial","2.Primaria",423,18,"11.6","Primaria",11.6,706,1,1
"17","Rauch","0087PP0001","Interior","Estatal","Oficial","2.Primaria",418,18,"11.8","Primaria",11.8,706,1,1
"20","San Cayetano","0115PP0002","Interior","Estatal","Oficial","2.Primaria",93,6,"11.8","Primaria",11.8,706,0.266827597137388,3.74773828017911
"23","Coronel Suárez","0025PP0015","Interior","Estatal","Oficial","2.Primaria",99,6,"12.5","Primaria",12.5,706,0.284042280823671,3.52060262683492
"14","Junín","0053PP0012","Interior","Estatal","Oficial","2.Primaria",484,18,"12.5","Primaria",12.5,706,1,1
"14","Junín","0053PP0020","Interior","Estatal","Oficial","2.Primaria",84,6,"12.5","Primaria",12.5,706,0.241005571607964,4.14928166734116
"14","Lincoln","0059PP0012","Interior","Estatal","Oficial","2.Primaria",181,12,"12.5","Primaria",12.5,706,0.519309624536207,1.92563348097601
"17","Monte","0072PP0007","Interior","Estatal","Oficial","2.Primaria",111,6,"12.5","Primaria",12.5,706,0.318471648196238,3.13999693744736
"23","General La Madrid","0038PP0007","Interior","Estatal","Oficial","2.Primaria",410,21,"12.7","Primaria",12.7,706,1,1
"18","La Costa","0123PP0006","Interior","Estatal","Oficial","2.Primaria",870,30,"12.8","Primaria",12.8,706,1,1
"25","Olavarría","0077PP0059","Interior","Estatal","Oficial","2.Primaria",211,12,"13.2","Primaria",13.2,706,0.605383042967623,1.65184673012634
"14","Lincoln","0059PP0064","Interior","Estatal","Oficial","2.Primaria",515,20,"13.3","Primaria",13.3,706,1,1
"22","Bahía Blanca","0008PP0039","Interior","Estatal","Oficial","2.Primaria",436,18,"13.4","Primaria",13.4,706,1,1
"15","Chivilcoy","0028PP0023","Interior","Estatal","Oficial","2.Primaria",408,18,"13.4","Primaria",13.4,706,1,1
"24","Lobos","0061PP0001","Interior","Estatal","Oficial","2.Primaria",548,24,"13.5","Primaria",13.5,706,1,1
"12","San Pedro","0098PP0003","Interior","Estatal","Oficial","2.Primaria",309,13,"13.5","Primaria",13.5,706,0.88655620984358,1.12796006490828
"15","Chivilcoy","0028PP0012","Interior","Estatal","Oficial","2.Primaria",102,6,"13.9","Primaria",13.9,706,0.292649622666813,3.41705549075154
"25","Olavarría","0077PP0060","Interior","Estatal","Oficial","2.Primaria",126,6,"13.9","Primaria",13.9,706,0.361508357411945,2.76618777822744
"15","9 de Julio","0076PP0017","Interior","Estatal","Oficial","2.Primaria",53,4,"14.6","Primaria",14.6,706,0.152063039228834,6.576220001069
"20","Balcarce","0009PP0013","Interior","Estatal","Oficial","2.Primaria",454,18,"14.8","Primaria",14.8,706,1,1
"12","San Nicolás","0097PP0044","Interior","Estatal","Oficial","2.Primaria",308,14,"14.9","Primaria",14.9,706,0.883687095895867,1.13162227291122
"12","San Pedro","0098PP0001","Interior","Estatal","Oficial","2.Primaria",521,25,"15","Primaria",15,706,1,1
"23","Coronel Suárez","0025PP0002","Interior","Estatal","Oficial","2.Primaria",346,16,"15.1","Primaria",15.1,706,0.992713425908993,1.00734005796722
"23","Puan","0084PP0001","Interior","Estatal","Oficial","2.Primaria",169,12,"15.2","Primaria",15.2,706,0.484880257163641,2.06236485240626
"12","San Nicolás","0097PP0038","Interior","Estatal","Oficial","2.Primaria",374,17,"15.2","Primaria",15.2,706,1,1
"18","Pinamar","0124PP0007","Interior","Estatal","Oficial","2.Primaria",388,14,"15.2","Primaria",15.2,706,1,1
"22","Bahía Blanca","0008PP0010","Interior","Estatal","Oficial","2.Primaria",392,18,"15.3","Primaria",15.3,706,1,1
"14","General Pinto","0042PP0011","Interior","Estatal","Oficial","2.Primaria",129,6,"15.3","Primaria",15.3,706,0.370115699255087,2.70185782989657
"16","Rivadavia","0088PP0006","Interior","Estatal","Oficial","2.Primaria",107,6,"15.3","Primaria",15.3,706,0.306995192405382,3.25738000052951
"16","Salliqueló","0120PP0002","Interior","Estatal","Oficial","2.Primaria",129,6,"15.3","Primaria",15.3,706,0.370115699255087,2.70185782989657
"12","San Pedro","0098PP0043","Interior","Estatal","Oficial","2.Primaria",322,14,"15.5","Primaria",15.5,706,0.923854691163861,1.08242130452378
"20","Tandil","0102PP0068","Interior","Estatal","Oficial","2.Primaria",579,24,"15.6","Primaria",15.6,706,1,1
"14","Chacabuco","0026PP0049","Interior","Estatal","Oficial","2.Primaria",479,18,"15.7","Primaria",15.7,706,1,1
"15","Bragado","0013PP0010","Interior","Estatal","Oficial","2.Primaria",491,24,"15.8","Primaria",15.8,706,1,1
"23","Coronel Suárez","0025PP0007","Interior","Estatal","Oficial","2.Primaria",148,12,"16","Primaria",16,706,0.42462886426165,2.35499770308552
"18","General Juan Madariaga","0040PP0001","Interior","Estatal","Oficial","2.Primaria",410,18,"16","Primaria",16,706,1,1
"21","Benito Juárez","0052PP0003","Interior","Estatal","Oficial","2.Primaria",229,12,"16","Primaria",16,706,0.657027094026472,1.52200724915571
"19","Mar Chiquita","0068PP0008","Interior","Estatal","Oficial","2.Primaria",637,24,"16","Primaria",16,706,1,1
"24","Saladillo","0092PP0001","Interior","Estatal","Oficial","2.Primaria",511,24,"16","Primaria",16,706,1,1
"22","Bahía Blanca","0008PP0014","Interior","Estatal","Oficial","2.Primaria",401,20,"16.2","Primaria",16.2,706,1,1
"14","Chacabuco","0026PP0004","Interior","Estatal","Oficial","2.Primaria",444,19,"16.2","Primaria",16.2,706,1,1
"18","Maipú","0065PP0018","Interior","Estatal","Oficial","2.Primaria",400,18,"16.2","Primaria",16.2,706,1,1
"18","Pinamar","0124PP0002","Interior","Estatal","Oficial","2.Primaria",566,20,"16.2","Primaria",16.2,706,1,1
"12","San Nicolás","0097PP0029","Interior","Estatal","Oficial","2.Primaria",541,24,"16.3","Primaria",16.3,706,1,1
"23","Adolfo Alsina","0002PP0003","Interior","Estatal","Oficial","2.Primaria",172,8,"16.7","Primaria",16.7,706,0.493487599006783,2.02639337242243
"15","Alberti","0003PP0004","Interior","Estatal","Oficial","2.Primaria",149,7,"16.7","Primaria",16.7,706,0.427497978209364,2.33919234937354
"25","Azul","0007PP0056","Interior","Estatal","Oficial","2.Primaria",136,6,"16.7","Primaria",16.7,706,0.390199496889084,2.56279161806366
"25","Azul","0007PP0064","Interior","Estatal","Oficial","2.Primaria",143,7,"16.7","Primaria",16.7,706,0.410283294523081,2.43734028011648
"20","Balcarce","0009PP0006","Interior","Estatal","Oficial","2.Primaria",303,12,"16.7","Primaria",16.7,706,0.869341526157297,1.15029590777775
"12","Baradero","0010PP0005","Interior","Estatal","Oficial","2.Primaria",54,4,"16.7","Primaria",16.7,706,0.154932153176548,6.45443814919736
"12","Arrecifes","0011PP0023","Interior","Estatal","Oficial","2.Primaria",126,6,"16.7","Primaria",16.7,706,0.361508357411945,2.76618777822744
"12","Arrecifes","0011PP0033","Interior","Estatal","Oficial","2.Primaria",318,12,"16.7","Primaria",16.7,706,0.912378235373005,1.09603666684483
"15","Bragado","0013PP0021","Interior","Estatal","Oficial","2.Primaria",581,24,"16.7","Primaria",16.7,706,1,1
"15","Carlos Casares","0017PP0001","Interior","Estatal","Oficial","2.Primaria",296,12,"16.7","Primaria",16.7,706,0.8492577285233,1.17749885154276
"15","Carlos Casares","0017PP0009","Interior","Estatal","Oficial","2.Primaria",66,5,"16.7","Primaria",16.7,706,0.189361520549114,5.28090394025238
"16","Carlos Tejedor","0018PP0005","Interior","Estatal","Oficial","2.Primaria",58,6,"16.7","Primaria",16.7,706,0.166408608967403,6.00930448373547
"13","Carmen de Areco","0019PP0001","Interior","Estatal","Oficial","2.Primaria",406,18,"16.7","Primaria",16.7,706,1,1
"13","Colón","0022PP0001","Interior","Estatal","Oficial","2.Primaria",123,6,"16.7","Primaria",16.7,706,0.352901015568804,2.83365577281835
"13","Colón","0022PP0022","Interior","Estatal","Oficial","2.Primaria",432,18,"16.7","Primaria",16.7,706,1,1
"21","Coronel Dorrego","0023PP0008","Interior","Estatal","Oficial","2.Primaria",115,6,"16.7","Primaria",16.7,706,0.329948103987093,3.03077965266658
"14","Chacabuco","0026PP0003","Interior","Estatal","Oficial","2.Primaria",338,14,"16.7","Primaria",16.7,706,0.969760514327282,1.03118242620313
"14","Chacabuco","0026PP0018","Interior","Estatal","Oficial","2.Primaria",36,4,"16.7","Primaria",16.7,706,0.103288102117699,9.68165722379603
"14","Chacabuco","0026PP0050","Interior","Estatal","Oficial","2.Primaria",253,12,"16.7","Primaria",16.7,706,0.725885828771605,1.37762711484845
"15","Chivilcoy","0028PP0018","Interior","Estatal","Oficial","2.Primaria",61,4,"16.7","Primaria",16.7,706,0.175015950810545,5.71376491896159
"15","Chivilcoy","0028PP0049","Interior","Estatal","Oficial","2.Primaria",230,12,"16.7","Primaria",16.7,706,0.659896207974186,1.51538982633329
"19","General Alvarado","0033PP0004","Interior","Estatal","Oficial","2.Primaria",220,13,"16.7","Primaria",16.7,706,0.631205068497048,1.58427118207571
"24","General Alvear","0034PP0024","Interior","Estatal","Oficial","2.Primaria",152,6,"16.7","Primaria",16.7,706,0.436105320052506,2.29302407932011
"17","General Belgrano","0036PP0009","Interior","Estatal","Oficial","2.Primaria",410,16,"16.7","Primaria",16.7,706,1,1
"23","General La Madrid","0038PP0001","Interior","Estatal","Oficial","2.Primaria",253,14,"16.7","Primaria",16.7,706,0.725885828771605,1.37762711484845
"18","General Juan Madariaga","0040PP0007","Interior","Estatal","Oficial","2.Primaria",16,2,"16.7","Primaria",16.7,706,0.0459058231634216,21.7837287535411
"19","General Pueyrredón","0043PP0007","Interior","Estatal","Oficial","2.Primaria",602,25,"16.7","Primaria",16.7,706,1,1
"19","General Pueyrredón","0043PP0009","Interior","Estatal","Oficial","2.Primaria",118,6,"16.7","Primaria",16.7,706,0.338555445830235,2.95372593268354
"19","General Pueyrredón","0043PP0027","Interior","Estatal","Oficial","2.Primaria",333,20,"16.7","Primaria",16.7,706,0.955414944588713,1.04666564581579
"19","General Pueyrredón","0043PP0075","Interior","Estatal","Oficial","2.Primaria",648,24,"16.7","Primaria",16.7,706,1,1
"16","General Villegas","0049PP0012","Interior","Estatal","Oficial","2.Primaria",235,12,"16.7","Primaria",16.7,706,0.674241777712755,1.4831474896028
"16","General Villegas","0049PP0017","Interior","Estatal","Oficial","2.Primaria",458,20,"16.7","Primaria",16.7,706,1,1
"21","Benito Juárez","0052PP0001","Interior","Estatal","Oficial","2.Primaria",496,22,"16.7","Primaria",16.7,706,1,1
"14","Junín","0053PP0021","Interior","Estatal","Oficial","2.Primaria",217,12,"16.7","Primaria",16.7,706,0.622597726653906,1.60617354864819
"14","Junín","0053PP0024","Interior","Estatal","Oficial","2.Primaria",558,20,"16.7","Primaria",16.7,706,1,1
"14","Junín","0053PP0040","Interior","Estatal","Oficial","2.Primaria",198,11,"16.7","Primaria",16.7,706,0.568084561647343,1.76030131341746
"14","Junín","0053PP0041","Interior","Estatal","Oficial","2.Primaria",413,16,"16.7","Primaria",16.7,706,1,1
"14","Leandro N. Alem","0058PP0022","Interior","Estatal","Oficial","2.Primaria",70,4,"16.7","Primaria",16.7,706,0.20083797633997,4.97913800080939
"20","Necochea","0075PP0031","Interior","Estatal","Oficial","2.Primaria",136,9,"16.7","Primaria",16.7,706,0.390199496889084,2.56279161806366
"20","Necochea","0075PP0047","Interior","Estatal","Oficial","2.Primaria",61,3,"16.7","Primaria",16.7,706,0.175015950810545,5.71376491896159
"15","9 de Julio","0076PP0004","Interior","Estatal","Oficial","2.Primaria",416,18,"16.7","Primaria",16.7,706,1,1
"15","9 de Julio","0076PP0015","Interior","Estatal","Oficial","2.Primaria",257,12,"16.7","Primaria",16.7,706,0.73736228456246,1.35618544769127
"15","9 de Julio","0076PP0052","Interior","Estatal","Oficial","2.Primaria",125,6,"16.7","Primaria",16.7,706,0.358639243464232,2.78831728045326
"22","Patagones","0078PP0014","Interior","Estatal","Oficial","2.Primaria",410,18,"16.7","Primaria",16.7,706,1,1
"22","Patagones","0078PP0021","Interior","Estatal","Oficial","2.Primaria",195,12,"16.7","Primaria",16.7,706,0.559477219804201,1.78738287208542
"13","Pergamino","0081PP0001","Interior","Estatal","Oficial","2.Primaria",454,23,"16.7","Primaria",16.7,706,1,1
"13","Pergamino","0081PP0005","Interior","Estatal","Oficial","2.Primaria",172,12,"16.7","Primaria",16.7,706,0.493487599006783,2.02639337242243
"13","Pergamino","0081PP0018","Interior","Estatal","Oficial","2.Primaria",149,8,"16.7","Primaria",16.7,706,0.427497978209364,2.33919234937354
"13","Pergamino","0081PP0022","Interior","Estatal","Oficial","2.Primaria",538,24,"16.7","Primaria",16.7,706,1,1
"13","Pergamino","0081PP0034","Interior","Estatal","Oficial","2.Primaria",44,2,"16.7","Primaria",16.7,706,0.12624101369941,7.92135591037857
"13","Pergamino","0081PP0042","Interior","Estatal","Oficial","2.Primaria",302,16,"16.7","Primaria",16.7,706,0.866472412209583,1.15410483462469
"13","Pergamino","0081PP0062","Interior","Estatal","Oficial","2.Primaria",256,12,"16.7","Primaria",16.7,706,0.734493170614746,1.36148304709632
"13","Pergamino","0081PP0063","Interior","Estatal","Oficial","2.Primaria",608,24,"16.7","Primaria",16.7,706,1,1
"17","Pila","0082PP0015","Interior","Estatal","Oficial","2.Primaria",9,1,"16.7","Primaria",16.7,706,0.0258220255294247,38.7266288951841
"16","Rivadavia","0088PP0001","Interior","Estatal","Oficial","2.Primaria",300,14,"16.7","Primaria",16.7,706,0.860734184314156,1.16179886685552
"16","Rivadavia","0088PP0010","Interior","Estatal","Oficial","2.Primaria",5,1,"16.7","Primaria",16.7,706,0.0143455697385693,69.7079320113314
"24","Saladillo","0092PP0002","Interior","Estatal","Oficial","2.Primaria",124,6,"16.7","Primaria",16.7,706,0.355770129516518,2.81080371013433
"24","Saladillo","0092PP0019","Interior","Estatal","Oficial","2.Primaria",6,1,"16.7","Primaria",16.7,706,0.0172146836862831,58.0899433427762
"12","San Nicolás","0097PP0001","Interior","Estatal","Oficial","2.Primaria",260,14,"16.7","Primaria",16.7,706,0.745969626405602,1.34053715406407
"12","San Nicolás","0097PP0016","Interior","Estatal","Oficial","2.Primaria",78,6,"16.7","Primaria",16.7,706,0.223790887921681,4.46845718021355
"12","San Nicolás","0097PP0042","Interior","Estatal","Oficial","2.Primaria",196,11,"16.7","Primaria",16.7,706,0.562346333751915,1.77826357171764
"12","San Nicolás","0097PP0043","Interior","Estatal","Oficial","2.Primaria",227,12,"16.7","Primaria",16.7,706,0.651288866131045,1.53541700465488
"12","San Nicolás","0097PP0049","Interior","Estatal","Oficial","2.Primaria",812,24,"16.7","Primaria",16.7,706,1,1
"12","San Pedro","0098PP0004","Interior","Estatal","Oficial","2.Primaria",244,12,"16.7","Primaria",16.7,706,0.70006380324218,1.4284412297404
"12","San Pedro","0098PP0007","Interior","Estatal","Oficial","2.Primaria",309,14,"16.7","Primaria",16.7,706,0.88655620984358,1.12796006490828
"12","San Pedro","0098PP0023","Interior","Estatal","Oficial","2.Primaria",82,6,"16.7","Primaria",16.7,706,0.235267343712536,4.25048365922753
"20","Tandil","0102PP0034","Interior","Estatal","Oficial","2.Primaria",503,24,"16.7","Primaria",16.7,706,1,1
"20","Tandil","0102PP0036","Interior","Estatal","Oficial","2.Primaria",222,12,"16.7","Primaria",16.7,706,0.636943296392475,1.56999846872368
"20","Tandil","0102PP0067","Interior","Estatal","Oficial","2.Primaria",242,12,"16.7","Primaria",16.7,706,0.694325575346752,1.44024652915974
"16","Trenque Lauquen","0106PP0002","Interior","Estatal","Oficial","2.Primaria",556,24,"16.7","Primaria",16.7,706,1,1
"16","Trenque Lauquen","0106PP0003","Interior","Estatal","Oficial","2.Primaria",102,6,"16.7","Primaria",16.7,706,0.292649622666813,3.41705549075154
"21","Tres Arroyos","0107PP0002","Interior","Estatal","Oficial","2.Primaria",120,6,"16.7","Primaria",16.7,706,0.344293673725662,2.90449716713881
"21","Tres Arroyos","0107PP0016","Interior","Estatal","Oficial","2.Primaria",395,18,"16.7","Primaria",16.7,706,1,1
"21","Tres Arroyos","0107PP0034","Interior","Estatal","Oficial","2.Primaria",70,6,"16.7","Primaria",16.7,706,0.20083797633997,4.97913800080939
"24","25 de Mayo","0108PP0001","Interior","Estatal","Oficial","2.Primaria",402,18,"16.7","Primaria",16.7,706,1,1
"22","Villarino","0110PP0006","Interior","Estatal","Oficial","2.Primaria",405,18,"16.7","Primaria",16.7,706,1,1
"22","Coronel de Marina L. Rosales","0112PP0002","Interior","Estatal","Oficial","2.Primaria",310,18,"16.7","Primaria",16.7,706,0.889425323791294,1.12432148405373
"22","Coronel de Marina L. Rosales","0112PP0009","Interior","Estatal","Oficial","2.Primaria",419,18,"16.7","Primaria",16.7,706,1,1
"22","Coronel de Marina L. Rosales","0112PP0011","Interior","Estatal","Oficial","2.Primaria",214,12,"16.7","Primaria",16.7,706,0.613990384810765,1.62869000026475
"22","Coronel de Marina L. Rosales","0112PP0017","Interior","Estatal","Oficial","2.Primaria",424,18,"16.7","Primaria",16.7,706,1,1
"22","Coronel de Marina L. Rosales","0112PP0023","Interior","Estatal","Oficial","2.Primaria",524,24,"16.7","Primaria",16.7,706,1,1
"20","San Cayetano","0115PP0019","Interior","Estatal","Oficial","2.Primaria",289,12,"16.7","Primaria",16.7,706,0.829173930889303,1.20601958497113
"16","Salliqueló","0120PP0003","Interior","Estatal","Oficial","2.Primaria",67,6,"16.7","Primaria",16.7,706,0.192230634496828,5.20208447845757
"18","La Costa","0123PP0004","Interior","Estatal","Oficial","2.Primaria",830,30,"16.7","Primaria",16.7,706,1,1
"18","Pinamar","0124PP0001","Interior","Estatal","Oficial","2.Primaria",566,24,"16.7","Primaria",16.7,706,1,1
"18","Villa Gesell","0125PP0007","Interior","Estatal","Oficial","2.Primaria",146,6,"16.7","Primaria",16.7,706,0.418890636366222,2.38725794559354
"16","Tres Lomas","0127PP0001","Interior","Estatal","Oficial","2.Primaria",319,18,"16.7","Primaria",16.7,706,0.915247349320719,1.09260081522463
"16","Tres Lomas","0127PP0002","Interior","Estatal","Oficial","2.Primaria",345,13,"17.3","Primaria",17.3,706,0.989844311961279,1.01025988422219
"12","San Nicolás","0097PP0046","Interior","Estatal","Oficial","2.Primaria",224,12,"17.399999999999999","Primaria",17.4,706,0.642681524287903,1.55598062525293
"12","Capitán Sarmiento","0121PP0013","Interior","Estatal","Oficial","2.Primaria",278,12,"17.399999999999999","Primaria",17.4,706,0.797613677464451,1.25373978437646
"12","San Nicolás","0097PP0002","Interior","Estatal","Oficial","2.Primaria",394,20,"17.5","Primaria",17.5,706,1,1
"15","Hipólito Yrigoyen","0118PP0002","Interior","Estatal","Oficial","2.Primaria",203,12,"17.5","Primaria",17.5,706,0.582430131385912,1.71694413821013
"20","Necochea","0075PP0003","Interior","Estatal","Oficial","2.Primaria",420,18,"17.600000000000001","Primaria",17.6,706,1,1
"22","Bahía Blanca","0008PP0067","Interior","Estatal","Oficial","2.Primaria",444,20,"17.899999999999999","Primaria",17.9,706,1,1
"12","San Pedro","0098PP0010","Interior","Estatal","Oficial","2.Primaria",311,13,"17.899999999999999","Primaria",17.9,706,0.892294437739008,1.12070630243298
"19","General Alvarado","0033PP0012","Interior","Estatal","Oficial","2.Primaria",150,6,"18.100000000000001","Primaria",18.1,706,0.430367092157078,2.32359773371105
"19","General Pueyrredón","0043PP0079","Interior","Estatal","Oficial","2.Primaria",286,12,"18.100000000000001","Primaria",18.1,706,0.820566589046162,1.21867014005824
"20","Lobería","0060PP0046","Interior","Estatal","Oficial","2.Primaria",388,18,"18.100000000000001","Primaria",18.1,706,1,1
"25","Olavarría","0077PP0008","Interior","Estatal","Oficial","2.Primaria",478,18,"18.100000000000001","Primaria",18.1,706,1,1
"13","Pergamino","0081PP0053","Interior","Estatal","Oficial","2.Primaria",564,26,"18.3","Primaria",18.3,706,1,1
"21","Coronel Dorrego","0023PP0001","Interior","Estatal","Oficial","2.Primaria",350,18,"18.5","Primaria",18.5,706,1,1
"25","Olavarría","0077PP0080","Interior","Estatal","Oficial","2.Primaria",435,18,"18.5","Primaria",18.5,706,1,1
"24","Lobos","0061PP0037","Interior","Estatal","Oficial","2.Primaria",436,19,"18.600000000000001","Primaria",18.6,706,1,1
"12","Arrecifes","0011PP0005","Interior","Estatal","Oficial","2.Primaria",273,12,"18.8","Primaria",18.8,706,0.783268107725882,1.27670205148959
"19","General Pueyrredón","0043PP0051","Interior","Estatal","Oficial","2.Primaria",292,12,"18.8","Primaria",18.8,706,0.837781272732445,1.19362897279677
"21","Adolfo Gonzales Chaves","0050PP0001","Interior","Estatal","Oficial","2.Primaria",350,14,"18.8","Primaria",18.8,706,1,1
"20","Tandil","0102PP0037","Interior","Estatal","Oficial","2.Primaria",377,18,"18.8","Primaria",18.8,706,1,1
"13","Pergamino","0081PP0004","Interior","Estatal","Oficial","2.Primaria",621,24,"19.100000000000001","Primaria",19.1,706,1,1
"18","General Juan Madariaga","0040PP0031","Interior","Estatal","Oficial","2.Primaria",314,12,"19.399999999999999","Primaria",19.4,706,0.90090177958215,1.10999891737789
"15","9 de Julio","0076PP0013","Interior","Estatal","Oficial","2.Primaria",119,6,"19.399999999999999","Primaria",19.4,706,0.341424559777948,2.92890470635846
"13","Rojas","0089PP0030","Interior","Estatal","Oficial","2.Primaria",281,12,"19.399999999999999","Primaria",19.4,706,0.806221019307593,1.24035466212334
"12","Ramallo","0086PP0006","Interior","Estatal","Oficial","2.Primaria",415,20,"19.600000000000001","Primaria",19.6,706,1,1
"22","Villarino","0110PP0011","Interior","Estatal","Oficial","2.Primaria",371,19,"19.7","Primaria",19.7,706,1,1
"12","Baradero","0010PP0007","Interior","Estatal","Oficial","2.Primaria",310,13,"19.899999999999999","Primaria",19.9,706,0.889425323791294,1.12432148405373
"15","Bragado","0013PP0041","Interior","Estatal","Oficial","2.Primaria",462,18,"19.899999999999999","Primaria",19.9,706,1,1
"25","Olavarría","0077PP0012","Interior","Estatal","Oficial","2.Primaria",200,12,"20.100000000000001","Primaria",20.1,706,0.573822789542771,1.74269830028329
"12","San Nicolás","0097PP0008","Interior","Estatal","Oficial","2.Primaria",133,7,"20.2","Primaria",20.2,706,0.381592155045942,2.62059894779442
"14","General Arenales","0035PP0001","Interior","Estatal","Oficial","2.Primaria",410,18,"20.399999999999999","Primaria",20.4,706,1,1
"25","Olavarría","0077PP0049","Interior","Estatal","Oficial","2.Primaria",486,18,"20.6","Primaria",20.6,706,1,1
"13","Colón","0022PP0014","Interior","Estatal","Oficial","2.Primaria",102,6,"20.8","Primaria",20.8,706,0.292649622666813,3.41705549075154
"19","General Pueyrredón","0043PP0004","Interior","Estatal","Oficial","2.Primaria",153,6,"20.8","Primaria",20.8,706,0.438974434000219,2.27803699383436
"14","Junín","0053PP0010","Interior","Estatal","Oficial","2.Primaria",78,6,"20.8","Primaria",20.8,706,0.223790887921681,4.46845718021355
"24","Las Flores","0056PP0010","Interior","Estatal","Oficial","2.Primaria",389,18,"20.8","Primaria",20.8,706,1,1
"25","Olavarría","0077PP0006","Interior","Estatal","Oficial","2.Primaria",133,6,"20.8","Primaria",20.8,706,0.381592155045942,2.62059894779442
"13","Pergamino","0081PP0016","Interior","Estatal","Oficial","2.Primaria",114,6,"20.8","Primaria",20.8,706,0.327078990039379,3.05736543909348
"23","Puan","0084PP0003","Interior","Estatal","Oficial","2.Primaria",115,6,"20.8","Primaria",20.8,706,0.329948103987093,3.03077965266658
"16","Rivadavia","0088PP0009","Interior","Estatal","Oficial","2.Primaria",351,14,"20.8","Primaria",20.8,706,1,1
"25","Tapalqué","0103PP0002","Interior","Estatal","Oficial","2.Primaria",119,6,"20.8","Primaria",20.8,706,0.341424559777948,2.92890470635846
"16","Trenque Lauquen","0106PP0045","Interior","Estatal","Oficial","2.Primaria",441,18,"20.8","Primaria",20.8,706,1,1
"16","Trenque Lauquen","0106PP0047","Interior","Estatal","Oficial","2.Primaria",106,6,"20.8","Primaria",20.8,706,0.304126078457668,3.2881100005345
"22","Coronel de Marina L. Rosales","0112PP0026","Interior","Estatal","Oficial","2.Primaria",286,12,"20.8","Primaria",20.8,706,0.820566589046162,1.21867014005824
"18","La Costa","0123PP0002","Interior","Estatal","Oficial","2.Primaria",315,12,"20.8","Primaria",20.8,706,0.903770893529864,1.10647511129098
"14","Lincoln","0059PP0001","Interior","Estatal","Oficial","2.Primaria",258,18,"21.3","Primaria",21.3,706,0.740231398510174,1.35092891494828
"12","Baradero","0010PP0004","Interior","Estatal","Oficial","2.Primaria",352,14,"21.4","Primaria",21.4,706,1,1
"19","General Pueyrredón","0043PP0050","Interior","Estatal","Oficial","2.Primaria",432,18,"21.5","Primaria",21.5,706,1,1
"20","Tandil","0102PP0002","Interior","Estatal","Oficial","2.Primaria",463,24,"21.5","Primaria",21.5,706,1,1
"23","Daireaux","0020PP0001","Interior","Estatal","Oficial","2.Primaria",468,22,"21.6","Primaria",21.6,706,1,1
"12","San Pedro","0098PP0006","Interior","Estatal","Oficial","2.Primaria",863,32,"21.9","Primaria",21.9,706,1,1
"12","San Pedro","0098PP0012","Interior","Estatal","Oficial","2.Primaria",281,14,"22","Primaria",22,706,0.806221019307593,1.24035466212334
"25","Bolívar","0012PP0007","Interior","Estatal","Oficial","2.Primaria",111,6,"22.2","Primaria",22.2,706,0.318471648196238,3.13999693744736
"15","Bragado","0013PP0005","Interior","Estatal","Oficial","2.Primaria",226,12,"22.2","Primaria",22.2,706,0.648419752183331,1.54221088520645
"14","Junín","0053PP0016","Interior","Estatal","Oficial","2.Primaria",469,18,"22.2","Primaria",22.2,706,1,1
"14","Junín","0053PP0018","Interior","Estatal","Oficial","2.Primaria",375,18,"22.2","Primaria",22.2,706,1,1
"15","Pehuajó","0079PP0006","Interior","Estatal","Oficial","2.Primaria",139,6,"22.2","Primaria",22.2,706,0.398806838732225,2.50747956875293
"18","La Costa","0123PP0013","Interior","Estatal","Oficial","2.Primaria",330,13,"22.4","Primaria",22.4,706,0.946807602745571,1.05618078805048
"20","Necochea","0075PP0007","Interior","Estatal","Oficial","2.Primaria",473,20,"22.5","Primaria",22.5,706,1,1
"17","Chascomús","0027PP0005","Interior","Estatal","Oficial","2.Primaria",277,14,"22.6","Primaria",22.6,706,0.794744563516737,1.25826592078216
"19","General Pueyrredón","0043PP0028","Interior","Estatal","Oficial","2.Primaria",289,14,"22.6","Primaria",22.6,706,0.829173930889303,1.20601958497113
"19","General Pueyrredón","0043PP0042","Interior","Estatal","Oficial","2.Primaria",305,12,"22.6","Primaria",22.6,706,0.875079754052725,1.14275298379232
"13","Carmen de Areco","0019PP0006","Interior","Estatal","Oficial","2.Primaria",416,18,"22.7","Primaria",22.7,706,1,1
"12","Baradero","0010PP0026","Interior","Estatal","Oficial","2.Primaria",196,12,"22.9","Primaria",22.9,706,0.562346333751915,1.77826357171764
"15","Pehuajó","0079PP0002","Interior","Estatal","Oficial","2.Primaria",561,24,"22.9","Primaria",22.9,706,1,1
"12","San Pedro","0098PP0011","Interior","Estatal","Oficial","2.Primaria",197,12,"22.9","Primaria",22.9,706,0.565215447699629,1.76923685307948
"15","Chivilcoy","0028PP0006","Interior","Estatal","Oficial","2.Primaria",439,18,"23.1","Primaria",23.1,706,1,1
"18","General Lavalle","0039PP0022","Interior","Estatal","Oficial","2.Primaria",211,9,"23.1","Primaria",23.1,706,0.605383042967623,1.65184673012634
"12","Baradero","0010PP0003","Interior","Estatal","Oficial","2.Primaria",603,24,"23.3","Primaria",23.3,706,1,1
"25","Azul","0007PP0008","Interior","Estatal","Oficial","2.Primaria",137,6,"23.6","Primaria",23.6,706,0.393068610836798,2.54408510990261
"25","Azul","0007PP0017","Interior","Estatal","Oficial","2.Primaria",452,18,"23.6","Primaria",23.6,706,1,1
"20","Balcarce","0009PP0002","Interior","Estatal","Oficial","2.Primaria",469,18,"23.6","Primaria",23.6,706,1,1
"19","General Pueyrredón","0043PP0058","Interior","Estatal","Oficial","2.Primaria",219,12,"23.6","Primaria",23.6,706,0.628335954549334,1.59150529706236
"23","Puan","0084PP0007","Interior","Estatal","Oficial","2.Primaria",229,12,"23.6","Primaria",23.6,706,0.657027094026472,1.52200724915571
"13","San Antonio de Areco","0094PP0005","Interior","Estatal","Oficial","2.Primaria",245,12,"23.6","Primaria",23.6,706,0.702932917189894,1.42261085737411
"12","San Nicolás","0097PP0034","Interior","Estatal","Oficial","2.Primaria",342,18,"23.6","Primaria",23.6,706,0.981236970118138,1.01912181303116
"12","San Pedro","0098PP0048","Interior","Estatal","Oficial","2.Primaria",291,12,"23.6","Primaria",23.6,706,0.834912158784731,1.19773079057271
"15","Hipólito Yrigoyen","0118PP0001","Interior","Estatal","Oficial","2.Primaria",222,12,"23.6","Primaria",23.6,706,0.636943296392475,1.56999846872368
"25","Olavarría","0077PP0004","Interior","Estatal","Oficial","2.Primaria",418,18,"24.1","Primaria",24.1,706,1,1
"20","Lobería","0060PP0006","Interior","Estatal","Oficial","2.Primaria",236,12,"24.2","Primaria",24.2,706,0.677110891660469,1.47686296634177
"12","San Nicolás","0097PP0006","Interior","Estatal","Oficial","2.Primaria",590,24,"24.3","Primaria",24.3,706,1,1
"19","General Pueyrredón","0043PP0006","Interior","Estatal","Oficial","2.Primaria",643,31,"24.4","Primaria",24.4,706,1,1
"19","General Pueyrredón","0043PP0016","Interior","Estatal","Oficial","2.Primaria",319,18,"24.5","Primaria",24.5,706,0.915247349320719,1.09260081522463
"23","Adolfo Alsina","0002PP0045","Interior","Estatal","Oficial","2.Primaria",103,6,"25","Primaria",25,706,0.295518736614527,3.38388019472483
"15","Alberti","0003PP0001","Interior","Estatal","Oficial","2.Primaria",326,13,"25","Primaria",25,706,0.935331146954716,1.06914006152349
"25","Azul","0007PP0002","Interior","Estatal","Oficial","2.Primaria",455,18,"25","Primaria",25,706,1,1
"25","Azul","0007PP0022","Interior","Estatal","Oficial","2.Primaria",77,6,"25","Primaria",25,706,0.220921773973967,4.5264890916449
"25","Azul","0007PP0028","Interior","Estatal","Oficial","2.Primaria",551,24,"25","Primaria",25,706,1,1
"12","Baradero","0010PP0001","Interior","Estatal","Oficial","2.Primaria",131,6,"25","Primaria",25,706,0.375853927150515,2.66060809203555
"12","Arrecifes","0011PP0007","Interior","Estatal","Oficial","2.Primaria",404,16,"25","Primaria",25,706,1,1
"12","Arrecifes","0011PP0032","Interior","Estatal","Oficial","2.Primaria",153,6,"25","Primaria",25,706,0.438974434000219,2.27803699383436
"16","Carlos Tejedor","0018PP0004","Interior","Estatal","Oficial","2.Primaria",61,4,"25","Primaria",25,706,0.175015950810545,5.71376491896159
"14","Chacabuco","0026PP0001","Interior","Estatal","Oficial","2.Primaria",493,20,"25","Primaria",25,706,1,1
"14","Chacabuco","0026PP0009","Interior","Estatal","Oficial","2.Primaria",81,6,"25","Primaria",25,706,0.232398229764822,4.30295876613157
"14","Chacabuco","0026PP0012","Interior","Estatal","Oficial","2.Primaria",225,13,"25","Primaria",25,706,0.645550638235617,1.54906515580737
"14","Chacabuco","0026PP0014","Interior","Estatal","Oficial","2.Primaria",226,12,"25","Primaria",25,706,0.648419752183331,1.54221088520645
"19","General Alvarado","0033PP0017","Interior","Estatal","Oficial","2.Primaria",292,12,"25","Primaria",25,706,0.837781272732445,1.19362897279677
"17","General Belgrano","0036PP0008","Interior","Estatal","Oficial","2.Primaria",24,2,"25","Primaria",25,706,0.0688587347451325,14.5224858356941
"19","General Pueyrredón","0043PP0014","Interior","Estatal","Oficial","2.Primaria",440,18,"25","Primaria",25,706,1,1
"19","General Pueyrredón","0043PP0032","Interior","Estatal","Oficial","2.Primaria",320,18,"25","Primaria",25,706,0.918116463268433,1.08918643767705
"14","General Viamonte","0048PP0027","Interior","Estatal","Oficial","2.Primaria",320,12,"25","Primaria",25,706,0.918116463268433,1.08918643767705
"16","General Villegas","0049PP0046","Interior","Estatal","Oficial","2.Primaria",251,13,"25","Primaria",25,706,0.720147600876177,1.3886042233333
"14","Junín","0053PP0001","Interior","Estatal","Oficial","2.Primaria",491,20,"25","Primaria",25,706,1,1
"21","Laprida","0054PP0001","Interior","Estatal","Oficial","2.Primaria",384,18,"25","Primaria",25,706,1,1
"24","Las Flores","0056PP0001","Interior","Estatal","Oficial","2.Primaria",184,12,"25","Primaria",25,706,0.527916966379349,1.89423728291662
"14","Lincoln","0059PP0017","Interior","Estatal","Oficial","2.Primaria",48,6,"25","Primaria",25,706,0.137717469490265,7.26124291784703
"24","Lobos","0061PP0002","Interior","Estatal","Oficial","2.Primaria",401,20,"25","Primaria",25,706,1,1
"20","Necochea","0075PP0019","Interior","Estatal","Oficial","2.Primaria",388,18,"25","Primaria",25,706,1,1
"20","Necochea","0075PP0052","Interior","Estatal","Oficial","2.Primaria",273,12,"25","Primaria",25,706,0.783268107725882,1.27670205148959
"15","9 de Julio","0076PP0055","Interior","Estatal","Oficial","2.Primaria",491,18,"25","Primaria",25,706,1,1
"25","Olavarría","0077PP0001","Interior","Estatal","Oficial","2.Primaria",442,19,"25","Primaria",25,706,1,1
"25","Olavarría","0077PP0011","Interior","Estatal","Oficial","2.Primaria",258,12,"25","Primaria",25,706,0.740231398510174,1.35092891494828
"22","Patagones","0078PP0011","Interior","Estatal","Oficial","2.Primaria",368,17,"25","Primaria",25,706,1,1
"13","Pergamino","0081PP0003","Interior","Estatal","Oficial","2.Primaria",109,6,"25","Primaria",25,706,0.31273342030081,3.19761156015282
"13","Pergamino","0081PP0024","Interior","Estatal","Oficial","2.Primaria",79,6,"25","Primaria",25,706,0.226660001869394,4.41189443109693
"12","Ramallo","0086PP0005","Interior","Estatal","Oficial","2.Primaria",330,14,"25","Primaria",25,706,0.946807602745571,1.05618078805048
"16","Rivadavia","0088PP0005","Interior","Estatal","Oficial","2.Primaria",167,7,"25","Primaria",25,706,0.479142029268213,2.08706383267459
"13","Rojas","0089PP0008","Interior","Estatal","Oficial","2.Primaria",400,18,"25","Primaria",25,706,1,1
"13","San Antonio de Areco","0094PP0004","Interior","Estatal","Oficial","2.Primaria",158,7,"25","Primaria",25,706,0.453320003738789,2.20594721554846
"12","San Nicolás","0097PP0013","Interior","Estatal","Oficial","2.Primaria",247,12,"25","Primaria",25,706,0.708671145085322,1.41109174112007
"12","San Pedro","0098PP0047","Interior","Estatal","Oficial","2.Primaria",253,12,"25","Primaria",25,706,0.725885828771605,1.37762711484845
"20","Tandil","0102PP0021","Interior","Estatal","Oficial","2.Primaria",507,24,"25","Primaria",25,706,1,1
"20","Tandil","0102PP0032","Interior","Estatal","Oficial","2.Primaria",103,6,"25","Primaria",25,706,0.295518736614527,3.38388019472483
"20","Tandil","0102PP0058","Interior","Estatal","Oficial","2.Primaria",285,12,"25","Primaria",25,706,0.817697475098448,1.22294617563739
"22","Coronel de Marina L. Rosales","0112PP0003","Interior","Estatal","Oficial","2.Primaria",59,3,"25","Primaria",25,706,0.169277722915117,5.90745186536707
"22","Coronel de Marina L. Rosales","0112PP0025","Interior","Estatal","Oficial","2.Primaria",232,12,"25","Primaria",25,706,0.665634435869614,1.50232612093387
"18","La Costa","0123PP0012","Interior","Estatal","Oficial","2.Primaria",360,12,"25","Primaria",25,706,1,1
"18","Pinamar","0124PP0004","Interior","Estatal","Oficial","2.Primaria",614,24,"25","Primaria",25,706,1,1
"22","Monte Hermoso","0126PP0003","Interior","Estatal","Oficial","2.Primaria",129,5,"25","Primaria",25,706,0.370115699255087,2.70185782989657
"22","Bahía Blanca","0008PP0055","Interior","Estatal","Oficial","2.Primaria",260,12,"25.7","Primaria",25.7,706,0.745969626405602,1.34053715406407
"20","Tandil","0102PP0011","Interior","Estatal","Oficial","2.Primaria",603,24,"25.7","Primaria",25.7,706,1,1
"22","Coronel de Marina L. Rosales","0112PP0010","Interior","Estatal","Oficial","2.Primaria",167,12,"25.7","Primaria",25.7,706,0.479142029268213,2.08706383267459
"22","Coronel de Marina L. Rosales","0112PP0008","Interior","Estatal","Oficial","2.Primaria",376,18,"26.6","Primaria",26.6,706,1,1
"19","General Pueyrredón","0043PP0073","Interior","Estatal","Oficial","2.Primaria",165,7,"26.8","Primaria",26.8,706,0.473403801372786,2.11236157610095
"20","Tandil","0102PP0005","Interior","Estatal","Oficial","2.Primaria",257,12,"27.1","Primaria",27.1,706,0.73736228456246,1.35618544769127
"14","Florentino Ameghino","0128PP0002","Interior","Estatal","Oficial","2.Primaria",51,6,"27.1","Primaria",27.1,706,0.146324811333406,6.83411098150308
"15","Pehuajó","0079PP0054","Interior","Estatal","Oficial","2.Primaria",630,23,"27.2","Primaria",27.2,706,1,1
"21","Laprida","0054PP0003","Interior","Estatal","Oficial","2.Primaria",381,18,"27.3","Primaria",27.3,706,1,1
"23","Guaminí","0051PP0004","Interior","Estatal","Oficial","2.Primaria",166,10,"27.5","Primaria",27.5,706,0.4762729153205,2.0996365063654
"12","Ramallo","0086PP0003","Interior","Estatal","Oficial","2.Primaria",325,15,"27.5","Primaria",27.5,706,0.932462033007002,1.07242972325125
"20","Necochea","0075PP0028","Interior","Estatal","Oficial","2.Primaria",332,19,"27.6","Primaria",27.6,706,0.952545830640999,1.0498182531827
"15","Bragado","0013PP0007","Interior","Estatal","Oficial","2.Primaria",573,24,"27.8","Primaria",27.8,706,1,1
"18","Dolores","0029PP0015","Interior","Estatal","Oficial","2.Primaria",101,6,"27.8","Primaria",27.8,706,0.289780508719099,3.45088772333324
"23","Saavedra","0091PP0003","Interior","Estatal","Oficial","2.Primaria",445,18,"27.8","Primaria",27.8,706,1,1
"22","Coronel de Marina L. Rosales","0112PP0022","Interior","Estatal","Oficial","2.Primaria",398,18,"27.8","Primaria",27.8,706,1,1
"18","La Costa","0123PP0011","Interior","Estatal","Oficial","2.Primaria",163,6,"27.8","Primaria",27.8,706,0.467665573477358,2.13828012304698
"19","General Pueyrredón","0043PP0060","Interior","Estatal","Oficial","2.Primaria",359,14,"28","Primaria",28,706,1,1
"21","Coronel Pringles","0024PP0001","Interior","Estatal","Oficial","2.Primaria",530,21,"28.2","Primaria",28.2,706,1,1
"21","Coronel Pringles","0024PP0040","Interior","Estatal","Oficial","2.Primaria",459,18,"28.2","Primaria",28.2,706,1,1
"12","Baradero","0010PP0028","Interior","Estatal","Oficial","2.Primaria",344,12,"28.5","Primaria",28.5,706,0.986975198013565,1.01319668621121
"19","General Pueyrredón","0043PP0029","Interior","Estatal","Oficial","2.Primaria",225,12,"28.5","Primaria",28.5,706,0.645550638235617,1.54906515580737
"17","Monte","0072PP0005","Interior","Estatal","Oficial","2.Primaria",272,12,"28.5","Primaria",28.5,706,0.780398993778168,1.28139580903183
"17","General Belgrano","0036PP0010","Interior","Estatal","Oficial","2.Primaria",137,6,"29.2","Primaria",29.2,706,0.393068610836798,2.54408510990261
"25","Olavarría","0077PP0050","Interior","Estatal","Oficial","2.Primaria",256,12,"29.2","Primaria",29.2,706,0.734493170614746,1.36148304709632
"24","25 de Mayo","0108PP0005","Interior","Estatal","Oficial","2.Primaria",91,6,"29.2","Primaria",29.2,706,0.261089369241961,3.83010615446876
"22","Villarino","0110PP0001","Interior","Estatal","Oficial","2.Primaria",356,18,"29.2","Primaria",29.2,706,1,1
"19","General Pueyrredón","0043PP0010","Interior","Estatal","Oficial","2.Primaria",567,25,"29.3","Primaria",29.3,706,1,1
"17","Chascomús","0027PP0002","Interior","Estatal","Oficial","2.Primaria",560,24,"29.5","Primaria",29.5,706,1,1
"18","Dolores","0029PP0030","Interior","Estatal","Oficial","2.Primaria",325,12,"29.5","Primaria",29.5,706,0.932462033007002,1.07242972325125
"18","Pinamar","0124PP0003","Interior","Estatal","Oficial","2.Primaria",317,12,"29.9","Primaria",29.9,706,0.909509121425291,1.09949419576233
"19","General Pueyrredón","0043PP0003","Interior","Estatal","Oficial","2.Primaria",211,12,"30.2","Primaria",30.2,706,0.605383042967623,1.65184673012634
"15","Pehuajó","0079PP0013","Interior","Estatal","Oficial","2.Primaria",354,18,"30.4","Primaria",30.4,706,1,1
"17","Chascomús","0027PP0017","Interior","Estatal","Oficial","2.Primaria",119,6,"30.6","Primaria",30.6,706,0.341424559777948,2.92890470635846
"13","Salto","0066PP0016","Interior","Estatal","Oficial","2.Primaria",140,6,"30.6","Primaria",30.6,706,0.401675952679939,2.48956900040469
"24","Saladillo","0092PP0008","Interior","Estatal","Oficial","2.Primaria",111,6,"30.6","Primaria",30.6,706,0.318471648196238,3.13999693744736
"17","Rauch","0087PP0015","Interior","Estatal","Oficial","2.Primaria",457,24,"31.2","Primaria",31.2,706,1,1
"18","Dolores","0029PP0004","Interior","Estatal","Oficial","2.Primaria",258,12,"31.6","Primaria",31.6,706,0.740231398510174,1.35092891494828
"22","Villarino","0110PP0053","Interior","Estatal","Oficial","2.Primaria",230,12,"31.9","Primaria",31.9,706,0.659896207974186,1.51538982633329
"18","Villa Gesell","0125PP0002","Interior","Estatal","Oficial","2.Primaria",475,18,"31.9","Primaria",31.9,706,1,1
"19","General Pueyrredón","0043PP0033","Interior","Estatal","Oficial","2.Primaria",659,27,"32.4","Primaria",32.4,706,1,1
"22","Bahía Blanca","0008PP0013","Interior","Estatal","Oficial","2.Primaria",295,12,"33.299999999999997","Primaria",33.3,706,0.846388614575587,1.18149037307341
"22","Bahía Blanca","0008PP0023","Interior","Estatal","Oficial","2.Primaria",267,13,"33.299999999999997","Primaria",33.3,706,0.766053424039599,1.30539198523093
"22","Bahía Blanca","0008PP0036","Interior","Estatal","Oficial","2.Primaria",261,12,"33.299999999999997","Primaria",33.3,706,0.748838740353316,1.33540099638566
"25","Bolívar","0012PP0010","Interior","Estatal","Oficial","2.Primaria",8,1,"33.299999999999997","Primaria",33.3,706,0.0229529115817108,43.5674575070822
"21","Coronel Pringles","0024PP0002","Interior","Estatal","Oficial","2.Primaria",323,12,"33.299999999999997","Primaria",33.3,706,0.926723805111574,1.07907015497417
"17","Chascomús","0027PP0055","Interior","Estatal","Oficial","2.Primaria",434,18,"33.299999999999997","Primaria",33.3,706,1,1
"19","General Pueyrredón","0043PP0025","Interior","Estatal","Oficial","2.Primaria",126,8,"33.299999999999997","Primaria",33.3,706,0.361508357411945,2.76618777822744
"21","Benito Juárez","0052PP0019","Interior","Estatal","Oficial","2.Primaria",82,6,"33.299999999999997","Primaria",33.3,706,0.235267343712536,4.25048365922753
"19","Mar Chiquita","0068PP0002","Interior","Estatal","Oficial","2.Primaria",95,6,"33.299999999999997","Primaria",33.3,706,0.272565825032816,3.66883852691218
"19","Mar Chiquita","0068PP0029","Interior","Estatal","Oficial","2.Primaria",208,6,"33.299999999999997","Primaria",33.3,706,0.596775701124481,1.67567144258008
"20","Necochea","0075PP0048","Interior","Estatal","Oficial","2.Primaria",93,6,"33.299999999999997","Primaria",33.3,706,0.266827597137388,3.74773828017911
"15","Pehuajó","0079PP0008","Interior","Estatal","Oficial","2.Primaria",59,6,"33.299999999999997","Primaria",33.3,706,0.169277722915117,5.90745186536707
"24","Saladillo","0092PP0018","Interior","Estatal","Oficial","2.Primaria",628,24,"33.299999999999997","Primaria",33.3,706,1,1
"24","Saladillo","0092PP0026","Interior","Estatal","Oficial","2.Primaria",339,18,"33.299999999999997","Primaria",33.3,706,0.972629628274996,1.02814059013763
"21","Tres Arroyos","0107PP0048","Interior","Estatal","Oficial","2.Primaria",81,6,"33.299999999999997","Primaria",33.3,706,0.232398229764822,4.30295876613157
"24","25 de Mayo","0108PP0036","Interior","Estatal","Oficial","2.Primaria",5,2,"33.299999999999997","Primaria",33.3,706,0.0143455697385693,69.7079320113314
"18","Villa Gesell","0125PP0004","Interior","Estatal","Oficial","2.Primaria",268,12,"33.299999999999997","Primaria",33.3,706,0.768922537987312,1.30052111961439
"18","Villa Gesell","0125PP0006","Interior","Estatal","Oficial","2.Primaria",524,24,"33.299999999999997","Primaria",33.3,706,1,1
"18","Villa Gesell","0125PP0001","Interior","Estatal","Oficial","2.Primaria",542,24,"33.700000000000003","Primaria",33.7,706,1,1
"22","Bahía Blanca","0008PP0069","Interior","Estatal","Oficial","2.Primaria",444,19,"33.799999999999997","Primaria",33.8,706,1,1
"22","Bahía Blanca","0008PP0048","Interior","Estatal","Oficial","2.Primaria",260,12,"34","Primaria",34,706,0.745969626405602,1.34053715406407
"22","Bahía Blanca","0008PP0002","Interior","Estatal","Oficial","2.Primaria",217,12,"34.700000000000003","Primaria",34.7,706,0.622597726653906,1.60617354864819
"19","General Pueyrredón","0043PP0065","Interior","Estatal","Oficial","2.Primaria",191,8,"34.9","Primaria",34.9,706,0.548000764013346,1.82481497411862
"19","General Pueyrredón","0043PP0015","Interior","Estatal","Oficial","2.Primaria",375,20,"35","Primaria",35,706,1,1
"22","Patagones","0078PP0002","Interior","Estatal","Oficial","2.Primaria",382,18,"35.200000000000003","Primaria",35.2,706,1,1
"18","La Costa","0123PP0008","Interior","Estatal","Oficial","2.Primaria",388,18,"35.200000000000003","Primaria",35.2,706,1,1
"14","Florentino Ameghino","0128PP0001","Interior","Estatal","Oficial","2.Primaria",308,18,"35.299999999999997","Primaria",35.3,706,0.883687095895867,1.13162227291122
"25","Bolívar","0012PP0001","Interior","Estatal","Oficial","2.Primaria",515,18,"35.6","Primaria",35.6,706,1,1
"22","Villarino","0110PP0009","Interior","Estatal","Oficial","2.Primaria",405,20,"35.799999999999997","Primaria",35.8,706,1,1
"13","Salto","0066PP0002","Interior","Estatal","Oficial","2.Primaria",578,23,"35.9","Primaria",35.9,706,1,1
"18","Dolores","0029PP0001","Interior","Estatal","Oficial","2.Primaria",322,12,"36.1","Primaria",36.1,706,0.923854691163861,1.08242130452378
"19","General Pueyrredón","0043PP0001","Interior","Estatal","Oficial","2.Primaria",551,24,"36.1","Primaria",36.1,706,1,1
"20","Necochea","0075PP0006","Interior","Estatal","Oficial","2.Primaria",106,6,"36.1","Primaria",36.1,706,0.304126078457668,3.2881100005345
"20","Tandil","0102PP0042","Interior","Estatal","Oficial","2.Primaria",277,12,"36.1","Primaria",36.1,706,0.794744563516737,1.25826592078216
"19","General Pueyrredón","0043PP0049","Interior","Estatal","Oficial","2.Primaria",328,14,"36.9","Primaria",36.9,706,0.941069374850144,1.06262091480688
"18","La Costa","0123PP0007","Interior","Estatal","Oficial","2.Primaria",527,24,"37","Primaria",37,706,1,1
"18","La Costa","0123PP0016","Interior","Estatal","Oficial","2.Primaria",186,9,"37","Primaria",37,706,0.533655194274777,1.87386914008955
"19","General Pueyrredón","0043PP0013","Interior","Estatal","Oficial","2.Primaria",352,18,"37.299999999999997","Primaria",37.3,706,1,1
"22","Bahía Blanca","0008PP0017","Interior","Estatal","Oficial","2.Primaria",277,12,"37.5","Primaria",37.5,706,0.794744563516737,1.25826592078216
"17","General Paz","0041PP0011","Interior","Estatal","Oficial","2.Primaria",81,6,"37.5","Primaria",37.5,706,0.232398229764822,4.30295876613157
"17","Rauch","0087PP0004","Interior","Estatal","Oficial","2.Primaria",60,6,"37.5","Primaria",37.5,706,0.172146836862831,5.80899433427762
"24","25 de Mayo","0108PP0025","Interior","Estatal","Oficial","2.Primaria",99,6,"37.5","Primaria",37.5,706,0.284042280823671,3.52060262683492
"22","Patagones","0078PP0038","Interior","Estatal","Oficial","2.Primaria",178,9,"38","Primaria",38,706,0.510702282693066,1.95808797784639
"22","Patagones","0078PP0012","Interior","Estatal","Oficial","2.Primaria",325,18,"38.4","Primaria",38.4,706,0.932462033007002,1.07242972325125
"22","Bahía Blanca","0008PP0005","Interior","Estatal","Oficial","2.Primaria",553,24,"38.5","Primaria",38.5,706,1,1
"19","General Pueyrredón","0043PP0036","Interior","Estatal","Oficial","2.Primaria",472,18,"38.9","Primaria",38.9,706,1,1
"19","General Pueyrredón","0043PP0067","Interior","Estatal","Oficial","2.Primaria",512,18,"38.9","Primaria",38.9,706,1,1
"18","Pinamar","0124PP0005","Interior","Estatal","Oficial","2.Primaria",567,24,"39.200000000000003","Primaria",39.2,706,1,1
"20","Necochea","0075PP0002","Interior","Estatal","Oficial","2.Primaria",481,21,"39.299999999999997","Primaria",39.3,706,1,1
"19","General Pueyrredón","0043PP0062","Interior","Estatal","Oficial","2.Primaria",404,18,"39.4","Primaria",39.4,706,1,1
"22","Villarino","0110PP0005","Interior","Estatal","Oficial","2.Primaria",146,9,"39.6","Primaria",39.6,706,0.418890636366222,2.38725794559354
"17","Chascomús","0027PP0009","Interior","Estatal","Oficial","2.Primaria",188,12,"40.299999999999997","Primaria",40.3,706,0.539393422170204,1.8539343620035
"19","General Pueyrredón","0043PP0041","Interior","Estatal","Oficial","2.Primaria",326,18,"40.299999999999997","Primaria",40.3,706,0.935331146954716,1.06914006152349
"22","Patagones","0078PP0008","Interior","Estatal","Oficial","2.Primaria",408,18,"40.700000000000003","Primaria",40.7,706,1,1
"19","General Pueyrredón","0043PP0020","Interior","Estatal","Oficial","2.Primaria",318,14,"41.1","Primaria",41.1,706,0.912378235373005,1.09603666684483
"22","Bahía Blanca","0008PP0072","Interior","Estatal","Oficial","2.Primaria",103,6,"41.7","Primaria",41.7,706,0.295518736614527,3.38388019472483
"24","Las Flores","0056PP0008","Interior","Estatal","Oficial","2.Primaria",119,6,"41.7","Primaria",41.7,706,0.341424559777948,2.92890470635846
"24","Las Flores","0056PP0043","Interior","Estatal","Oficial","2.Primaria",346,12,"41.7","Primaria",41.7,706,0.992713425908993,1.00734005796722
"20","Necochea","0075PP0010","Interior","Estatal","Oficial","2.Primaria",199,13,"41.7","Primaria",41.7,706,0.570953675595057,1.75145557817416
"20","Necochea","0075PP0049","Interior","Estatal","Oficial","2.Primaria",236,12,"41.7","Primaria",41.7,706,0.677110891660469,1.47686296634177
"24","25 de Mayo","0108PP0009","Interior","Estatal","Oficial","2.Primaria",83,6,"41.7","Primaria",41.7,706,0.23813645766025,4.19927301273081
"18","Pinamar","0124PP0006","Interior","Estatal","Oficial","2.Primaria",413,18,"41.7","Primaria",41.7,706,1,1
"20","Necochea","0075PP0050","Interior","Estatal","Oficial","2.Primaria",237,12,"42","Primaria",42,706,0.679980005608183,1.47063147703231
"15","Bragado","0013PP0003","Interior","Estatal","Oficial","2.Primaria",37,5,"42.5","Primaria",42.5,706,0.106157216065413,9.41999081234209
"25","Bolívar","0012PP0006","Interior","Estatal","Oficial","2.Primaria",430,18,"42.6","Primaria",42.6,706,1,1
"20","Necochea","0075PP0001","Interior","Estatal","Oficial","2.Primaria",356,18,"42.6","Primaria",42.6,706,1,1
"19","General Pueyrredón","0043PP0064","Interior","Estatal","Oficial","2.Primaria",263,12,"43.1","Primaria",43.1,706,0.754576968248743,1.32524585572873
"19","General Pueyrredón","0043PP0078","Interior","Estatal","Oficial","2.Primaria",280,11,"43.1","Primaria",43.1,706,0.803351905359879,1.24478450020235
"17","General Paz","0041PP0004","Interior","Estatal","Oficial","2.Primaria",68,6,"44.4","Primaria",44.4,706,0.195099748444542,5.12558323612731
"19","General Pueyrredón","0043PP0046","Interior","Estatal","Oficial","2.Primaria",337,15,"44.4","Primaria",44.4,706,0.966891400379568,1.03424231470818
"25","Olavarría","0077PP0081","Interior","Estatal","Oficial","2.Primaria",524,18,"44.7","Primaria",44.7,706,1,1
"19","General Pueyrredón","0043PP0034","Interior","Estatal","Oficial","2.Primaria",455,24,"44.8","Primaria",44.8,706,1,1
"22","Villarino","0110PP0055","Interior","Estatal","Oficial","2.Primaria",194,10,"45","Primaria",45,706,0.556608105856487,1.79659618585906
"19","General Pueyrredón","0043PP0071","Interior","Estatal","Oficial","2.Primaria",500,24,"45.1","Primaria",45.1,706,1,1
"22","Bahía Blanca","0008PP0030","Interior","Estatal","Oficial","2.Primaria",442,24,"45.3","Primaria",45.3,706,1,1
"13","Salto","0066PP0030","Interior","Estatal","Oficial","2.Primaria",459,18,"45.4","Primaria",45.4,706,1,1
"19","General Pueyrredón","0043PP0005","Interior","Estatal","Oficial","2.Primaria",235,13,"45.5","Primaria",45.5,706,0.674241777712755,1.4831474896028
"24","Roque Pérez","0090PP0001","Interior","Estatal","Oficial","2.Primaria",362,18,"45.8","Primaria",45.8,706,1,1
"22","Bahía Blanca","0008PP0029","Interior","Estatal","Oficial","2.Primaria",249,12,"46.5","Primaria",46.5,706,0.714409372980749,1.39975767091027
"13","Salto","0066PP0007","Interior","Estatal","Oficial","2.Primaria",270,12,"46.5","Primaria",46.5,706,0.77466076588274,1.29088762983947
"13","Salto","0066PP0027","Interior","Estatal","Oficial","2.Primaria",457,17,"46.8","Primaria",46.8,706,1,1
"25","Bolívar","0012PP0002","Interior","Estatal","Oficial","2.Primaria",453,18,"47.1","Primaria",47.1,706,1,1
"23","Guaminí","0051PP0001","Interior","Estatal","Oficial","2.Primaria",113,6,"47.2","Primaria",47.2,706,0.324209876091665,3.0844217704129
"15","Pehuajó","0079PP0020","Interior","Estatal","Oficial","2.Primaria",417,18,"47.2","Primaria",47.2,706,1,1
"18","General Lavalle","0039PP0001","Interior","Estatal","Oficial","2.Primaria",252,12,"47.9","Primaria",47.9,706,0.723016714823891,1.38309388911372
"22","Monte Hermoso","0126PP0002","Interior","Estatal","Oficial","2.Primaria",252,13,"47.9","Primaria",47.9,706,0.723016714823891,1.38309388911372
"22","Bahía Blanca","0008PP0063","Interior","Estatal","Oficial","2.Primaria",668,30,"48.3","Primaria",48.3,706,1,1
"22","Bahía Blanca","0008PP0003","Interior","Estatal","Oficial","2.Primaria",588,24,"49","Primaria",49,706,1,1
"18","La Costa","0123PP0005","Interior","Estatal","Oficial","2.Primaria",639,26,"49","Primaria",49,706,1,1
"22","Bahía Blanca","0008PP0046","Interior","Estatal","Oficial","2.Primaria",390,18,"49.1","Primaria",49.1,706,1,1
"19","General Pueyrredón","0043PP0080","Interior","Estatal","Oficial","2.Primaria",282,12,"49.7","Primaria",49.7,706,0.809090133255306,1.23595624133566
"19","General Pueyrredón","0043PP0018","Interior","Estatal","Oficial","2.Primaria",409,18,"50","Primaria",50,706,1,1
"19","General Pueyrredón","0043PP0021","Interior","Estatal","Oficial","2.Primaria",342,14,"50","Primaria",50,706,0.981236970118138,1.01912181303116
"19","General Pueyrredón","0043PP0043","Interior","Estatal","Oficial","2.Primaria",279,12,"50","Primaria",50,706,0.800482791412165,1.24924609339304
"19","Mar Chiquita","0068PP0001","Interior","Estatal","Oficial","2.Primaria",269,12,"50","Primaria",50,706,0.771791651935026,1.29568646861211
"19","General Pueyrredón","0043PP0031","Interior","Estatal","Oficial","2.Primaria",918,36,"50.2","Primaria",50.2,706,1,1
"22","Bahía Blanca","0008PP0011","Interior","Estatal","Oficial","2.Primaria",365,18,"50.5","Primaria",50.5,706,1,1
"25","Bolívar","0012PP0009","Interior","Estatal","Oficial","2.Primaria",174,10,"51.9","Primaria",51.9,706,0.49922582690221,2.00310149457849
"19","Mar Chiquita","0068PP0030","Interior","Estatal","Oficial","2.Primaria",355,12,"52.1","Primaria",52.1,706,1,1
"22","Bahía Blanca","0008PP0022","Interior","Estatal","Oficial","2.Primaria",486,24,"52.4","Primaria",52.4,706,1,1
"18","Ayacucho","0006PP0001","Interior","Estatal","Oficial","2.Primaria",421,18,"52.8","Primaria",52.8,706,1,1
"22","Bahía Blanca","0008PP0009","Interior","Estatal","Oficial","2.Primaria",263,12,"52.8","Primaria",52.8,706,0.754576968248743,1.32524585572873
"13","Salto","0066PP0006","Interior","Estatal","Oficial","2.Primaria",472,19,"52.8","Primaria",52.8,706,1,1
"18","La Costa","0123PP0003","Interior","Estatal","Oficial","2.Primaria",678,28,"53.1","Primaria",53.1,706,1,1
"22","Bahía Blanca","0008PP0065","Interior","Estatal","Oficial","2.Primaria",287,12,"53.5","Primaria",53.5,706,0.823435702993876,1.21442390263644
"22","Bahía Blanca","0008PP0078","Interior","Estatal","Oficial","2.Primaria",283,12,"54.2","Primaria",54.2,706,0.81195924720302,1.23158890479384
"20","Necochea","0075PP0025","Interior","Estatal","Oficial","2.Primaria",406,23,"54.2","Primaria",54.2,706,1,1
"18","Ayacucho","0006PP0047","Interior","Estatal","Oficial","2.Primaria",334,12,"55.6","Primaria",55.6,706,0.958284058536427,1.0435319163373
"19","General Pueyrredón","0043PP0022","Interior","Estatal","Oficial","2.Primaria",462,24,"55.9","Primaria",55.9,706,1,1
"19","General Pueyrredón","0043PP0057","Interior","Estatal","Oficial","2.Primaria",579,24,"55.9","Primaria",55.9,706,1,1
"22","Bahía Blanca","0008PP0035","Interior","Estatal","Oficial","2.Primaria",281,12,"56.2","Primaria",56.2,706,0.806221019307593,1.24035466212334
"19","General Pueyrredón","0043PP0077","Interior","Estatal","Oficial","2.Primaria",149,6,"56.9","Primaria",56.9,706,0.427497978209364,2.33919234937354
"23","Adolfo Alsina","0002PP0041","Interior","Estatal","Oficial","2.Primaria",130,6,"57.1","Primaria",57.1,706,0.372984813202801,2.68107430812813
"25","Bolívar","0012PP0022","Interior","Estatal","Oficial","2.Primaria",116,6,"58.3","Primaria",58.3,706,0.332817217934807,3.00465224186773
"19","General Pueyrredón","0043PP0038","Interior","Estatal","Oficial","2.Primaria",538,24,"58.3","Primaria",58.3,706,1,1
"19","Mar Chiquita","0068PP0005","Interior","Estatal","Oficial","2.Primaria",254,12,"58.3","Primaria",58.3,706,0.728754942719319,1.37220338604983
"18","Dolores","0029PP0014","Interior","Estatal","Oficial","2.Primaria",62,5,"59.2","Primaria",59.2,706,0.177885064758259,5.62160742026867
"22","Bahía Blanca","0008PP0068","Interior","Estatal","Oficial","2.Primaria",406,18,"59.3","Primaria",59.3,706,1,1
"19","General Pueyrredón","0043PP0045","Interior","Estatal","Oficial","2.Primaria",406,18,"60.2","Primaria",60.2,706,1,1
"22","Bahía Blanca","0008PP0047","Interior","Estatal","Oficial","2.Primaria",278,12,"61.8","Primaria",61.8,706,0.797613677464451,1.25373978437646
"22","Bahía Blanca","0008PP0024","Interior","Estatal","Oficial","2.Primaria",427,18,"62.5","Primaria",62.5,706,1,1
"22","Bahía Blanca","0008PP0034","Interior","Estatal","Oficial","2.Primaria",388,18,"62.5","Primaria",62.5,706,1,1
"19","General Pueyrredón","0043PP0061","Interior","Estatal","Oficial","2.Primaria",435,20,"62.9","Primaria",62.9,706,1,1
"18","Tordillo","0104PP0001","Interior","Estatal","Oficial","2.Primaria",189,8,"63","Primaria",63,706,0.542262536117918,1.84412518548496
"22","Bahía Blanca","0008PP0001","Interior","Estatal","Oficial","2.Primaria",246,12,"63.2","Primaria",63.2,706,0.705802031137608,1.41682788640918
"22","Bahía Blanca","0008PP0008","Interior","Estatal","Oficial","2.Primaria",119,6,"63.9","Primaria",63.9,706,0.341424559777948,2.92890470635846
"18","General Juan Madariaga","0040PP0002","Interior","Estatal","Oficial","2.Primaria",372,18,"64.7","Primaria",64.7,706,1,1
"22","Bahía Blanca","0008PP0007","Interior","Estatal","Oficial","2.Primaria",369,18,"64.8","Primaria",64.8,706,1,1
"22","Bahía Blanca","0008PP0058","Interior","Estatal","Oficial","2.Primaria",142,6,"65.3","Primaria",65.3,706,0.407414180575367,2.45450464828632
"22","Bahía Blanca","0008PP0061","Interior","Estatal","Oficial","2.Primaria",386,18,"65.3","Primaria",65.3,706,1,1
"22","Bahía Blanca","0008PP0084","Interior","Estatal","Oficial","2.Primaria",235,12,"65.3","Primaria",65.3,706,0.674241777712755,1.4831474896028
"22","Bahía Blanca","0008PP0060","Interior","Estatal","Oficial","2.Primaria",295,14,"65.5","Primaria",65.5,706,0.846388614575587,1.18149037307341
"22","Monte Hermoso","0126PP0001","Interior","Estatal","Oficial","2.Primaria",434,18,"66.2","Primaria",66.2,706,1,1
"19","General Pueyrredón","0043PP0002","Interior","Estatal","Oficial","2.Primaria",414,23,"66.400000000000006","Primaria",66.4,706,1,1
"22","Bahía Blanca","0008PP0015","Interior","Estatal","Oficial","2.Primaria",126,6,"66.7","Primaria",66.7,706,0.361508357411945,2.76618777822744
"22","Bahía Blanca","0008PP0052","Interior","Estatal","Oficial","2.Primaria",280,12,"66.7","Primaria",66.7,706,0.803351905359879,1.24478450020235
"22","Bahía Blanca","0008PP0070","Interior","Estatal","Oficial","2.Primaria",135,6,"66.7","Primaria",66.7,706,0.38733038294137,2.58177525967894
"22","Bahía Blanca","0008PP0016","Interior","Estatal","Oficial","2.Primaria",257,12,"67.400000000000006","Primaria",67.4,706,0.73736228456246,1.35618544769127
"19","General Pueyrredón","0043PP0048","Interior","Estatal","Oficial","2.Primaria",270,12,"67.400000000000006","Primaria",67.4,706,0.77466076588274,1.29088762983947
"22","Bahía Blanca","0008PP0050","Interior","Estatal","Oficial","2.Primaria",408,18,"69.599999999999994","Primaria",69.6,706,1,1
"22","Bahía Blanca","0008PP0037","Interior","Estatal","Oficial","2.Primaria",202,12,"70.099999999999994","Primaria",70.1,706,0.579561017438198,1.72544386166662
"22","Bahía Blanca","0008PP0057","Interior","Estatal","Oficial","2.Primaria",299,18,"73.099999999999994","Primaria",73.1,706,0.857865070366442,1.16568448179484
"22","Bahía Blanca","0008PP0059","Interior","Estatal","Oficial","2.Primaria",241,12,"74.3","Primaria",74.3,706,0.691456461399038,1.44622265583675
"19","General Pueyrredón","0043PP0026","Interior","Estatal","Oficial","2.Primaria",414,24,"74.599999999999994","Primaria",74.6,706,1,1
"22","Bahía Blanca","0008PP0033","Interior","Estatal","Oficial","2.Primaria",292,13,"75","Primaria",75,706,0.837781272732445,1.19362897279677
"18","Dolores","0029PP0031","Interior","Estatal","Oficial","2.Primaria",533,18,"75","Primaria",75,706,1,1
"20","Balcarce","0009PP0040","Interior","Estatal","Oficial","2.Primaria",9,1,"8.3000000000000007","Primaria",8.3,706,0.0258220255294247,38.7266288951841
"18","Dolores","0029PP0005","Interior","Estatal","Oficial","2.Primaria",126,6,"0","Primaria",0,706,0.361508357411945,2.76618777822744
"18","Castelli","0021PP0011","Interior","Estatal","Oficial","2.Primaria",5,1,"0","Primaria",0,706,0.0143455697385693,69.7079320113314
"14","Junín","0053PP0004","Interior","Estatal","Oficial","2.Primaria",55,6,"16.7","Primaria",16.7,706,0.157801267124262,6.33708472830286
"24","Roque Pérez","0090PP0015","Interior","Estatal","Oficial","2.Primaria",11,1,"16.7","Primaria",16.7,706,0.0315602534248524,31.6854236415143
"14","Chacabuco","0026PP0010","Interior","Estatal","Oficial","2.Primaria",262,12,"25","Primaria",25,706,0.751707854301029,1.33030404601778
"15","Bragado","0013PP0036","Interior","Estatal","Oficial","2.Primaria",115,6,"37.5","Primaria",37.5,706,0.329948103987093,3.03077965266658
"17","General Paz","0041PP0009","Interior","Estatal","Oficial","2.Primaria",5,1,"16.7","Primaria",16.7,706,0.0143455697385693,69.7079320113314
"12","Arrecifes","0011PP0027","Interior","Estatal","Oficial","2.Primaria",4,1,"8.3000000000000007","Primaria",8.3,706,0.0114764557908554,87.1349150141643
"17","Rauch","0087PP0019","Interior","Estatal","Oficial","2.Primaria",14,1,"16.7","Primaria",16.7,706,0.0401675952679939,24.8956900040469
"17","Chascomús","0027PP0053","Interior","Estatal","Oficial","2.Primaria",6,1,"8.3000000000000007","Primaria",8.3,706,0.0172146836862831,58.0899433427762
"16","General Villegas","0049PP0045","Interior","Estatal","Oficial","2.Primaria",319,14,"8.3000000000000007","Primaria",8.3,706,0.915247349320719,1.09260081522463
"22","Bahía Blanca","0008PP0018","Interior","Estatal","Oficial","2.Primaria",205,12,"65.3","Primaria",65.3,706,0.58816835928134,1.70019346369101
"18","Tordillo","0104PP0004","Interior","Estatal","Oficial","2.Primaria",9,1,"0","Primaria",0,706,0.0258220255294247,38.7266288951841
"16","Rivadavia","0088PP0008","Interior","Estatal","Oficial","2.Primaria",29,1,"8.3000000000000007","Primaria",8.3,706,0.0832043044837017,12.0186089674709
"20","Lobería","0060PP0040","Interior","Estatal","Oficial","2.Primaria",2,1,"0","Primaria",0,706,0.00573822789542771,174.269830028329
"25","Bolívar","0012PP0017","Interior","Estatal","Oficial","2.Primaria",16,1,"0","Primaria",0,706,0.0459058231634216,21.7837287535411
"24","General Alvear","0034PP0019","Interior","Estatal","Oficial","2.Primaria",7,1,"8.3000000000000007","Primaria",8.3,706,0.020083797633997,49.7913800080939
"18","Ayacucho","0006PP0006","Interior","Estatal","Oficial","2.Primaria",232,12,"28.5","Primaria",28.5,706,0.665634435869614,1.50232612093387
"25","Azul","0007PP0005","Interior","Estatal","Oficial","2.Primaria",5,1,"8.3000000000000007","Primaria",8.3,706,0.0143455697385693,69.7079320113314
"13","Rojas","0089PP0005","Interior","Estatal","Oficial","2.Primaria",14,2,"16.7","Primaria",16.7,706,0.0401675952679939,24.8956900040469
"17","Lezama","0137PP0010","Interior","Estatal","Oficial","2.Primaria",1,NA,"8.3000000000000007","Primaria",8.3,706,0.00286911394771385,348.539660056657
"25","Olavarría","0077PP0021","Interior","Estatal","Oficial","2.Primaria",4,1,"16.7","Primaria",16.7,706,0.0114764557908554,87.1349150141643
"23","Coronel Suárez","0025PP0039","Interior","Estatal","Oficial","2.Primaria",15,2,"0","Primaria",0,706,0.0430367092157078,23.2359773371105
"16","General Villegas","0049PP0013","Interior","Estatal","Oficial","2.Primaria",187,12,"8.3000000000000007","Primaria",8.3,706,0.53652430822249,1.86384844950084
"13","Carmen de Areco","0019PP0002","Interior","Estatal","Oficial","2.Primaria",2,1,"8.3000000000000007","Primaria",8.3,706,0.00573822789542771,174.269830028329
"16","Trenque Lauquen","0106PP0022","Interior","Estatal","Oficial","2.Primaria",3,1,"8.3000000000000007","Primaria",8.3,706,0.00860734184314156,116.179886685552
"21","Coronel Pringles","0024PP0020","Interior","Estatal","Oficial","2.Primaria",9,1,"16.7","Primaria",16.7,706,0.0258220255294247,38.7266288951841
"14","Lincoln","0059PP0008","Interior","Estatal","Oficial","2.Primaria",6,1,"0","Primaria",0,706,0.0172146836862831,58.0899433427762
"17","Lezama","0137PP0007","Interior","Estatal","Oficial","2.Primaria",8,1,"16.7","Primaria",16.7,706,0.0229529115817108,43.5674575070822
"14","General Viamonte","0048PP0008","Interior","Estatal","Oficial","2.Primaria",16,2,"8.3000000000000007","Primaria",8.3,706,0.0459058231634216,21.7837287535411
"16","Trenque Lauquen","0106PP0012","Interior","Estatal","Oficial","2.Primaria",7,1,"0","Primaria",0,706,0.020083797633997,49.7913800080939
"24","Saladillo","0092PP0013","Interior","Estatal","Oficial","2.Primaria",37,3,"16.7","Primaria",16.7,706,0.106157216065413,9.41999081234209
"12","San Pedro","0098PP0024","Interior","Estatal","Oficial","2.Primaria",39,3,"0","Primaria",0,706,0.11189544396084,8.93691436042711
"15","Pehuajó","0079PP0030","Interior","Estatal","Oficial","2.Primaria",3,1,"8.3000000000000007","Primaria",8.3,706,0.00860734184314156,116.179886685552
"18","Ayacucho","0006PP0024","Interior","Estatal","Oficial","2.Primaria",21,2,"16.7","Primaria",16.7,706,0.0602513929019909,16.5971266693646
"21","Adolfo Gonzales Chaves","0050PP0018","Interior","Estatal","Oficial","2.Primaria",10,1,"16.7","Primaria",16.7,706,0.0286911394771385,34.8539660056657
"23","Adolfo Alsina","0002PP0005","Interior","Estatal","Oficial","2.Primaria",4,1,"25","Primaria",25,706,0.0114764557908554,87.1349150141643
"12","San Pedro","0098PP0022","Interior","Estatal","Oficial","2.Primaria",96,6,"16.7","Primaria",16.7,706,0.27543493898053,3.63062145892351
"24","General Alvear","0034PP0002","Interior","Estatal","Oficial","2.Primaria",13,1,"0","Primaria",0,706,0.0372984813202801,26.8107430812813
"12","San Nicolás","0097PP0007","Interior","Estatal","Oficial","2.Primaria",180,8,"25","Primaria",25,706,0.516440510588493,1.93633144475921
"18","Maipú","0065PP0016","Interior","Estatal","Oficial","2.Primaria",3,1,"0","Primaria",0,706,0.00860734184314156,116.179886685552
"25","Tapalqué","0103PP0029","Interior","Estatal","Oficial","2.Primaria",3,2,"16.7","Primaria",16.7,706,0.00860734184314156,116.179886685552
"24","General Alvear","0034PP0004","Interior","Estatal","Oficial","2.Primaria",4,1,"16.7","Primaria",16.7,706,0.0114764557908554,87.1349150141643
"18","General Juan Madariaga","0040PP0018","Interior","Estatal","Oficial","2.Primaria",2,1,"0","Primaria",0,706,0.00573822789542771,174.269830028329
"15","9 de Julio","0076PP0053","Interior","Estatal","Oficial","2.Primaria",7,1,"8.3000000000000007","Primaria",8.3,706,0.020083797633997,49.7913800080939
"12","San Pedro","0098PP0042","Interior","Estatal","Oficial","2.Primaria",23,2,"20.8","Primaria",20.8,706,0.0659896207974186,15.1538982633329
"12","San Pedro","0098PP0014","Interior","Estatal","Oficial","2.Primaria",5,1,"0","Primaria",0,706,0.0143455697385693,69.7079320113314
"17","Pila","0082PP0014","Interior","Estatal","Oficial","2.Primaria",7,1,"0","Primaria",0,706,0.020083797633997,49.7913800080939
"18","Dolores","0029PP0010","Interior","Estatal","Oficial","2.Primaria",149,6,"55.6","Primaria",55.6,706,0.427497978209364,2.33919234937354
"24","25 de Mayo","0108PP0052","Interior","Estatal","Oficial","2.Primaria",9,1,"33.299999999999997","Primaria",33.3,706,0.0258220255294247,38.7266288951841
"14","Leandro N. Alem","0058PP0006","Interior","Estatal","Oficial","2.Primaria",235,12,"8.3000000000000007","Primaria",8.3,706,0.674241777712755,1.4831474896028
"23","Coronel Suárez","0025PP0001","Interior","Estatal","Oficial","2.Primaria",113,6,"8.3000000000000007","Primaria",8.3,706,0.324209876091665,3.0844217704129
"14","General Pinto","0042PP0012","Interior","Estatal","Oficial","2.Primaria",7,1,"0","Primaria",0,706,0.020083797633997,49.7913800080939
"14","Junín","0053PP0026","Interior","Estatal","Oficial","2.Primaria",60,3,"0","Primaria",0,706,0.172146836862831,5.80899433427762
"12","Baradero","0010PP0027","Interior","Estatal","Oficial","2.Primaria",38,3,"25","Primaria",25,706,0.109026330013126,9.17209631728045
"13","San Antonio de Areco","0094PP0008","Interior","Estatal","Oficial","2.Primaria",125,6,"16.7","Primaria",16.7,706,0.358639243464232,2.78831728045326
"15","Chivilcoy","0028PP0053","Interior","Estatal","Oficial","2.Primaria",9,2,"0","Primaria",0,706,0.0258220255294247,38.7266288951841
"23","Puan","0084PP0019","Interior","Estatal","Oficial","2.Primaria",4,1,"0","Primaria",0,706,0.0114764557908554,87.1349150141643
"25","Olavarría","0077PP0045","Interior","Estatal","Oficial","2.Primaria",36,2,"16.7","Primaria",16.7,706,0.103288102117699,9.68165722379603
"23","Coronel Suárez","0025PP0022","Interior","Estatal","Oficial","2.Primaria",18,2,"0","Primaria",0,706,0.0516440510588493,19.3633144475921
"19","General Pueyrredón","0043PP0044","Interior","Estatal","Oficial","2.Primaria",171,7,"39.299999999999997","Primaria",39.3,706,0.490618485059069,2.03824362606232
"15","9 de Julio","0076PP0007","Interior","Estatal","Oficial","2.Primaria",91,6,"16.7","Primaria",16.7,706,0.261089369241961,3.83010615446876
"20","Tandil","0102PP0046","Interior","Estatal","Oficial","2.Primaria",15,1,"8.3000000000000007","Primaria",8.3,706,0.0430367092157078,23.2359773371105
"23","Adolfo Alsina","0002PP0012","Interior","Estatal","Oficial","2.Primaria",146,8,"25","Primaria",25,706,0.418890636366222,2.38725794559354
"17","General Paz","0041PP0025","Interior","Estatal","Oficial","2.Primaria",9,1,"0","Primaria",0,706,0.0258220255294247,38.7266288951841
"12","Baradero","0010PP0014","Interior","Estatal","Oficial","2.Primaria",39,3,"25","Primaria",25,706,0.11189544396084,8.93691436042711
"20","Lobería","0060PP0014","Interior","Estatal","Oficial","2.Primaria",12,1,"0","Primaria",0,706,0.0344293673725662,29.0449716713881
"25","Bolívar","0012PP0018","Interior","Estatal","Oficial","2.Primaria",131,6,"22.2","Primaria",22.2,706,0.375853927150515,2.66060809203555
"14","Chacabuco","0026PP0028","Interior","Estatal","Oficial","2.Primaria",3,1,"8.3000000000000007","Primaria",8.3,706,0.00860734184314156,116.179886685552
"22","Villarino","0110PP0018","Interior","Estatal","Oficial","2.Primaria",15,2,"33.299999999999997","Primaria",33.3,706,0.0430367092157078,23.2359773371105
"24","Las Flores","0056PP0031","Interior","Estatal","Oficial","2.Primaria",11,1,"41.7","Primaria",41.7,706,0.0315602534248524,31.6854236415143
"16","Carlos Tejedor","0018PP0001","Interior","Estatal","Oficial","2.Primaria",283,12,"16.7","Primaria",16.7,706,0.81195924720302,1.23158890479384
"15","9 de Julio","0076PP0002","Interior","Estatal","Oficial","2.Primaria",164,11,"0","Primaria",0,706,0.470534687425072,2.12524182961376
"17","General Paz","0041PP0012","Interior","Estatal","Oficial","2.Primaria",3,1,"16.7","Primaria",16.7,706,0.00860734184314156,116.179886685552
"22","Villarino","0110PP0014","Interior","Estatal","Oficial","2.Primaria",14,2,"8.3000000000000007","Primaria",8.3,706,0.0401675952679939,24.8956900040469
"25","Bolívar","0012PP0038","Interior","Estatal","Oficial","2.Primaria",4,1,"25","Primaria",25,706,0.0114764557908554,87.1349150141643
"18","General Juan Madariaga","0040PP0006","Interior","Estatal","Oficial","2.Primaria",5,1,"0","Primaria",0,706,0.0143455697385693,69.7079320113314
"23","Adolfo Alsina","4002PP0063","Interior","Privado","Privada","2.Primaria",211,9,"NA","Primaria",NA,215,0.458862680045315,2.17930122341012
"18","Ayacucho","4006PP0101","Interior","Privado","Privada","2.Primaria",261,9,"NA","Primaria",NA,215,0.567597912283541,1.76181056758442
"25","Azul","4007PP0103","Interior","Privado","Privada","2.Primaria",182,6,"NA","Primaria",NA,215,0.395796245347144,2.52655251725019
"25","Azul","4007PP0105","Interior","Privado","Privada","2.Primaria",562,18,"NA","Primaria",NA,215,1,1
"25","Azul","4007PP0718","Interior","Privado","Privada","2.Primaria",569,18,"NA","Primaria",NA,215,1,1
"25","Azul","4007PP2079","Interior","Privado","Privada","2.Primaria",331,12,"NA","Primaria",NA,215,0.719827237417058,1.38922223002881
"25","Azul","4007PP2485","Interior","Privado","Privada","2.Primaria",364,12,"NA","Primaria",NA,215,0.791592490694287,1.2632762586251
"22","Bahía Blanca","4008PP0107","Interior","Privado","Privada","2.Primaria",552,18,"NA","Primaria",NA,215,1,1
"22","Bahía Blanca","4008PP0108","Interior","Privado","Privada","2.Primaria",782,24,"NA","Primaria",NA,215,1,1
"22","Bahía Blanca","4008PP0109","Interior","Privado","Privada","2.Primaria",524,21,"NA","Primaria",NA,215,1,1
"22","Bahía Blanca","4008PP0110","Interior","Privado","Privada","2.Primaria",545,18,"NA","Primaria",NA,215,1,1
"22","Bahía Blanca","4008PP0112","Interior","Privado","Privada","2.Primaria",386,12,"NA","Primaria",NA,215,0.839435992879107,1.19127605735631
"22","Bahía Blanca","4008PP0113","Interior","Privado","Privada","2.Primaria",354,12,"NA","Primaria",NA,215,0.769845444246642,1.29896202864275
"22","Bahía Blanca","4008PP0114","Interior","Privado","Privada","2.Primaria",646,24,"NA","Primaria",NA,215,1,1
"22","Bahía Blanca","4008PP0115","Interior","Privado","Privada","2.Primaria",463,16,"NA","Primaria",NA,215,1,1
"22","Bahía Blanca","4008PP0136","Interior","Privado","Privada","2.Primaria",351,12,"NA","Primaria",NA,215,0.763321330312348,1.3100642682038
"22","Bahía Blanca","4008PP1006","Interior","Privado","Privada","2.Primaria",462,16,"NA","Primaria",NA,215,1,1
"22","Bahía Blanca","4008PP1066","Interior","Privado","Privada","2.Primaria",371,12,"NA","Primaria",NA,215,0.806815423207639,1.23944085751896
"22","Bahía Blanca","4008PP3201","Interior","Privado","Privada","2.Primaria",323,12,"NA","Primaria",NA,215,0.702429600258942,1.42363021095831
"22","Bahía Blanca","4008PP3220","Interior","Privado","Privada","2.Primaria",381,18,"NA","Primaria",NA,215,0.828562469655284,1.2069096014161
"22","Bahía Blanca","4008PP3300","Interior","Privado","Privada","2.Primaria",239,12,"NA","Primaria",NA,215,0.519754410098721,1.92398559891019
"22","Bahía Blanca","4008PP5419","Interior","Privado","Privada","2.Primaria",338,12,"NA","Primaria",NA,215,0.73505016993041,1.36045135544241
"22","Bahía Blanca","4008PP8453","Interior","Privado","Privada","2.Primaria",316,12,"NA","Primaria",NA,215,0.68720666774559,1.45516632322638
"22","Bahía Blanca","4008PP8871","Interior","Privado","Privada","2.Primaria",301,12,"NA","Primaria",NA,215,0.654586098074122,1.52768291740709
"20","Balcarce","4009PP0116","Interior","Privado","Privada","2.Primaria",477,18,"NA","Primaria",NA,215,1,1
"20","Balcarce","4009PP0117","Interior","Privado","Privada","2.Primaria",193,7,"NA","Primaria",NA,215,0.419717996439553,2.38255211471262
"20","Balcarce","4009PP1103","Interior","Privado","Privada","2.Primaria",453,17,"NA","Primaria",NA,215,0.98514120407833,1.0150829098003
"12","Baradero","4010PP0119","Interior","Privado","Privada","2.Primaria",348,12,"NA","Primaria",NA,215,0.756797216378055,1.32135792568832
"12","Baradero","4010PP0120","Interior","Privado","Privada","2.Primaria",345,12,"NA","Primaria",NA,215,0.750273102443761,1.33284799460735
"12","Arrecifes","4011PP0121","Interior","Privado","Privada","2.Primaria",438,13,"NA","Primaria",NA,215,0.952520634406862,1.04984602314962
"25","Bolívar","4012PP0131","Interior","Privado","Privada","2.Primaria",365,12,"NA","Primaria",NA,215,0.793767195339052,1.25981522777955
"15","Bragado","4013PP0133","Interior","Privado","Privada","2.Primaria",364,12,"NA","Primaria",NA,215,0.791592490694287,1.2632762586251
"15","Carlos Casares","4017PP5372","Interior","Privado","Privada","2.Primaria",344,12,"NA","Primaria",NA,215,0.748098397798997,1.33672255273121
"23","Daireaux","4020PP0836","Interior","Privado","Privada","2.Primaria",267,12,"NA","Primaria",NA,215,0.580646140152128,1.72221931887466
"18","Castelli","4021PP0142","Interior","Privado","Privada","2.Primaria",255,9,"NA","Primaria",NA,215,0.554549684414954,1.80326493388053
"13","Colón","4022PP0144","Interior","Privado","Privada","2.Primaria",284,12,"NA","Primaria",NA,215,0.617616119113125,1.61912872584343
"21","Coronel Dorrego","4023PP0145","Interior","Privado","Privada","2.Primaria",212,8,"NA","Primaria",NA,215,0.461037384690079,2.16902150065818
"21","Coronel Pringles","4024PP0146","Interior","Privado","Privada","2.Primaria",245,12,"NA","Primaria",NA,215,0.532802637967309,1.876867584243
"23","Coronel Suárez","4025PP0148","Interior","Privado","Privada","2.Primaria",437,20,"NA","Primaria",NA,215,0.950345929762097,1.05224841679527
"23","Coronel Suárez","4025PP0149","Interior","Privado","Privada","2.Primaria",98,9,"NA","Primaria",NA,215,0.213121055186923,4.6921689606075
"14","Chacabuco","4026PP0152","Interior","Privado","Privada","2.Primaria",347,12,"NA","Primaria",NA,215,0.75462251173329,1.32516587360097
"17","Chascomús","4027PP0154","Interior","Privado","Privada","2.Primaria",515,18,"NA","Primaria",NA,215,1,1
"17","Chascomús","4027PP0156","Interior","Privado","Privada","2.Primaria",265,9,"NA","Primaria",NA,215,0.576296730862599,1.73521720052655
"15","Chivilcoy","4028PP0157","Interior","Privado","Privada","2.Primaria",287,9,"NA","Primaria",NA,215,0.624140233047419,1.60220403532939
"15","Chivilcoy","4028PP0837","Interior","Privado","Privada","2.Primaria",579,18,"NA","Primaria",NA,215,1,1
"15","Chivilcoy","4028PP1752","Interior","Privado","Privada","2.Primaria",328,12,"NA","Primaria",NA,215,0.713303123482764,1.40192853091322
"15","Chivilcoy","4028PP8026","Interior","Privado","Privada","2.Primaria",104,6,"NA","Primaria",NA,215,0.226169283055511,4.42146690518784
"18","Dolores","4029PP0159","Interior","Privado","Privada","2.Primaria",700,24,"NA","Primaria",NA,215,1,1
"19","General Alvarado","4033PP0172","Interior","Privado","Privada","2.Primaria",441,15,"NA","Primaria",NA,215,0.959044748341155,1.04270421346833
"19","General Alvarado","4033PP0649","Interior","Privado","Privada","2.Primaria",111,6,"NA","Primaria",NA,215,0.241392215568862,4.14263565891473
"19","General Alvarado","4033PP2953","Interior","Privado","Privada","2.Primaria",345,12,"NA","Primaria",NA,215,0.750273102443761,1.33284799460735
"19","General Alvarado","4033PP7763","Interior","Privado","Privada","2.Primaria",155,6,"NA","Primaria",NA,215,0.337079219938501,2.96666166541635
"14","General Arenales","4035PP0174","Interior","Privado","Privada","2.Primaria",168,6,"NA","Primaria",NA,215,0.36535038032044,2.73709856035437
"17","General Belgrano","4036PP0177","Interior","Privado","Privada","2.Primaria",372,12,"NA","Primaria",NA,215,0.808990127852403,1.23610902725681
"18","General Juan Madariaga","4040PP8052","Interior","Privado","Privada","2.Primaria",186,7,"NA","Primaria",NA,215,0.404495063926202,2.47221805451363
"17","General Paz","4041PP0181","Interior","Privado","Privada","2.Primaria",452,17,"NA","Primaria",NA,215,0.982966499433565,1.0173286684503
"19","General Pueyrredón","4043PP0182","Interior","Privado","Privada","2.Primaria",357,12,"NA","Primaria",NA,215,0.776369558180935,1.28804638134324
"19","General Pueyrredón","4043PP0185","Interior","Privado","Privada","2.Primaria",566,18,"NA","Primaria",NA,215,1,1
"19","General Pueyrredón","4043PP0188","Interior","Privado","Privada","2.Primaria",165,6,"NA","Primaria",NA,215,0.358826266386147,2.78686398872445
"19","General Pueyrredón","4043PP0190","Interior","Privado","Privada","2.Primaria",511,18,"NA","Primaria",NA,215,1,1
"19","General Pueyrredón","4043PP0192","Interior","Privado","Privada","2.Primaria",606,18,"NA","Primaria",NA,215,1,1
"19","General Pueyrredón","4043PP0193","Interior","Privado","Privada","2.Primaria",555,18,"NA","Primaria",NA,215,1,1
"19","General Pueyrredón","4043PP0194","Interior","Privado","Privada","2.Primaria",499,18,"NA","Primaria",NA,215,1,1
"19","General Pueyrredón","4043PP0195","Interior","Privado","Privada","2.Primaria",332,14,"NA","Primaria",NA,215,0.722001942061822,1.38503782572149
"19","General Pueyrredón","4043PP0198","Interior","Privado","Privada","2.Primaria",653,24,"NA","Primaria",NA,215,1,1
"19","General Pueyrredón","4043PP0199","Interior","Privado","Privada","2.Primaria",207,9,"NA","Primaria",NA,215,0.450163861466257,2.22141332434558
"19","General Pueyrredón","4043PP0200","Interior","Privado","Privada","2.Primaria",339,12,"NA","Primaria",NA,215,0.737224874575174,1.3564382246004
"19","General Pueyrredón","4043PP0202","Interior","Privado","Privada","2.Primaria",462,18,"NA","Primaria",NA,215,1,1
"19","General Pueyrredón","4043PP0205","Interior","Privado","Privada","2.Primaria",604,18,"NA","Primaria",NA,215,1,1
"19","General Pueyrredón","4043PP0206","Interior","Privado","Privada","2.Primaria",398,12,"NA","Primaria",NA,215,0.865532448616281,1.15535818628024
"19","General Pueyrredón","4043PP0209","Interior","Privado","Privada","2.Primaria",351,12,"NA","Primaria",NA,215,0.763321330312348,1.3100642682038
"19","General Pueyrredón","4043PP0732","Interior","Privado","Privada","2.Primaria",428,18,"NA","Primaria",NA,215,0.930773587959217,1.07437513584003
"19","General Pueyrredón","4043PP0733","Interior","Privado","Privada","2.Primaria",566,18,"NA","Primaria",NA,215,1,1
"19","General Pueyrredón","4043PP0734","Interior","Privado","Privada","2.Primaria",348,12,"NA","Primaria",NA,215,0.756797216378055,1.32135792568832
"19","General Pueyrredón","4043PP0936","Interior","Privado","Privada","2.Primaria",348,12,"NA","Primaria",NA,215,0.756797216378055,1.32135792568832
"19","General Pueyrredón","4043PP1044","Interior","Privado","Privada","2.Primaria",387,15,"NA","Primaria",NA,215,0.841610697523871,1.18819782464996
"19","General Pueyrredón","4043PP1050","Interior","Privado","Privada","2.Primaria",324,12,"NA","Primaria",NA,215,0.704604304903706,1.41923629055412
"19","General Pueyrredón","4043PP1101","Interior","Privado","Privada","2.Primaria",430,18,"NA","Primaria",NA,215,0.935122997248746,1.06937804218496
"19","General Pueyrredón","4043PP1135","Interior","Privado","Privada","2.Primaria",328,16,"NA","Primaria",NA,215,0.713303123482764,1.40192853091322
"19","General Pueyrredón","4043PP1171","Interior","Privado","Privada","2.Primaria",468,16,"NA","Primaria",NA,215,1,1
"19","General Pueyrredón","4043PP1288","Interior","Privado","Privada","2.Primaria",352,12,"NA","Primaria",NA,215,0.765496034957113,1.30634249471459
"19","General Pueyrredón","4043PP1767","Interior","Privado","Privada","2.Primaria",372,12,"NA","Primaria",NA,215,0.808990127852403,1.23610902725681
"19","General Pueyrredón","4043PP2311","Interior","Privado","Privada","2.Primaria",714,24,"NA","Primaria",NA,215,1,1
"19","General Pueyrredón","4043PP2365","Interior","Privado","Privada","2.Primaria",239,9,"NA","Primaria",NA,215,0.519754410098721,1.92398559891019
"19","General Pueyrredón","4043PP2520","Interior","Privado","Privada","2.Primaria",152,6,"NA","Primaria",NA,215,0.330555106004208,3.02521419828641
"19","General Pueyrredón","4043PP2915","Interior","Privado","Privada","2.Primaria",633,21,"NA","Primaria",NA,215,1,1
"19","General Pueyrredón","4043PP2966","Interior","Privado","Privada","2.Primaria",448,18,"NA","Primaria",NA,215,0.974267680854507,1.02641196013289
"19","General Pueyrredón","4043PP2994","Interior","Privado","Privada","2.Primaria",388,13,"NA","Primaria",NA,215,0.843785402168636,1.18513545912251
"19","General Pueyrredón","4043PP3148","Interior","Privado","Privada","2.Primaria",179,6,"NA","Primaria",NA,215,0.38927213141285,2.56889697284656
"19","General Pueyrredón","4043PP3374","Interior","Privado","Privada","2.Primaria",291,12,"NA","Primaria",NA,215,0.632839051626477,1.58018061216335
"19","General Pueyrredón","4043PP3458","Interior","Privado","Privada","2.Primaria",348,12,"NA","Primaria",NA,215,0.756797216378055,1.32135792568832
"19","General Pueyrredón","4043PP3459","Interior","Privado","Privada","2.Primaria",368,14,"NA","Primaria",NA,215,0.800291309273345,1.24954499494439
"19","General Pueyrredón","4043PP3627","Interior","Privado","Privada","2.Primaria",409,13,"NA","Primaria",NA,215,0.889454199708691,1.12428498322625
"19","General Pueyrredón","4043PP3859","Interior","Privado","Privada","2.Primaria",160,6,"NA","Primaria",NA,215,0.347952743162324,2.87395348837209
"19","General Pueyrredón","4043PP3951","Interior","Privado","Privada","2.Primaria",279,14,"NA","Primaria",NA,215,0.606742595889302,1.64814536967575
"19","General Pueyrredón","4043PP3984","Interior","Privado","Privada","2.Primaria",602,24,"NA","Primaria",NA,215,1,1
"19","General Pueyrredón","4043PP5069","Interior","Privado","Privada","2.Primaria",651,24,"NA","Primaria",NA,215,1,1
"19","General Pueyrredón","4043PP5227","Interior","Privado","Privada","2.Primaria",606,23,"NA","Primaria",NA,215,1,1
"19","General Pueyrredón","4043PP5229","Interior","Privado","Privada","2.Primaria",535,18,"NA","Primaria",NA,215,1,1
"19","General Pueyrredón","4043PP5609","Interior","Privado","Privada","2.Primaria",337,12,"NA","Primaria",NA,215,0.732875465285645,1.36448830308467
"19","General Pueyrredón","4043PP6509","Interior","Privado","Privada","2.Primaria",643,24,"NA","Primaria",NA,215,1,1
"19","General Pueyrredón","4043PP7304","Interior","Privado","Privada","2.Primaria",504,17,"NA","Primaria",NA,215,1,1
"19","General Pueyrredón","4043PP7662","Interior","Privado","Privada","2.Primaria",299,11,"NA","Primaria",NA,215,0.650236688784593,1.53790153223925
"19","General Pueyrredón","4043PP8264","Interior","Privado","Privada","2.Primaria",183,6,"NA","Primaria",NA,215,0.397970949991908,2.51274621934172
"19","General Pueyrredón","4043PP9000","Interior","Privado","Privada","2.Primaria",387,12,"NA","Primaria",NA,215,0.841610697523871,1.18819782464996
"14","General Viamonte","4048PP0268","Interior","Privado","Privada","2.Primaria",367,15,"NA","Primaria",NA,215,0.798116604628581,1.25294974969901
"16","General Villegas","4049PP0269","Interior","Privado","Privada","2.Primaria",342,12,"NA","Primaria",NA,215,0.743748988509468,1.34453964368285
"21","Benito Juárez","4052PP0272","Interior","Privado","Privada","2.Primaria",384,15,"NA","Primaria",NA,215,0.835086583589578,1.19748062015504
"21","Benito Juárez","4052PP6075","Interior","Privado","Privada","2.Primaria",146,6,"NA","Primaria",NA,215,0.317506878135621,3.14953806944887
"14","Junín","4053PP0274","Interior","Privado","Privada","2.Primaria",361,12,"NA","Primaria",NA,215,0.785068376759994,1.27377439927849
"14","Junín","4053PP0275","Interior","Privado","Privada","2.Primaria",500,18,"NA","Primaria",NA,215,1,1
"14","Junín","4053PP0739","Interior","Privado","Privada","2.Primaria",415,15,"NA","Primaria",NA,215,0.902502427577278,1.10803026057719
"14","Junín","4053PP1084","Interior","Privado","Privada","2.Primaria",422,12,"NA","Primaria",NA,215,0.91772536009063,1.08965061170506
"14","Junín","4053PP1759","Interior","Privado","Privada","2.Primaria",397,14,"NA","Primaria",NA,215,0.863357743971516,1.15826840841193
"14","Junín","4053PP5962","Interior","Privado","Privada","2.Primaria",320,12,"NA","Primaria",NA,215,0.695905486324648,1.43697674418605
"24","Las Flores","4056PP0292","Interior","Privado","Privada","2.Primaria",381,15,"NA","Primaria",NA,215,0.828562469655284,1.2069096014161
"14","Lincoln","4059PP0295","Interior","Privado","Privada","2.Primaria",121,6,"NA","Primaria",NA,215,0.263139262016508,3.80026907553335
"14","Lincoln","4059PP0297","Interior","Privado","Privada","2.Primaria",587,18,"NA","Primaria",NA,215,1,1
"14","Lincoln","4059PP1170","Interior","Privado","Privada","2.Primaria",385,12,"NA","Primaria",NA,215,0.837261288234342,1.19437028088191
"14","Lincoln","4059PP2945","Interior","Privado","Privada","2.Primaria",190,6,"NA","Primaria",NA,215,0.41319388250526,2.42017135862913
"24","Lobos","4061PP0301","Interior","Privado","Privada","2.Primaria",542,18,"NA","Primaria",NA,215,1,1
"24","Lobos","4061PP8277","Interior","Privado","Privada","2.Primaria",161,7,"NA","Primaria",NA,215,0.350127447807089,2.85610284558717
"13","Salto","4066PP0499","Interior","Privado","Privada","2.Primaria",372,12,"NA","Primaria",NA,215,0.808990127852403,1.23610902725681
"13","Salto","4066PP5191","Interior","Privado","Privada","2.Primaria",182,6,"NA","Primaria",NA,215,0.395796245347144,2.52655251725019
"17","Monte","4072PP0865","Interior","Privado","Privada","2.Primaria",306,12,"NA","Primaria",NA,215,0.665459621297945,1.50272077823377
"17","Monte","4072PP5599","Interior","Privado","Privada","2.Primaria",330,12,"NA","Primaria",NA,215,0.717652532772293,1.39343199436223
"20","Necochea","4075PP0300","Interior","Privado","Privada","2.Primaria",309,12,"NA","Primaria",NA,215,0.671983735232238,1.488131256115
"20","Necochea","4075PP0443","Interior","Privado","Privada","2.Primaria",402,15,"NA","Primaria",NA,215,0.874231267195339,1.14386208492422
"20","Necochea","4075PP0444","Interior","Privado","Privada","2.Primaria",469,18,"NA","Primaria",NA,215,1,1
"20","Necochea","4075PP1051","Interior","Privado","Privada","2.Primaria",380,12,"NA","Primaria",NA,215,0.826387765010519,1.21008567931457
"20","Necochea","4075PP2548","Interior","Privado","Privada","2.Primaria",364,12,"NA","Primaria",NA,215,0.791592490694287,1.2632762586251
"20","Necochea","4075PP8552","Interior","Privado","Privada","2.Primaria",127,6,"NA","Primaria",NA,215,0.276187489885095,3.62072880424831
"15","9 de Julio","4076PP0446","Interior","Privado","Privada","2.Primaria",401,12,"NA","Primaria",NA,215,0.872056562550575,1.14671460882677
"15","9 de Julio","4076PP0447","Interior","Privado","Privada","2.Primaria",407,12,"NA","Primaria",NA,215,0.885104790419162,1.12980972515856
"25","Olavarría","4077PP0448","Interior","Privado","Privada","2.Primaria",189,8,"NA","Primaria",NA,215,0.411019177860495,2.43297649809278
"25","Olavarría","4077PP0449","Interior","Privado","Privada","2.Primaria",444,16,"NA","Primaria",NA,215,0.965568862275449,1.03565891472868
"25","Olavarría","4077PP0451","Interior","Privado","Privada","2.Primaria",472,18,"NA","Primaria",NA,215,1,1
"25","Olavarría","4077PP0452","Interior","Privado","Privada","2.Primaria",361,12,"NA","Primaria",NA,215,0.785068376759994,1.27377439927849
"25","Olavarría","4077PP0453","Interior","Privado","Privada","2.Primaria",291,12,"NA","Primaria",NA,215,0.632839051626477,1.58018061216335
"25","Olavarría","4077PP1220","Interior","Privado","Privada","2.Primaria",249,9,"NA","Primaria",NA,215,0.541501456546367,1.84671710096199
"25","Olavarría","4077PP6212","Interior","Privado","Privada","2.Primaria",170,6,"NA","Primaria",NA,215,0.369699789609969,2.70489740082079
"22","Patagones","4078PP0456","Interior","Privado","Privada","2.Primaria",105,9,"NA","Primaria",NA,215,0.228343987700275,4.379357696567
"22","Patagones","4078PP0458","Interior","Privado","Privada","2.Primaria",174,6,"NA","Primaria",NA,215,0.378398608189027,2.64271585137664
"15","Pehuajó","4079PP0459","Interior","Privado","Privada","2.Primaria",366,12,"NA","Primaria",NA,215,0.795941899983816,1.25637310967086
"16","Pellegrini","4080PP0668","Interior","Privado","Privada","2.Primaria",286,12,"NA","Primaria",NA,215,0.621965528402654,1.60780614734103
"13","Pergamino","4081PP0461","Interior","Privado","Privada","2.Primaria",592,18,"NA","Primaria",NA,215,1,1
"13","Pergamino","4081PP0462","Interior","Privado","Privada","2.Primaria",410,12,"NA","Primaria",NA,215,0.891628904353455,1.12154282473057
"13","Pergamino","4081PP5802","Interior","Privado","Privada","2.Primaria",204,6,"NA","Primaria",NA,215,0.443639747531963,2.25408116735066
"13","Pergamino","4081PP5909","Interior","Privado","Privada","2.Primaria",397,12,"NA","Primaria",NA,215,0.863357743971516,1.15826840841193
"23","Puan","4084PP0470","Interior","Privado","Privada","2.Primaria",178,9,"NA","Primaria",NA,215,0.387097426768085,2.58332897831199
"23","Puan","4084PP5477","Interior","Privado","Privada","2.Primaria",157,6,"NA","Primaria",NA,215,0.34142862922803,2.9288697970671
"17","Rauch","4087PP0493","Interior","Privado","Privada","2.Primaria",247,12,"NA","Primaria",NA,215,0.537152047256838,1.86167027586856
"16","Rivadavia","4088PP5594","Interior","Privado","Privada","2.Primaria",360,12,"NA","Primaria",NA,215,0.782893672115229,1.27731266149871
"13","Rojas","4089PP0494","Interior","Privado","Privada","2.Primaria",364,12,"NA","Primaria",NA,215,0.791592490694287,1.2632762586251
"23","Saavedra","4091PP0496","Interior","Privado","Privada","2.Primaria",172,12,"NA","Primaria",NA,215,0.374049198899498,2.67344510546241
"24","Saladillo","4092PP0498","Interior","Privado","Privada","2.Primaria",366,12,"NA","Primaria",NA,215,0.795941899983816,1.25637310967086
"13","San Antonio de Areco","4094PP0502","Interior","Privado","Privada","2.Primaria",462,18,"NA","Primaria",NA,215,1,1
"13","San Antonio de Areco","4094PP2390","Interior","Privado","Privada","2.Primaria",302,12,"NA","Primaria",NA,215,0.656760802718887,1.52262436470045
"12","San Nicolás","4097PP0546","Interior","Privado","Privada","2.Primaria",427,16,"NA","Primaria",NA,215,0.928598883314452,1.07689123686074
"12","San Nicolás","4097PP0547","Interior","Privado","Privada","2.Primaria",321,12,"NA","Primaria",NA,215,0.698080190969413,1.43250018112005
"12","San Nicolás","4097PP0549","Interior","Privado","Privada","2.Primaria",534,18,"NA","Primaria",NA,215,1,1
"12","San Nicolás","4097PP1111","Interior","Privado","Privada","2.Primaria",375,12,"NA","Primaria",NA,215,0.815514241786697,1.22622015503876
"12","San Nicolás","4097PP1557","Interior","Privado","Privada","2.Primaria",619,24,"NA","Primaria",NA,215,1,1
"12","San Nicolás","4097PP1614","Interior","Privado","Privada","2.Primaria",295,12,"NA","Primaria",NA,215,0.641537870205535,1.5587544343713
"12","San Nicolás","4097PP1845","Interior","Privado","Privada","2.Primaria",287,12,"NA","Primaria",NA,215,0.624140233047419,1.60220403532939
"12","San Nicolás","4097PP1877","Interior","Privado","Privada","2.Primaria",386,12,"NA","Primaria",NA,215,0.839435992879107,1.19127605735631
"12","San Nicolás","4097PP3002","Interior","Privado","Privada","2.Primaria",355,12,"NA","Primaria",NA,215,0.772020148891406,1.29530298067475
"12","San Nicolás","4097PP3435","Interior","Privado","Privada","2.Primaria",290,12,"NA","Primaria",NA,215,0.630664346981712,1.58562951082598
"12","San Pedro","4098PP0644","Interior","Privado","Privada","2.Primaria",183,6,"NA","Primaria",NA,215,0.397970949991908,2.51274621934172
"12","San Pedro","4098PP0646","Interior","Privado","Privada","2.Primaria",597,18,"NA","Primaria",NA,215,1,1
"12","San Pedro","4098PP3050","Interior","Privado","Privada","2.Primaria",111,6,"NA","Primaria",NA,215,0.241392215568862,4.14263565891473
"20","Tandil","4102PP0552","Interior","Privado","Privada","2.Primaria",448,18,"NA","Primaria",NA,215,0.974267680854507,1.02641196013289
"20","Tandil","4102PP0554","Interior","Privado","Privada","2.Primaria",609,18,"NA","Primaria",NA,215,1,1
"20","Tandil","4102PP0887","Interior","Privado","Privada","2.Primaria",669,18,"NA","Primaria",NA,215,1,1
"20","Tandil","4102PP2607","Interior","Privado","Privada","2.Primaria",370,13,"NA","Primaria",NA,215,0.804640718562874,1.24279069767442
"20","Tandil","4102PP2839","Interior","Privado","Privada","2.Primaria",354,12,"NA","Primaria",NA,215,0.769845444246642,1.29896202864275
"20","Tandil","4102PP3152","Interior","Privado","Privada","2.Primaria",493,18,"NA","Primaria",NA,215,1,1
"20","Tandil","4102PP3455","Interior","Privado","Privada","2.Primaria",338,12,"NA","Primaria",NA,215,0.73505016993041,1.36045135544241
"20","Tandil","4102PP8246","Interior","Privado","Privada","2.Primaria",305,12,"NA","Primaria",NA,215,0.66328491665318,1.50764773160503
"20","Tandil","4102PP8943","Interior","Privado","Privada","2.Primaria",266,12,"NA","Primaria",NA,215,0.578471435507364,1.72869382759224
"23","Tornquist","4105PP0563","Interior","Privado","Privada","2.Primaria",297,17,"NA","Primaria",NA,215,0.645887279495064,1.54825777151359
"16","Trenque Lauquen","4106PP0564","Interior","Privado","Privada","2.Primaria",335,12,"NA","Primaria",NA,215,0.728526055996116,1.37263450190906
"16","Trenque Lauquen","4106PP1067","Interior","Privado","Privada","2.Primaria",541,18,"NA","Primaria",NA,215,1,1
"16","Trenque Lauquen","4106PP3716","Interior","Privado","Privada","2.Primaria",156,6,"NA","Primaria",NA,215,0.339253924583266,2.94764460345856
"21","Tres Arroyos","4107PP0566","Interior","Privado","Privada","2.Primaria",300,12,"NA","Primaria",NA,215,0.652411393429358,1.53277519379845
"21","Tres Arroyos","4107PP0567","Interior","Privado","Privada","2.Primaria",331,12,"NA","Primaria",NA,215,0.719827237417058,1.38922223002881
"21","Tres Arroyos","4107PP0570","Interior","Privado","Privada","2.Primaria",116,9,"NA","Primaria",NA,215,0.252265738792685,3.96407377706496
"21","Tres Arroyos","4107PP1041","Interior","Privado","Privada","2.Primaria",509,18,"NA","Primaria",NA,215,1,1
"24","25 de Mayo","4108PP0594","Interior","Privado","Privada","2.Primaria",317,12,"NA","Primaria",NA,215,0.689381372390354,1.45057589318465
"24","25 de Mayo","4108PP0659","Interior","Privado","Privada","2.Primaria",360,12,"NA","Primaria",NA,215,0.782893672115229,1.27731266149871
"22","Villarino","4110PP1201","Interior","Privado","Privada","2.Primaria",197,8,"NA","Primaria",NA,215,0.428416815018611,2.3341754220281
"22","Coronel de Marina L. Rosales","4112PP0150","Interior","Privado","Privada","2.Primaria",394,15,"NA","Primaria",NA,215,0.856833630037223,1.16708771101405
"22","Coronel de Marina L. Rosales","4112PP5513","Interior","Privado","Privada","2.Primaria",179,6,"NA","Primaria",NA,215,0.38927213141285,2.56889697284656
"12","Capitán Sarmiento","4121PP5953","Interior","Privado","Privada","2.Primaria",208,10,"NA","Primaria",NA,215,0.452338566111021,2.21073345259392
"18","La Costa","4123PP0179","Interior","Privado","Privada","2.Primaria",423,16,"NA","Primaria",NA,215,0.919900064735394,1.08707460553082
"18","La Costa","4123PP1154","Interior","Privado","Privada","2.Primaria",401,12,"NA","Primaria",NA,215,0.872056562550575,1.14671460882677
"18","La Costa","4123PP3509","Interior","Privado","Privada","2.Primaria",196,12,"NA","Primaria",NA,215,0.426242110373847,2.34608448030375
"18","La Costa","4123PP6434","Interior","Privado","Privada","2.Primaria",380,12,"NA","Primaria",NA,215,0.826387765010519,1.21008567931457
"18","Pinamar","4124PP1661","Interior","Privado","Privada","2.Primaria",251,12,"NA","Primaria",NA,215,0.545850865835896,1.83200222366349
"18","Pinamar","4124PP8860","Interior","Privado","Privada","2.Primaria",221,10,"NA","Primaria",NA,215,0.48060972649296,2.08069030832369
"18","Villa Gesell","4125PP1658","Interior","Privado","Privada","2.Primaria",442,18,"NA","Primaria",NA,215,0.96121945298592,1.04034515416184
"18","Villa Gesell","4125PP2808","Interior","Privado","Privada","2.Primaria",312,12,"NA","Primaria",NA,215,0.678507849166532,1.47382230172928
"18","Villa Gesell","4125PP7998","Interior","Privado","Privada","2.Primaria",320,12,"NA","Primaria",NA,215,0.695905486324648,1.43697674418605
"17","Lezama","4137PP0155","Interior","Privado","Privada","2.Primaria",176,6,"NA","Primaria",NA,215,0.382748017478556,2.61268498942918
"19","General Alvarado","4033PP5644","Interior","Privado","Privada","2.Primaria",174,6,"NA","Primaria",NA,215,0.378398608189027,2.64271585137664
"18","La Costa","4123PP8083","Interior","Privado","Privada","2.Primaria",164,6,"NA","Primaria",NA,215,0.356651561741382,2.80385706182643
"20","Balcarce","4009PP2315","Interior","Privado","Privada","2.Primaria",10,1,"NA","Primaria",NA,215,0.0217470464476452,45.9832558139535
"22","Bahía Blanca","4008PP0111","Interior","Privado","Privada","2.Primaria",166,6,"NA","Primaria",NA,215,0.361000971030911,2.77007565144298
"18","General Juan Madariaga","4040PP0180","Interior","Privado","Privada","2.Primaria",373,12,"NA","Primaria",NA,215,0.811164832497168,1.23279506203629
"13","Pergamino","4081PP9189","Interior","Privado","Privada","2.Primaria",1,NA,"NA","Primaria",NA,215,0.00217470464476453,459.832558139535
"22","Patagones","4078PP0457","Interior","Privado","Privada","2.Primaria",341,12,"NA","Primaria",NA,215,0.741574283864703,1.34848257518925
"19","General Pueyrredón","4043PP0208","Interior","Privado","Privada","2.Primaria",348,14,"NA","Primaria",NA,215,0.756797216378055,1.32135792568832
"17","Chascomús","4027PP2745","Interior","Privado","Privada","2.Primaria",206,6,"NA","Primaria",NA,215,0.447989156821492,2.2321968841725
"14","General Arenales","4035PP0175","Interior","Privado","Privada","2.Primaria",119,6,"NA","Primaria",NA,215,0.258789852726978,3.86413914402971
"20","Necochea","4075PP3315","Interior","Privado","Privada","2.Primaria",155,6,"NA","Primaria",NA,215,0.337079219938501,2.96666166541635
"01","La Plata","0001MS0022","AMBA","Estatal","Oficial","3.1.Secundaria",971,39,"0","Secundaria",0,691,0.74203783617595,1.34764017580754
"01","La Plata","0001MS0031","AMBA","Estatal","Oficial","3.1.Secundaria",1029,45,"0","Secundaria",0,691,0.786361414443926,1.27167989378923
"01","La Plata","0001MS0034","AMBA","Estatal","Oficial","3.1.Secundaria",1152,48,"0","Secundaria",0,691,0.880357968357048,1.13590157179611
"01","La Plata","0001MS0038","AMBA","Estatal","Oficial","3.1.Secundaria",696,28,"0","Secundaria",0,691,0.531882939215717,1.88011294642115
"01","La Plata","0001MS0078","AMBA","Estatal","Oficial","3.1.Secundaria",459,18,"0","Secundaria",0,691,0.350767628017261,2.85089021940984
"01","La Plata","0001MT0006","AMBA","Estatal","Oficial","3.2.Secundaria ETP",1600,71,"0","Secundaria",0,691,1,1
"01","La Plata","0001MT0007","AMBA","Estatal","Oficial","3.2.Secundaria ETP",397,21,"0","Secundaria",0,691,0.303387251248045,3.29611740732775
"05","Almirante Brown","0004MS0001","AMBA","Estatal","Oficial","3.1.Secundaria",605,27,"0","Secundaria",0,691,0.462340773312512,2.16290679456052
"05","Almirante Brown","0004MS0007","AMBA","Estatal","Oficial","3.1.Secundaria",843,31,"0","Secundaria",0,691,0.644220284136278,1.55226406964308
"05","Almirante Brown","0004MS0015","AMBA","Estatal","Oficial","3.1.Secundaria",739,24,"0","Secundaria",0,691,0.564743523104044,1.77071530542506
"05","Almirante Brown","0004MS0020","AMBA","Estatal","Oficial","3.1.Secundaria",640,24,"0","Secundaria",0,691,0.48908776019836,2.044622829233
"05","Almirante Brown","0004MS0024","AMBA","Estatal","Oficial","3.1.Secundaria",318,11,"0","Secundaria",0,691,0.24301548084856,4.11496418461987
"05","Almirante Brown","0004MS0061","AMBA","Estatal","Oficial","3.1.Secundaria",377,16,"0","Secundaria",0,691,0.288103258741847,3.47097774723904
"05","Almirante Brown","0004MS2180","AMBA","Estatal","Oficial","3.1.Secundaria",224,10,"0","Secundaria",0,691,0.171180716069426,5.84177951209427
"02","Avellaneda","0005MS0002","AMBA","Estatal","Oficial","3.1.Secundaria",1180,42,"0","Secundaria",0,691,0.901755557865726,1.10894797517722
"11","Campana","0015MS0017","AMBA","Estatal","Oficial","3.1.Secundaria",341,12,"0","Secundaria",0,691,0.260592072230689,3.8374152806719
"11","Campana","0015MT0001","AMBA","Estatal","Oficial","3.2.Secundaria ETP",1282,45,"0","Secundaria",0,691,0.97970391964734,1.02071654501491
"10","Cañuelas","0016MS0001","AMBA","Estatal","Oficial","3.1.Secundaria",867,22,"0","Secundaria",0,691,0.662561075143716,1.5092948220405
"10","Cañuelas","0016MT0001","AMBA","Estatal","Oficial","3.2.Secundaria ETP",1081,42,"0","Secundaria",0,691,0.826099794960043,1.21050750296866
"05","Esteban Echeverría","0030MS0007","AMBA","Estatal","Oficial","3.1.Secundaria",912,30,"0","Secundaria",0,691,0.696950058282663,1.43482303805824
"05","Esteban Echeverría","0030MS0008","AMBA","Estatal","Oficial","3.1.Secundaria",813,35,"0","Secundaria",0,691,0.621294295376979,1.60954318660408
"05","Esteban Echeverría","0030MS0020","AMBA","Estatal","Oficial","3.1.Secundaria",716,20,"0","Secundaria",0,691,0.547166931721915,1.82759582501273
"05","Esteban Echeverría","0030MS0033","AMBA","Estatal","Oficial","3.1.Secundaria",475,16,"0","Secundaria",0,691,0.36299482202222,2.75486023307183
"05","Esteban Echeverría","0030MS0038","AMBA","Estatal","Oficial","3.1.Secundaria",556,21,"0","Secundaria",0,691,0.424894991672325,2.35352268113151
"11","Exaltación de la Cruz","0031MS0004","AMBA","Estatal","Oficial","3.1.Secundaria",493,16,"0","Secundaria",0,691,0.376750415277799,2.65427710082985
"04","Florencio Varela","0032MS0001","AMBA","Estatal","Oficial","3.1.Secundaria",880,34,"0","Secundaria",0,691,0.672495670272745,1.48699842126036
"04","Florencio Varela","0032MS0003","AMBA","Estatal","Oficial","3.1.Secundaria",966,37,"0","Secundaria",0,691,0.7382168380494,1.35461553903635
"04","Florencio Varela","0032MS0010","AMBA","Estatal","Oficial","3.1.Secundaria",1014,38,"0","Secundaria",0,691,0.774898420064277,1.29049172653759
"04","Florencio Varela","0032MS0019","AMBA","Estatal","Oficial","3.1.Secundaria",1005,22,"0","Secundaria",0,691,0.768020623436487,1.30204836886479
"04","Florencio Varela","0032MS0026","AMBA","Estatal","Oficial","3.1.Secundaria",637,21,"0","Secundaria",0,691,0.48679516132243,2.05425213612106
"04","Florencio Varela","0032MS0036","AMBA","Estatal","Oficial","3.1.Secundaria",445,17,"0","Secundaria",0,691,0.340068833262922,2.94058114766094
"04","Florencio Varela","0032MS0055","AMBA","Estatal","Oficial","3.1.Secundaria",342,12,"0","Secundaria",0,691,0.261356271855999,3.82619476815531
"04","Florencio Varela","0032MS3621","AMBA","Estatal","Oficial","3.1.Secundaria",135,4,"0","Secundaria",0,691,0.103166949416842,9.69302674599346
"10","General Rodríguez","0044MS0002","AMBA","Estatal","Oficial","3.1.Secundaria",1313,40,"0","Secundaria",0,691,1,1
"10","General Rodríguez","0044MS0009","AMBA","Estatal","Oficial","3.1.Secundaria",737,21,"0","Secundaria",0,691,0.563215123853424,1.77552050299745
"07","General San Martín","0045MS0001","AMBA","Estatal","Oficial","3.1.Secundaria",861,38,"0","Secundaria",0,691,0.657975877391856,1.51981255599201
"07","General San Martín","0045MS0006","AMBA","Estatal","Oficial","3.1.Secundaria",533,32,"0","Secundaria",0,691,0.407318400290197,2.45508182121786
"07","General San Martín","0045MS0010","AMBA","Estatal","Oficial","3.1.Secundaria",484,21,"0","Secundaria",0,691,0.36987261865001,2.70363349320066
"07","General San Martín","0045MS0013","AMBA","Estatal","Oficial","3.1.Secundaria",1345,74,"0","Secundaria",0,691,1,1
"07","General San Martín","0045MS0020","AMBA","Estatal","Oficial","3.1.Secundaria",798,35,"0","Secundaria",0,691,0.60983130099733,1.63979775778085
"07","General San Martín","0045MS0022","AMBA","Estatal","Oficial","3.1.Secundaria",775,36,"0","Secundaria",0,691,0.592254709615202,1.68846272349564
"07","General San Martín","0045MS0026","AMBA","Estatal","Oficial","3.1.Secundaria",477,17,"0","Secundaria",0,691,0.36452322127284,2.74330945641324
"07","General San Martín","0045MS0040","AMBA","Estatal","Oficial","3.1.Secundaria",183,6,"0","Secundaria",0,691,0.139848531431719,7.15059350114272
"07","General San Martín","0045MS0048","AMBA","Estatal","Oficial","3.1.Secundaria",270,12,"0","Secundaria",0,691,0.206333898833683,4.84651337299673
"07","General San Martín","0045MT0002","AMBA","Estatal","Oficial","3.2.Secundaria ETP",968,42,"0","Secundaria",0,691,0.73974523730002,1.35181674660033
"07","General San Martín","0045MT0004","AMBA","Estatal","Oficial","3.2.Secundaria ETP",1514,62,"0","Secundaria",0,691,1,1
"11","Zárate","0047MS0017","AMBA","Estatal","Oficial","3.1.Secundaria",264,12,"0","Secundaria",0,691,0.201748701081824,4.9566614042012
"11","Zárate","0047MT0002","AMBA","Estatal","Oficial","3.2.Secundaria ETP",1098,43,"0","Secundaria",0,691,0.839091188590312,1.19176558352379
"06","Tigre","0055MS0011","AMBA","Estatal","Oficial","3.1.Secundaria",840,41,"0","Secundaria",0,691,0.641927685260348,1.55780786989181
"06","Tigre","0055MS0030","AMBA","Estatal","Oficial","3.1.Secundaria",114,6,"0","Secundaria",0,691,0.0871187572853329,11.4785843044659
"06","Tigre","0055MT0005","AMBA","Estatal","Oficial","3.2.Secundaria ETP",1069,50,"0","Secundaria",0,691,0.816929399456323,1.22409598756699
"10","General Las Heras","0057MS0001","AMBA","Estatal","Oficial","3.1.Secundaria",446,22,"0","Secundaria",0,691,0.340833032888232,2.93398791638816
"02","Lomas de Zamora","0062MS0011","AMBA","Estatal","Oficial","3.1.Secundaria",907,36,"0","Secundaria",0,691,0.693129060156114,1.44273275712141
"02","Lomas de Zamora","0062MS0012","AMBA","Estatal","Oficial","3.1.Secundaria",914,40,"0","Secundaria",0,691,0.698478457533283,1.43168338151982
"02","Lomas de Zamora","0062MS0054","AMBA","Estatal","Oficial","3.1.Secundaria",194,9,"0","Secundaria",0,691,0.148254727310128,6.74514747788205
"02","Lomas de Zamora","0062MT0004","AMBA","Estatal","Oficial","3.2.Secundaria ETP",1157,49,"0","Secundaria",0,691,0.884178966483598,1.13099274910036
"02","Lomas de Zamora","0062MT0005","AMBA","Estatal","Oficial","3.2.Secundaria ETP",1888,50,"0","Secundaria",0,691,1,1
"02","Lomas de Zamora","0062MT0006","AMBA","Estatal","Oficial","3.2.Secundaria ETP",1224,40,"0","Secundaria",0,691,0.935380341379364,1.06908383227869
"02","Lomas de Zamora","0062MT0007","AMBA","Estatal","Oficial","3.2.Secundaria ETP",416,18,"0","Secundaria",0,691,0.317907044128934,3.14557358343538
"10","Luján","0063MS0017","AMBA","Estatal","Oficial","3.1.Secundaria",292,12,"0","Secundaria",0,691,0.223146290590502,4.48136510516821
"10","Marcos Paz","0067MS0006","AMBA","Estatal","Oficial","3.1.Secundaria",243,8,"0","Secundaria",0,691,0.185700508950315,5.38501485888526
"03","La Matanza","0069MS0004","AMBA","Estatal","Oficial","3.1.Secundaria",1416,56,"0","Secundaria",0,691,1,1
"03","La Matanza","0069MS0006","AMBA","Estatal","Oficial","3.1.Secundaria",944,47,"0","Secundaria",0,691,0.721404446292581,1.38618496897152
"03","La Matanza","0069MS0009","AMBA","Estatal","Oficial","3.1.Secundaria",845,33,"0","Secundaria",0,691,0.645748683386897,1.54859007184511
"03","La Matanza","0069MS0010","AMBA","Estatal","Oficial","3.1.Secundaria",1214,40,"0","Secundaria",0,691,0.927738345126264,1.0778901241426
"03","La Matanza","0069MS0012","AMBA","Estatal","Oficial","3.1.Secundaria",787,27,"0","Secundaria",0,691,0.601425105118921,1.66271742148554
"03","La Matanza","0069MS0016","AMBA","Estatal","Oficial","3.1.Secundaria",768,31,"0","Secundaria",0,691,0.586905312238032,1.70385235769416
"03","La Matanza","0069MS0017","AMBA","Estatal","Oficial","3.1.Secundaria",954,40,"0","Secundaria",0,691,0.729046442545681,1.37165472820662
"03","La Matanza","0069MS0022","AMBA","Estatal","Oficial","3.1.Secundaria",1313,48,"0","Secundaria",0,691,1,1
"03","La Matanza","0069MS0032","AMBA","Estatal","Oficial","3.1.Secundaria",346,24,"0","Secundaria",0,691,0.264413070357238,3.78196130262751
"03","La Matanza","0069MS0038","AMBA","Estatal","Oficial","3.1.Secundaria",274,12,"0","Secundaria",0,691,0.209390697334923,4.77576135295298
"03","La Matanza","0069MS0041","AMBA","Estatal","Oficial","3.1.Secundaria",975,43,"0","Secundaria",0,691,0.745094634677189,1.34211139559909
"03","La Matanza","0069MS0043","AMBA","Estatal","Oficial","3.1.Secundaria",1289,49,"0","Secundaria",0,691,0.98505331702451,1.01517347611258
"03","La Matanza","0069MS0049","AMBA","Estatal","Oficial","3.1.Secundaria",987,33,"0","Secundaria",0,691,0.754265030180909,1.32579393182281
"03","La Matanza","0069MS0050","AMBA","Estatal","Oficial","3.1.Secundaria",1303,45,"0","Secundaria",0,691,0.995752111778849,1.00426600975374
"03","La Matanza","0069MS0052","AMBA","Estatal","Oficial","3.1.Secundaria",389,15,"0","Secundaria",0,691,0.297273654245566,3.363903883571
"03","La Matanza","0069MS0054","AMBA","Estatal","Oficial","3.1.Secundaria",963,30,"0","Secundaria",0,691,0.73592423917347,1.35883552513927
"03","La Matanza","0069MS0059","AMBA","Estatal","Oficial","3.1.Secundaria",261,12,"0","Secundaria",0,691,0.199456102205894,5.01363452378972
"03","La Matanza","0069MS0060","AMBA","Estatal","Oficial","3.1.Secundaria",1770,54,"0","Secundaria",0,691,1,1
"03","La Matanza","0069MS0062","AMBA","Estatal","Oficial","3.1.Secundaria",772,31,"0","Secundaria",0,691,0.589962110739272,1.69502410713616
"03","La Matanza","0069MS0070","AMBA","Estatal","Oficial","3.1.Secundaria",282,12,"0","Secundaria",0,691,0.215504294337402,4.64027876137985
"03","La Matanza","0069MS0081","AMBA","Estatal","Oficial","3.1.Secundaria",1402,45,"0","Secundaria",0,691,1,1
"03","La Matanza","0069MS0084","AMBA","Estatal","Oficial","3.1.Secundaria",187,6,"0","Secundaria",0,691,0.142905329932958,6.99763962946052
"03","La Matanza","0069MS0093","AMBA","Estatal","Oficial","3.1.Secundaria",573,19,"0","Secundaria",0,691,0.437886385302594,2.28369740088851
"03","La Matanza","0069MS0096","AMBA","Estatal","Oficial","3.1.Secundaria",799,32,"0","Secundaria",0,691,0.61059550062264,1.63774544519289
"03","La Matanza","0069MS0100","AMBA","Estatal","Oficial","3.1.Secundaria",554,24,"0","Secundaria",0,691,0.423366592421705,2.36201915290454
"03","La Matanza","0069MS0102","AMBA","Estatal","Oficial","3.1.Secundaria",994,32,"0","Secundaria",0,691,0.759614427558078,1.31645735483815
"03","La Matanza","0069MS0108","AMBA","Estatal","Oficial","3.1.Secundaria",871,40,"0","Secundaria",0,691,0.665617873644956,1.5023635025363
"03","La Matanza","0069MS0113","AMBA","Estatal","Oficial","3.1.Secundaria",848,30,"0","Secundaria",0,691,0.648041282262827,1.54311156923245
"03","La Matanza","0069MS0120","AMBA","Estatal","Oficial","3.1.Secundaria",747,29,"0","Secundaria",0,691,0.570857120106523,1.75175182156508
"03","La Matanza","0069MS0123","AMBA","Estatal","Oficial","3.1.Secundaria",761,27,"0","Secundaria",0,691,0.581555914860863,1.71952511262696
"03","La Matanza","0069MS0141","AMBA","Estatal","Oficial","3.1.Secundaria",619,24,"0","Secundaria",0,691,0.473039568066851,2.11398806253492
"03","La Matanza","0069MS0153","AMBA","Estatal","Oficial","3.1.Secundaria",282,12,"0","Secundaria",0,691,0.215504294337402,4.64027876137985
"03","La Matanza","0069MS0165","AMBA","Estatal","Oficial","3.1.Secundaria",366,12,"0","Secundaria",0,691,0.279697062863437,3.57529675057136
"03","La Matanza","0069MS0176","AMBA","Estatal","Oficial","3.1.Secundaria",521,18,"0","Secundaria",0,691,0.398148004786478,2.51162881134188
"03","La Matanza","0069MS0189","AMBA","Estatal","Oficial","3.1.Secundaria",227,9,"0","Secundaria",0,691,0.173473314945356,5.7645753775732
"03","La Matanza","0069MT0002","AMBA","Estatal","Oficial","3.2.Secundaria ETP",920,35,"0","Secundaria",0,691,0.703063655285143,1.42234631598817
"03","La Matanza","0069MT0003","AMBA","Estatal","Oficial","3.2.Secundaria ETP",881,36,"0","Secundaria",0,691,0.673259869898055,1.48531056834179
"03","La Matanza","0069MT0006","AMBA","Estatal","Oficial","3.2.Secundaria ETP",1214,42,"0","Secundaria",0,691,0.927738345126264,1.0778901241426
"03","La Matanza","0069MT0010","AMBA","Estatal","Oficial","3.2.Secundaria ETP",792,29,"0","Secundaria",0,691,0.605246103245471,1.65222046806707
"03","La Matanza","0069MT0015","AMBA","Estatal","Oficial","3.2.Secundaria ETP",234,7,"0","Secundaria",0,691,0.178822712322525,5.59213081499623
"10","Mercedes","0070MT0001","AMBA","Estatal","Oficial","3.2.Secundaria ETP",501,23,"0","Secundaria",0,691,0.382864012280279,2.61189343454914
"08","Merlo","0071MS0002","AMBA","Estatal","Oficial","3.1.Secundaria",1011,38,"0","Secundaria",0,691,0.772605821188347,1.29432107884186
"08","Merlo","0071MS0005","AMBA","Estatal","Oficial","3.1.Secundaria",976,40,"0","Secundaria",0,691,0.745858834302499,1.34073628146426
"08","Merlo","0071MS0009","AMBA","Estatal","Oficial","3.1.Secundaria",920,34,"0","Secundaria",0,691,0.703063655285143,1.42234631598817
"08","Merlo","0071MS0015","AMBA","Estatal","Oficial","3.1.Secundaria",885,30,"0","Secundaria",0,691,0.676316668399295,1.47859730023629
"08","Merlo","0071MS0016","AMBA","Estatal","Oficial","3.1.Secundaria",1824,60,"0","Secundaria",0,691,1,1
"08","Merlo","0071MS0017","AMBA","Estatal","Oficial","3.1.Secundaria",680,36,"0","Secundaria",0,691,0.519655745210758,1.92435089810164
"08","Merlo","0071MS0019","AMBA","Estatal","Oficial","3.1.Secundaria",903,33,"0","Secundaria",0,691,0.690072261654874,1.44912359989935
"08","Merlo","0071MS0023","AMBA","Estatal","Oficial","3.1.Secundaria",715,23,"0","Secundaria",0,691,0.546402732096606,1.83015190308967
"08","Merlo","0071MS0028","AMBA","Estatal","Oficial","3.1.Secundaria",466,16,"0","Secundaria",0,691,0.356117025394431,2.80806568821699
"08","Merlo","0071MS0030","AMBA","Estatal","Oficial","3.1.Secundaria",467,20,"0","Secundaria",0,691,0.356881225019741,2.80205269959126
"08","Merlo","0071MS0034","AMBA","Estatal","Oficial","3.1.Secundaria",578,18,"0","Secundaria",0,691,0.441707383429144,2.26394223306076
"08","Merlo","0071MS0036","AMBA","Estatal","Oficial","3.1.Secundaria",464,16,"0","Secundaria",0,691,0.354588626143811,2.82016941963172
"08","Merlo","0071MS0040","AMBA","Estatal","Oficial","3.1.Secundaria",389,17,"0","Secundaria",0,691,0.297273654245566,3.363903883571
"08","Merlo","0071MS0047","AMBA","Estatal","Oficial","3.1.Secundaria",604,21,"0","Secundaria",0,691,0.461576573687202,2.1664877660747
"08","Merlo","0071MS0055","AMBA","Estatal","Oficial","3.1.Secundaria",321,13,"0","Secundaria",0,691,0.24530807972449,4.07650657541781
"08","Merlo","0071MS0062","AMBA","Estatal","Oficial","3.1.Secundaria",402,14,"0","Secundaria",0,691,0.307208249374595,3.25512092216198
"08","Merlo","0071MS0067","AMBA","Estatal","Oficial","3.1.Secundaria",362,12,"0","Secundaria",0,691,0.276640264362197,3.61480279201414
"08","Merlo","0071MS0073","AMBA","Estatal","Oficial","3.1.Secundaria",172,6,"0","Secundaria",0,691,0.131442335553309,7.60789889947161
"08","Merlo","0071MS0081","AMBA","Estatal","Oficial","3.1.Secundaria",502,18,"0","Secundaria",0,691,0.383628211905589,2.60669045957991
"08","Merlo","0071MS0083","AMBA","Estatal","Oficial","3.1.Secundaria",510,16,"0","Secundaria",0,691,0.389741808908068,2.56580119746886
"08","Merlo","0071MT0003","AMBA","Estatal","Oficial","3.2.Secundaria ETP",702,24,"0","Secundaria",0,691,0.536468136967576,1.86404360499874
"08","Merlo","0071MT0005","AMBA","Estatal","Oficial","3.2.Secundaria ETP",1462,53,"0","Secundaria",0,691,1,1
"09","Moreno","0073MS0003","AMBA","Estatal","Oficial","3.1.Secundaria",1089,49,"0","Secundaria",0,691,0.832213391962522,1.20161488586696
"09","Moreno","0073MS0010","AMBA","Estatal","Oficial","3.1.Secundaria",655,24,"0","Secundaria",0,691,0.500550754578009,1.99779940566277
"09","Moreno","0073MS0012","AMBA","Estatal","Oficial","3.1.Secundaria",979,37,"0","Secundaria",0,691,0.748151433178429,1.33662779439134
"09","Moreno","0073MS0024","AMBA","Estatal","Oficial","3.1.Secundaria",612,19,"0","Secundaria",0,691,0.467690170689682,2.13816766455738
"09","Moreno","0073MS0030","AMBA","Estatal","Oficial","3.1.Secundaria",369,12,"0","Secundaria",0,691,0.281989661739367,3.54622929731468
"09","Moreno","0073MS0036","AMBA","Estatal","Oficial","3.1.Secundaria",632,24,"0","Secundaria",0,691,0.482974163195881,2.07050413086886
"09","Moreno","0073MS0055","AMBA","Estatal","Oficial","3.1.Secundaria",290,12,"0","Secundaria",0,691,0.221617891339882,4.51227107141075
"09","Moreno","0073MS0062","AMBA","Estatal","Oficial","3.1.Secundaria",239,9,"0","Secundaria",0,691,0.182643710449075,5.47514063058208
"09","Moreno","0073MS0072","AMBA","Estatal","Oficial","3.1.Secundaria",562,18,"0","Secundaria",0,691,0.429480189424185,2.32839610446462
"09","Moreno","0073MS0078","AMBA","Estatal","Oficial","3.1.Secundaria",332,12,"0","Secundaria",0,691,0.253714275602899,3.94144159852144
"09","Moreno","0073MT0004","AMBA","Estatal","Oficial","3.2.Secundaria ETP",856,30,"0","Secundaria",0,691,0.654154879265307,1.52868996578168
"11","Pilar","0083MS0005","AMBA","Estatal","Oficial","3.1.Secundaria",1136,40,"0","Secundaria",0,691,0.868130774352089,1.15190018548338
"11","Pilar","0083MS0008","AMBA","Estatal","Oficial","3.1.Secundaria",1444,52,"0","Secundaria",0,691,1,1
"11","Pilar","0083MS0009","AMBA","Estatal","Oficial","3.1.Secundaria",911,28,"0","Secundaria",0,691,0.696185858657353,1.43639803590463
"11","Pilar","0083MS0013","AMBA","Estatal","Oficial","3.1.Secundaria",381,12,"0","Secundaria",0,691,0.291160057243086,3.43453703598193
"11","Pilar","0083MS0015","AMBA","Estatal","Oficial","3.1.Secundaria",519,14,"0","Secundaria",0,691,0.396619605535858,2.521307535085
"11","Pilar","0083MS0018","AMBA","Estatal","Oficial","3.1.Secundaria",1340,32,"0","Secundaria",0,691,1,1
"11","Pilar","0083MS0019","AMBA","Estatal","Oficial","3.1.Secundaria",741,18,"0","Secundaria",0,691,0.566271922354664,1.76593604684091
"11","Pilar","0083MS0028","AMBA","Estatal","Oficial","3.1.Secundaria",479,17,"0","Secundaria",0,691,0.36605162052346,2.73185513717979
"11","Pilar","0083MS0034","AMBA","Estatal","Oficial","3.1.Secundaria",594,18,"0","Secundaria",0,691,0.453934577434103,2.20296062408942
"11","Pilar","0083MT0001","AMBA","Estatal","Oficial","3.2.Secundaria ETP",1260,43,"0","Secundaria",0,691,0.962891527890521,1.03853857992787
"11","Pilar","0083MT0003","AMBA","Estatal","Oficial","3.2.Secundaria ETP",512,20,"0","Secundaria",0,691,0.391270208158688,2.55577853654124
"04","Quilmes","0085MS0002","AMBA","Estatal","Oficial","3.1.Secundaria",1474,49,"0","Secundaria",0,691,1,1
"04","Quilmes","0085MS0003","AMBA","Estatal","Oficial","3.1.Secundaria",1243,59,"0","Secundaria",0,691,0.949900134260253,1.05274224514008
"04","Quilmes","0085MS0007","AMBA","Estatal","Oficial","3.1.Secundaria",690,26,"0","Secundaria",0,691,0.527297741463857,1.89646175465089
"04","Quilmes","0085MS0010","AMBA","Estatal","Oficial","3.1.Secundaria",613,22,"0","Secundaria",0,691,0.468454370314992,2.13467962595288
"04","Quilmes","0085MS0014","AMBA","Estatal","Oficial","3.1.Secundaria",789,34,"0","Secundaria",0,691,0.602953504369541,1.65850267516998
"04","Quilmes","0085MS0017","AMBA","Estatal","Oficial","3.1.Secundaria",313,12,"0","Secundaria",0,691,0.23919448272201,4.18069843677034
"04","Quilmes","0085MS0022","AMBA","Estatal","Oficial","3.1.Secundaria",546,25,"0","Secundaria",0,691,0.417252995419226,2.39662749214124
"04","Quilmes","0085MS0035","AMBA","Estatal","Oficial","3.1.Secundaria",322,12,"0","Secundaria",0,691,0.2460722793498,4.06384661710906
"04","Quilmes","0085MS0043","AMBA","Estatal","Oficial","3.1.Secundaria",379,13,"0","Secundaria",0,691,0.289631657992466,3.45266124197656
"04","Quilmes","0085MS0070","AMBA","Estatal","Oficial","3.1.Secundaria",386,12,"0","Secundaria",0,691,0.294981055369636,3.39004821427232
"04","Quilmes","0085MS3102","AMBA","Estatal","Oficial","3.1.Secundaria",251,10,"0","Secundaria",0,691,0.191814105952794,5.21338091915983
"04","Quilmes","0085MT0003","AMBA","Estatal","Oficial","3.2.Secundaria ETP",1483,55,"0","Secundaria",0,691,1,1
"04","Quilmes","0085MT0007","AMBA","Estatal","Oficial","3.2.Secundaria ETP",1069,37,"0","Secundaria",0,691,0.816929399456323,1.22409598756699
"10","San Andrés de Giles","0093MS0001","AMBA","Estatal","Oficial","3.1.Secundaria",324,15,"0","Secundaria",0,691,0.24760067860042,4.03876114416394
"06","San Fernando","0095MS0006","AMBA","Estatal","Oficial","3.1.Secundaria",1161,49,"0","Secundaria",0,691,0.887235764984838,1.12709613325505
"06","San Fernando","0095MS0023","AMBA","Estatal","Oficial","3.1.Secundaria",312,12,"0","Secundaria",0,691,0.238430283096701,4.19409811124717
"06","San Isidro","0096MS0002","AMBA","Estatal","Oficial","3.1.Secundaria",514,23,"0","Secundaria",0,691,0.392798607409308,2.54583387297494
"06","San Isidro","0096MS0006","AMBA","Estatal","Oficial","3.1.Secundaria",362,21,"0","Secundaria",0,691,0.276640264362197,3.61480279201414
"06","San Isidro","0096MS0008","AMBA","Estatal","Oficial","3.1.Secundaria",802,48,"0","Secundaria",0,691,0.61288809949857,1.63161921534803
"06","San Isidro","0096MS0022","AMBA","Estatal","Oficial","3.1.Secundaria",213,9,"0","Secundaria",0,691,0.162774520191017,6.14346765591135
"06","San Isidro","0096MT0004","AMBA","Estatal","Oficial","3.2.Secundaria ETP",517,21,"0","Secundaria",0,691,0.395091206285238,2.53106114257083
"05","San Vicente","0099MS0002","AMBA","Estatal","Oficial","3.1.Secundaria",1429,46,"0","Secundaria",0,691,1,1
"05","San Vicente","0099MS0005","AMBA","Estatal","Oficial","3.1.Secundaria",1314,39,"0","Secundaria",0,691,1,1
"05","San Vicente","0099MT0002","AMBA","Estatal","Oficial","3.2.Secundaria ETP",1343,44,"0","Secundaria",0,691,1,1
"08","Morón","0100MS0008","AMBA","Estatal","Oficial","3.1.Secundaria",976,49,"0","Secundaria",0,691,0.745858834302499,1.34073628146426
"08","Morón","0100MS0009","AMBA","Estatal","Oficial","3.1.Secundaria",496,25,"0","Secundaria",0,691,0.379043014153729,2.63822300546193
"08","Morón","0100MS0014","AMBA","Estatal","Oficial","3.1.Secundaria",756,39,"0","Secundaria",0,691,0.577734916734313,1.73089763321312
"08","Morón","0100MS0022","AMBA","Estatal","Oficial","3.1.Secundaria",486,27,"0","Secundaria",0,691,0.37140101790063,2.69250742944263
"08","Morón","0100MS0031","AMBA","Estatal","Oficial","3.1.Secundaria",1235,51,"0","Secundaria",0,691,0.943786537257773,1.05956162810455
"08","Morón","0100MS0037","AMBA","Estatal","Oficial","3.1.Secundaria",215,12,"0","Secundaria",0,691,0.164302919441637,6.08631911957729
"08","Morón","0100MS0045","AMBA","Estatal","Oficial","3.1.Secundaria",271,12,"0","Secundaria",0,691,0.207098098458993,4.82862955981224
"08","Morón","0100MS0052","AMBA","Estatal","Oficial","3.1.Secundaria",266,12,"0","Secundaria",0,691,0.203277100332443,4.91939327334255
"08","Morón","0100MS0060","AMBA","Estatal","Oficial","3.1.Secundaria",174,12,"0","Secundaria",0,691,0.132970734803929,7.52045178568458
"08","Morón","0100MT0004","AMBA","Estatal","Oficial","3.2.Secundaria ETP",816,28,"0","Secundaria",0,691,0.623586894252909,1.60362574841804
"08","Morón","0100MT0006","AMBA","Estatal","Oficial","3.2.Secundaria ETP",1307,51,"0","Secundaria",0,691,0.998808910280089,1.00119251010644
"06","Vicente López","0109MS0002","AMBA","Estatal","Oficial","3.1.Secundaria",721,33,"0","Secundaria",0,691,0.550987929848465,1.81492179016521
"06","Vicente López","0109MS0007","AMBA","Estatal","Oficial","3.1.Secundaria",323,24,"0","Secundaria",0,691,0.24683647897511,4.05126504863504
"02","Lanús","0111MS0002","AMBA","Estatal","Oficial","3.1.Secundaria",1101,39,"0","Secundaria",0,691,0.841383787466241,1.18851826585751
"02","Lanús","0111MS0008","AMBA","Estatal","Oficial","3.1.Secundaria",1108,61,"0","Secundaria",0,691,0.846733184843411,1.18100957645227
"02","Lanús","0111MS0012","AMBA","Estatal","Oficial","3.1.Secundaria",520,29,"0","Secundaria",0,691,0.397383805161168,2.5164588667483
"02","Lanús","0111MS0018","AMBA","Estatal","Oficial","3.1.Secundaria",673,24,"0","Secundaria",0,691,0.514306347833588,1.94436643493182
"02","Lanús","0111MS0042","AMBA","Estatal","Oficial","3.1.Secundaria",315,12,"0","Secundaria",0,691,0.24072288197263,4.15415431971148
"02","Lanús","0111MT0002","AMBA","Estatal","Oficial","3.2.Secundaria ETP",499,20,"0","Secundaria",0,691,0.381335613029659,2.62236194530885
"02","Lanús","0111MT0005","AMBA","Estatal","Oficial","3.2.Secundaria ETP",1314,43,"0","Secundaria",0,691,1,1
"02","Lanús","0111MT0009","AMBA","Estatal","Oficial","3.2.Secundaria ETP",961,36,"0","Secundaria",0,691,0.73439583992285,1.36166348669003
"01","Berisso","0113MS0001","AMBA","Estatal","Oficial","3.1.Secundaria",1176,58,"0","Secundaria",0,691,0.898698759364487,1.11271990706558
"01","Berisso","0113MS0006","AMBA","Estatal","Oficial","3.1.Secundaria",144,6,"0","Secundaria",0,691,0.110044746044631,9.08721257436887
"11","Escobar","0116MS0002","AMBA","Estatal","Oficial","3.1.Secundaria",797,32,"0","Secundaria",0,691,0.60906710137202,1.64185522046313
"11","Escobar","0116MS0013","AMBA","Estatal","Oficial","3.1.Secundaria",626,16,"0","Secundaria",0,691,0.478388965444021,2.09034921838517
"11","Escobar","0116MS0016","AMBA","Estatal","Oficial","3.1.Secundaria",601,17,"0","Secundaria",0,691,0.459283974811273,2.17730218088039
"11","Escobar","0116MS0025","AMBA","Estatal","Oficial","3.1.Secundaria",576,20,"0","Secundaria",0,691,0.440178984178524,2.27180314359222
"11","Escobar","0116MS0031","AMBA","Estatal","Oficial","3.1.Secundaria",309,12,"0","Secundaria",0,691,0.236137684220771,4.23481751038549
"11","Escobar","0116MT0003","AMBA","Estatal","Oficial","3.2.Secundaria ETP",1348,49,"0","Secundaria",0,691,1,1
"07","Tres de Febrero","0117MS0007","AMBA","Estatal","Oficial","3.1.Secundaria",336,18,"0","Secundaria",0,691,0.256771074104139,3.89451967472952
"07","Tres de Febrero","0117MS0014","AMBA","Estatal","Oficial","3.1.Secundaria",131,6,"0","Secundaria",0,691,0.100110150915602,9.98899702831387
"07","Tres de Febrero","0117MS0025","AMBA","Estatal","Oficial","3.1.Secundaria",314,13,"0","Secundaria",0,691,0.23995868234732,4.16738411053859
"07","Tres de Febrero","0117MS0031","AMBA","Estatal","Oficial","3.1.Secundaria",296,12,"0","Secundaria",0,691,0.226203089091742,4.42080611726053
"04","Berazategui","0119MS0002","AMBA","Estatal","Oficial","3.1.Secundaria",377,15,"0","Secundaria",0,691,0.288103258741847,3.47097774723904
"04","Berazategui","0119MS0005","AMBA","Estatal","Oficial","3.1.Secundaria",345,12,"0","Secundaria",0,691,0.263648870731928,3.79292350930179
"04","Berazategui","0119MS0007","AMBA","Estatal","Oficial","3.1.Secundaria",1023,42,"0","Secundaria",0,691,0.781776216692066,1.27913842689063
"04","Berazategui","0119MS0013","AMBA","Estatal","Oficial","3.1.Secundaria",610,24,"0","Secundaria",0,691,0.466161771439062,2.14517805034281
"04","Berazategui","0119MS0019","AMBA","Estatal","Oficial","3.1.Secundaria",493,18,"0","Secundaria",0,691,0.376750415277799,2.65427710082985
"04","Berazategui","0119MS0031","AMBA","Estatal","Oficial","3.1.Secundaria",293,12,"0","Secundaria",0,691,0.223910490215812,4.46607034371712
"04","Berazategui","0119MS0037","AMBA","Estatal","Oficial","3.1.Secundaria",379,12,"0","Secundaria",0,691,0.289631657992466,3.45266124197656
"04","Berazategui","0119MS0046","AMBA","Estatal","Oficial","3.1.Secundaria",687,22,"0","Secundaria",0,691,0.525005142587927,1.90474324702928
"04","Berazategui","0119MS0052","AMBA","Estatal","Oficial","3.1.Secundaria",346,12,"0","Secundaria",0,691,0.264413070357238,3.78196130262751
"04","Berazategui","0119MT0004","AMBA","Estatal","Oficial","3.2.Secundaria ETP",849,28,"0","Secundaria",0,691,0.648805481888137,1.54129400554666
"05","Presidente Perón","0129MS0003","AMBA","Estatal","Oficial","3.1.Secundaria",733,18,"0","Secundaria",0,691,0.560158325352184,1.78520956440534
"05","Ezeiza","0130MS0015","AMBA","Estatal","Oficial","3.1.Secundaria",667,24,"0","Secundaria",0,691,0.509721150081728,1.96185698756989
"09","San Miguel","0131MS0001","AMBA","Estatal","Oficial","3.1.Secundaria",678,25,"0","Secundaria",0,691,0.518127345960138,1.93002744942348
"09","San Miguel","0131MS0005","AMBA","Estatal","Oficial","3.1.Secundaria",886,32,"0","Secundaria",0,691,0.677080868024605,1.47692845452496
"09","San Miguel","0131MS0006","AMBA","Estatal","Oficial","3.1.Secundaria",1273,51,"0","Secundaria",0,691,0.972826123019551,1.02793292278799
"09","San Miguel","0131MS0015","AMBA","Estatal","Oficial","3.1.Secundaria",298,12,"0","Secundaria",0,691,0.227731488342361,4.39113627754737
"09","San Miguel","0131MS0020","AMBA","Estatal","Oficial","3.1.Secundaria",562,21,"0","Secundaria",0,691,0.429480189424185,2.32839610446462
"09","San Miguel","0131MS0024","AMBA","Estatal","Oficial","3.1.Secundaria",528,19,"0","Secundaria",0,691,0.403497402163647,2.4783307021006
"09","San Miguel","0131MS0028","AMBA","Estatal","Oficial","3.1.Secundaria",464,16,"0","Secundaria",0,691,0.354588626143811,2.82016941963172
"09","San Miguel","0131MS0038","AMBA","Estatal","Oficial","3.1.Secundaria",292,12,"0","Secundaria",0,691,0.223146290590502,4.48136510516821
"09","San Miguel","0131MT0003","AMBA","Estatal","Oficial","3.2.Secundaria ETP",1720,50,"0","Secundaria",0,691,1,1
"09","José C. Paz","0132MS0005","AMBA","Estatal","Oficial","3.1.Secundaria",1137,42,"0","Secundaria",0,691,0.868894973977399,1.15088708065885
"09","José C. Paz","0132MS0007","AMBA","Estatal","Oficial","3.1.Secundaria",1238,40,"0","Secundaria",0,691,0.946079136133703,1.05699403126746
"09","José C. Paz","0132MS0021","AMBA","Estatal","Oficial","3.1.Secundaria",623,17,"0","Secundaria",0,691,0.476096366568091,2.1004151054721
"09","José C. Paz","0132MS0030","AMBA","Estatal","Oficial","3.1.Secundaria",263,12,"0","Secundaria",0,691,0.200984501456514,4.97550802550995
"09","José C. Paz","0132MT0001","AMBA","Estatal","Oficial","3.2.Secundaria ETP",1268,43,"0","Secundaria",0,691,0.969005124893001,1.0319862860482
"09","José C. Paz","0132MT0002","AMBA","Estatal","Oficial","3.2.Secundaria ETP",1008,27,"0","Secundaria",0,691,0.770313222312417,1.29817322490984
"09","Malvinas Argentinas","0133MS0001","AMBA","Estatal","Oficial","3.1.Secundaria",1019,36,"0","Secundaria",0,691,0.778719418190826,1.28415957871356
"09","Malvinas Argentinas","0133MS0003","AMBA","Estatal","Oficial","3.1.Secundaria",866,28,"0","Secundaria",0,691,0.661796875518406,1.51103765670799
"09","Malvinas Argentinas","0133MS0004","AMBA","Estatal","Oficial","3.1.Secundaria",588,21,"0","Secundaria",0,691,0.449349379682243,2.22543981413115
"09","Malvinas Argentinas","0133MS0013","AMBA","Estatal","Oficial","3.1.Secundaria",402,14,"0","Secundaria",0,691,0.307208249374595,3.25512092216198
"09","Malvinas Argentinas","0133MS0029","AMBA","Estatal","Oficial","3.1.Secundaria",596,18,"0","Secundaria",0,691,0.455462976684723,2.19556813877369
"09","Malvinas Argentinas","0133MS0040","AMBA","Estatal","Oficial","3.1.Secundaria",154,6,"0","Secundaria",0,691,0.11768674229773,8.49713383577349
"07","Hurlingham","0135MS0001","AMBA","Estatal","Oficial","3.1.Secundaria",509,26,"0","Secundaria",0,691,0.388977609282758,2.57084206426153
"07","Hurlingham","0135MS0003","AMBA","Estatal","Oficial","3.1.Secundaria",304,18,"0","Secundaria",0,691,0.232316686094221,4.30446911417473
"07","Hurlingham","0135MS0025","AMBA","Estatal","Oficial","3.1.Secundaria",274,10,"0","Secundaria",0,691,0.209390697334923,4.77576135295298
"08","Ituzaingó","0136MS0003","AMBA","Estatal","Oficial","3.1.Secundaria",503,18,"0","Secundaria",0,691,0.384392411530899,2.60150817238393
"08","Ituzaingó","0136MS0005","AMBA","Estatal","Oficial","3.1.Secundaria",930,33,"0","Secundaria",0,691,0.710705651538242,1.4070522695797
"08","Ituzaingó","0136MS0015","AMBA","Estatal","Oficial","3.1.Secundaria",144,6,"0","Secundaria",0,691,0.110044746044631,9.08721257436887
"08","Ituzaingó","0136MT0001","AMBA","Estatal","Oficial","3.2.Secundaria ETP",1056,35,"0","Secundaria",0,691,0.806994804327294,1.2391653510503
"08","Merlo","0071MS0007","AMBA","Estatal","Oficial","3.1.Secundaria",606,28,"0.3","Secundaria",0.3,691,0.463104972937822,2.15933764143419
"09","Moreno","0073MS0015","AMBA","Estatal","Oficial","3.1.Secundaria",401,20,"0.4","Secundaria",0.4,691,0.306444049749285,3.26323843069605
"07","General San Martín","0045MS0053","AMBA","Estatal","Oficial","3.1.Secundaria",151,6,"0.7","Secundaria",0.7,691,0.115394143421801,8.66595106429879
"03","La Matanza","0069MS0008","AMBA","Estatal","Oficial","3.1.Secundaria",628,25,"0.7","Secundaria",0.7,691,0.479917364694641,2.0836920552693
"03","La Matanza","0069MS0002","AMBA","Estatal","Oficial","3.1.Secundaria",412,31,"0.8","Secundaria",0.8,691,0.314850245627694,3.17611313278912
"06","San Isidro","0096AS0001","AMBA","Estatal","Oficial","3.1.Secundaria",513,24,"0.9","Secundaria",0.9,691,0.392034407783998,2.55079651210354
"11","Escobar","0116MS0008","AMBA","Estatal","Oficial","3.1.Secundaria",797,28,"0.9","Secundaria",0.9,691,0.60906710137202,1.64185522046313
"11","Escobar","0116MS0018","AMBA","Estatal","Oficial","3.1.Secundaria",409,16,"1","Secundaria",1,691,0.312557646751765,3.19940980613476
"09","San Miguel","0131MS0007","AMBA","Estatal","Oficial","3.1.Secundaria",1206,43,"1","Secundaria",1,691,0.921624748123785,1.08504030738733
"08","Merlo","0071MT0002","AMBA","Estatal","Oficial","3.2.Secundaria ETP",2237,79,"1.1000000000000001","Secundaria",1.1,691,1,1
"09","Malvinas Argentinas","0133MT0001","AMBA","Estatal","Oficial","3.2.Secundaria ETP",863,29,"1.1000000000000001","Secundaria",1.1,691,0.659504276642476,1.5162903947962
"01","Berisso","0113MT0001","AMBA","Estatal","Oficial","3.2.Secundaria ETP",928,36,"1.3","Secundaria",1.3,691,0.709177252287622,1.41008470981586
"05","Almirante Brown","0004MS0031","AMBA","Estatal","Oficial","3.1.Secundaria",349,12,"1.4","Secundaria",1.4,691,0.266705669233168,3.74945160661638
"05","Presidente Perón","0129MT0001","AMBA","Estatal","Oficial","3.2.Secundaria ETP",1292,39,"1.4","Secundaria",1.4,691,0.98734591590044,1.01281626215876
"08","Ituzaingó","0136MS0002","AMBA","Estatal","Oficial","3.1.Secundaria",402,17,"1.4","Secundaria",1.4,691,0.307208249374595,3.25512092216198
"04","Berazategui","0119MS0016","AMBA","Estatal","Oficial","3.1.Secundaria",889,31,"1.6","Secundaria",1.6,691,0.679373466900535,1.47194444399226
"05","Ezeiza","0130MS0004","AMBA","Estatal","Oficial","3.1.Secundaria",1184,40,"1.6","Secundaria",1.6,691,0.904812356366966,1.10520152931513
"11","Zárate","0047MS0019","AMBA","Estatal","Oficial","3.1.Secundaria",343,14,"1.8","Secundaria",1.8,691,0.262120471481309,3.81503968136769
"05","Ezeiza","0130MT0001","AMBA","Estatal","Oficial","3.2.Secundaria ETP",1200,42,"1.8","Secundaria",1.8,691,0.917039550371925,1.09046550892426
"09","Moreno","0073MS0087","AMBA","Estatal","Oficial","3.1.Secundaria",368,9,"1.9","Secundaria",1.9,691,0.281225462114057,3.55586578997043
"05","Almirante Brown","0004MS0064","AMBA","Estatal","Oficial","3.1.Secundaria",342,12,"2.1","Secundaria",2.1,691,0.261356271855999,3.82619476815531
"08","Merlo","0071MS0027","AMBA","Estatal","Oficial","3.1.Secundaria",317,12,"2.1","Secundaria",2.1,691,0.24225128122325,4.1279451441928
"06","Vicente López","0109MS0010","AMBA","Estatal","Oficial","3.1.Secundaria",113,8,"2.1","Secundaria",2.1,691,0.086354557660023,11.5801646965409
"03","La Matanza","0069MT0007","AMBA","Estatal","Oficial","3.2.Secundaria ETP",1304,46,"2.2999999999999998","Secundaria",2.3,691,0.996516311404159,1.00349586710822
"01","La Plata","0001MS0062","AMBA","Estatal","Oficial","3.1.Secundaria",309,12,"2.4","Secundaria",2.4,691,0.236137684220771,4.23481751038549
"05","Almirante Brown","0004MS0004","AMBA","Estatal","Oficial","3.1.Secundaria",1305,53,"2.4","Secundaria",2.4,691,0.997280511029469,1.00272690475794
"05","Esteban Echeverría","0030MS0042","AMBA","Estatal","Oficial","3.1.Secundaria",442,15,"2.5","Secundaria",2.5,691,0.337776234386992,2.9605398432333
"08","Merlo","0071MS0032","AMBA","Estatal","Oficial","3.1.Secundaria",650,23,"2.5","Secundaria",2.5,691,0.49672975645146,2.01316709339864
"05","Almirante Brown","0004MS0079","AMBA","Estatal","Oficial","3.1.Secundaria",608,21,"2.6","Secundaria",2.6,691,0.464633372188442,2.15223455708736
"01","La Plata","0001MS0033","AMBA","Estatal","Oficial","3.1.Secundaria",789,39,"2.7","Secundaria",2.7,691,0.602953504369541,1.65850267516998
"02","Lanús","0111MS0009","AMBA","Estatal","Oficial","3.1.Secundaria",504,28,"2.7","Secundaria",2.7,691,0.385156611156209,2.59634644981968
"11","Escobar","0116MS0020","AMBA","Estatal","Oficial","3.1.Secundaria",325,12,"2.8","Secundaria",2.8,691,0.24836487822573,4.02633418679728
"11","Escobar","0116MT0001","AMBA","Estatal","Oficial","3.2.Secundaria ETP",2312,86,"2.8","Secundaria",2.8,691,1,1
"07","Tres de Febrero","0117MT0003","AMBA","Estatal","Oficial","3.2.Secundaria ETP",725,33,"2.8","Secundaria",2.8,691,0.554044728349705,1.8049084285643
"09","José C. Paz","0132MS0013","AMBA","Estatal","Oficial","3.1.Secundaria",372,12,"2.8","Secundaria",2.8,691,0.284282260615297,3.51763067394924
"10","Mercedes","0070MS0014","AMBA","Estatal","Oficial","3.1.Secundaria",172,10,"3","Secundaria",3,691,0.131442335553309,7.60789889947161
"09","San Miguel","0131MS3111","AMBA","Estatal","Oficial","3.1.Secundaria",216,7,"3","Secundaria",3,691,0.165067119066947,6.05814171624591
"01","Berisso","0113MS0012","AMBA","Estatal","Oficial","3.1.Secundaria",266,12,"3.1","Secundaria",3.1,691,0.203277100332443,4.91939327334255
"05","Almirante Brown","0004MS0014","AMBA","Estatal","Oficial","3.1.Secundaria",386,18,"3.2","Secundaria",3.2,691,0.294981055369636,3.39004821427232
"04","Berazategui","0119MT0003","AMBA","Estatal","Oficial","3.2.Secundaria ETP",1733,59,"3.2","Secundaria",3.2,691,1,1
"02","Avellaneda","0005MS0004","AMBA","Estatal","Oficial","3.1.Secundaria",864,41,"3.3","Secundaria",3.3,691,0.660268476267786,1.51453542906148
"09","Malvinas Argentinas","0133MS0015","AMBA","Estatal","Oficial","3.1.Secundaria",478,14,"3.3","Secundaria",3.3,691,0.36528742089815,2.73757031529104
"06","Tigre","0055MS0022","AMBA","Estatal","Oficial","3.1.Secundaria",581,21,"3.4","Secundaria",3.4,691,0.443999982305074,2.25225234201225
"02","Lanús","0111MT0008","AMBA","Estatal","Oficial","3.2.Secundaria ETP",832,32,"3.4","Secundaria",3.4,691,0.635814088257868,1.57278679171769
"02","Avellaneda","0005MT0003","AMBA","Estatal","Oficial","3.2.Secundaria ETP",760,31,"3.5","Secundaria",3.5,691,0.580791715235553,1.72178764566989
"11","Pilar","0083MS0021","AMBA","Estatal","Oficial","3.1.Secundaria",426,12,"3.5","Secundaria",3.5,691,0.325549040382033,3.07173382795567
"01","Ensenada","0114MS0007","AMBA","Estatal","Oficial","3.1.Secundaria",343,12,"3.5","Secundaria",3.5,691,0.262120471481309,3.81503968136769
"05","Almirante Brown","0004MS0027","AMBA","Estatal","Oficial","3.1.Secundaria",364,15,"3.6","Secundaria",3.6,691,0.278168663612817,3.59494123821186
"08","Merlo","0071MS0013","AMBA","Estatal","Oficial","3.1.Secundaria",616,23,"3.6","Secundaria",3.6,691,0.470746969190922,2.12428345894337
"05","Almirante Brown","0004MS0052","AMBA","Estatal","Oficial","3.1.Secundaria",363,17,"3.7","Secundaria",3.7,691,0.277404463987507,3.60484465760087
"05","Ezeiza","0130MS0011","AMBA","Estatal","Oficial","3.1.Secundaria",956,24,"3.7","Secundaria",3.7,691,0.7305748417963,1.36878515764552
"05","Esteban Echeverría","0030MS0018","AMBA","Estatal","Oficial","3.1.Secundaria",819,26,"3.8","Secundaria",3.8,691,0.625879493128839,1.59775166142749
"11","Pilar","0083MS0033","AMBA","Estatal","Oficial","3.1.Secundaria",457,13,"3.8","Secundaria",3.8,691,0.349239228766642,2.86336676303964
"01","La Plata","0001MS0002","AMBA","Estatal","Oficial","3.1.Secundaria",868,43,"3.9","Secundaria",3.9,691,0.663325274769026,1.5075560031211
"10","Marcos Paz","0067MS0002","AMBA","Estatal","Oficial","3.1.Secundaria",844,38,"3.9","Secundaria",3.9,691,0.644984483761587,1.55042489420512
"04","Berazategui","0119MS0020","AMBA","Estatal","Oficial","3.1.Secundaria",663,23,"4","Secundaria",4,691,0.506664351580489,1.9736932288222
"09","Malvinas Argentinas","0133MS0008","AMBA","Estatal","Oficial","3.1.Secundaria",656,21,"4","Secundaria",4,691,0.501314954203319,1.99475397973951
"05","Almirante Brown","0004MS0011","AMBA","Estatal","Oficial","3.1.Secundaria",1110,39,"4.0999999999999996","Secundaria",4.1,691,0.848261584094031,1.17888163126947
"05","Almirante Brown","0004MS0012","AMBA","Estatal","Oficial","3.1.Secundaria",821,33,"4.2","Secundaria",4.2,691,0.627407892379459,1.59385945275167
"05","Esteban Echeverría","0030MS0043","AMBA","Estatal","Oficial","3.1.Secundaria",386,12,"4.2","Secundaria",4.2,691,0.294981055369636,3.39004821427232
"11","Zárate","0047MT0003","AMBA","Estatal","Oficial","3.2.Secundaria ETP",863,32,"4.2","Secundaria",4.2,691,0.659504276642476,1.5162903947962
"03","La Matanza","0069MS3271","AMBA","Estatal","Oficial","3.1.Secundaria",485,18,"4.2","Secundaria",4.2,691,0.37063681827532,2.69805899115282
"09","Moreno","0073MS0080","AMBA","Estatal","Oficial","3.1.Secundaria",348,12,"4.2","Secundaria",4.2,691,0.265941469607858,3.76022589284229
"06","San Fernando","0095MT0002","AMBA","Estatal","Oficial","3.2.Secundaria ETP",1242,48,"4.2","Secundaria",4.2,691,0.949135934634943,1.05358986369494
"02","Lanús","0111MS0001","AMBA","Estatal","Oficial","3.1.Secundaria",271,12,"4.2","Secundaria",4.2,691,0.207098098458993,4.82862955981224
"02","Lanús","0111MT0004","AMBA","Estatal","Oficial","3.2.Secundaria ETP",466,29,"4.2","Secundaria",4.2,691,0.356117025394431,2.80806568821699
"01","Ensenada","0114MT0002","AMBA","Estatal","Oficial","3.2.Secundaria ETP",822,41,"4.2","Secundaria",4.2,691,0.628172092004769,1.59192045098433
"11","Escobar","0116MS0012","AMBA","Estatal","Oficial","3.1.Secundaria",370,12,"4.2","Secundaria",4.2,691,0.282753861364677,3.53664489380842
"05","Ezeiza","0130MS0020","AMBA","Estatal","Oficial","3.1.Secundaria",418,12,"4.2","Secundaria",4.2,691,0.319435443379554,3.13052299212707
"10","Marcos Paz","0067MT0001","AMBA","Estatal","Oficial","3.2.Secundaria ETP",1177,37,"4.3","Secundaria",4.3,691,0.899462958989797,1.11177452056849
"02","Lanús","0111MS0005","AMBA","Estatal","Oficial","3.1.Secundaria",396,20,"4.5999999999999996","Secundaria",4.6,691,0.302623051622735,3.30444093613413
"06","Tigre","0055MS0044","AMBA","Estatal","Oficial","3.1.Secundaria",156,6,"4.9000000000000004","Secundaria",4.9,691,0.11921514154835,8.38819622249434
"07","General San Martín","0045MS0030","AMBA","Estatal","Oficial","3.1.Secundaria",155,6,"5.6","Secundaria",5.6,691,0.11845094192304,8.44231361747818
"04","Berazategui","0119MS0025","AMBA","Estatal","Oficial","3.1.Secundaria",336,12,"5.6","Secundaria",5.6,691,0.256771074104139,3.89451967472952
"06","Tigre","0055MS0023","AMBA","Estatal","Oficial","3.1.Secundaria",363,15,"6.1","Secundaria",6.1,691,0.277404463987507,3.60484465760087
"02","Avellaneda","0005MS0034","AMBA","Estatal","Oficial","3.1.Secundaria",357,12,"6.2","Secundaria",6.2,691,0.272819266235648,3.66543028209837
"06","San Isidro","0096MS0009","AMBA","Estatal","Oficial","3.1.Secundaria",708,28,"6.3","Secundaria",6.3,691,0.541053334719436,1.84824662529536
"02","Avellaneda","0005MS0011","AMBA","Estatal","Oficial","3.1.Secundaria",1006,42,"6.5","Secundaria",6.5,691,0.768784823061797,1.30075408619197
"05","Ezeiza","0130MS0016","AMBA","Estatal","Oficial","3.1.Secundaria",1402,36,"6.5","Secundaria",6.5,691,1,1
"04","Berazategui","0119MS0032","AMBA","Estatal","Oficial","3.1.Secundaria",359,12,"6.6","Secundaria",6.6,691,0.274347665486268,3.64501005768556
"08","Merlo","0071MS0006","AMBA","Estatal","Oficial","3.1.Secundaria",877,30,"6.7","Secundaria",6.7,691,0.670203071396815,1.49208507492488
"11","Campana","0015MS0014","AMBA","Estatal","Oficial","3.1.Secundaria",384,17,"6.9","Secundaria",6.9,691,0.293452656119016,3.40770471538833
"11","Pilar","0083MS0031","AMBA","Estatal","Oficial","3.1.Secundaria",809,24,"6.9","Secundaria",6.9,691,0.61823749687574,1.61750137294081
"02","Lanús","0111MS0054","AMBA","Estatal","Oficial","3.1.Secundaria",336,12,"6.9","Secundaria",6.9,691,0.256771074104139,3.89451967472952
"02","Avellaneda","0005MS0009","AMBA","Estatal","Oficial","3.1.Secundaria",1149,50,"7","Secundaria",7,691,0.878065369481118,1.13886737224466
"09","Moreno","0073MS0021","AMBA","Estatal","Oficial","3.1.Secundaria",1462,45,"7","Secundaria",7,691,1,1
"09","Moreno","0073MS0039","AMBA","Estatal","Oficial","3.1.Secundaria",683,21,"7.1","Secundaria",7.1,691,0.521948344086687,1.9158984051378
"05","Almirante Brown","0004MS0008","AMBA","Estatal","Oficial","3.1.Secundaria",568,24,"7.3","Secundaria",7.3,691,0.434065387176045,2.30380037096676
"09","San Miguel","0131MT0001","AMBA","Estatal","Oficial","3.2.Secundaria ETP",1103,40,"7.3","Secundaria",7.3,691,0.842912186716861,1.18636320100555
"03","La Matanza","0069MT0001","AMBA","Estatal","Oficial","3.2.Secundaria ETP",986,34,"7.4","Secundaria",7.4,691,0.753500830555599,1.32713855041493
"01","Brandsen","0014MS0001","AMBA","Estatal","Oficial","3.1.Secundaria",848,35,"7.5","Secundaria",7.5,691,0.648041282262827,1.54311156923245
"03","La Matanza","0069MS0077","AMBA","Estatal","Oficial","3.1.Secundaria",984,36,"7.6","Secundaria",7.6,691,0.751972431304979,1.32983598649301
"09","José C. Paz","0132MS0003","AMBA","Estatal","Oficial","3.1.Secundaria",733,24,"7.6","Secundaria",7.6,691,0.560158325352184,1.78520956440534
"02","Lanús","0111MS0011","AMBA","Estatal","Oficial","3.1.Secundaria",849,31,"7.8","Secundaria",7.8,691,0.648805481888137,1.54129400554666
"09","Moreno","0073MS0025","AMBA","Estatal","Oficial","3.1.Secundaria",285,12,"8","Secundaria",8,691,0.217796893213332,4.59143372178638
"07","General San Martín","0045MT0005","AMBA","Estatal","Oficial","3.2.Secundaria ETP",972,38,"8.1999999999999993","Secundaria",8.2,691,0.742802035801259,1.34625371472131
"01","La Plata","0001MS0013","AMBA","Estatal","Oficial","3.1.Secundaria",768,34,"8.3000000000000007","Secundaria",8.3,691,0.586905312238032,1.70385235769416
"05","Almirante Brown","0004MS0022","AMBA","Estatal","Oficial","3.1.Secundaria",330,13,"8.3000000000000007","Secundaria",8.3,691,0.252185876352279,3.96532912336096
"05","Almirante Brown","0004MT0002","AMBA","Estatal","Oficial","3.2.Secundaria ETP",879,28,"8.3000000000000007","Secundaria",8.3,691,0.671731470647435,1.48869011457237
"02","Avellaneda","0005MS0003","AMBA","Estatal","Oficial","3.1.Secundaria",923,42,"8.3000000000000007","Secundaria",8.3,691,0.705356254161073,1.41772330521031
"02","Avellaneda","0005MS0033","AMBA","Estatal","Oficial","3.1.Secundaria",332,12,"8.3000000000000007","Secundaria",8.3,691,0.253714275602899,3.94144159852144
"11","Campana","0015MS0011","AMBA","Estatal","Oficial","3.1.Secundaria",264,12,"8.3000000000000007","Secundaria",8.3,691,0.201748701081824,4.9566614042012
"10","Cañuelas","0016MC0033","AMBA","Estatal","Oficial","3.2.Secundaria ETP",101,7,"8.3000000000000007","Secundaria",8.3,691,0.0771841621563037,12.9560258486051
"04","Florencio Varela","0032MS0005","AMBA","Estatal","Oficial","3.1.Secundaria",669,23,"8.3000000000000007","Secundaria",8.3,691,0.511249549332348,1.95599194425877
"04","Florencio Varela","0032MS0014","AMBA","Estatal","Oficial","3.1.Secundaria",768,24,"8.3000000000000007","Secundaria",8.3,691,0.586905312238032,1.70385235769416
"04","Florencio Varela","0032MS0024","AMBA","Estatal","Oficial","3.1.Secundaria",502,20,"8.3000000000000007","Secundaria",8.3,691,0.383628211905589,2.60669045957991
"04","Florencio Varela","0032MS0040","AMBA","Estatal","Oficial","3.1.Secundaria",378,12,"8.3000000000000007","Secundaria",8.3,691,0.288867458367156,3.46179526642624
"04","Florencio Varela","0032MS2050","AMBA","Estatal","Oficial","3.1.Secundaria",278,12,"8.3000000000000007","Secundaria",8.3,691,0.212447495836163,4.70704536226301
"04","Florencio Varela","0032MT0001","AMBA","Estatal","Oficial","3.2.Secundaria ETP",1392,49,"8.3000000000000007","Secundaria",8.3,691,1,1
"10","General Rodríguez","0044MS0001","AMBA","Estatal","Oficial","3.1.Secundaria",1256,37,"8.3000000000000007","Secundaria",8.3,691,0.959834729389282,1.04184602763465
"10","General Rodríguez","0044MT0001","AMBA","Estatal","Oficial","3.2.Secundaria ETP",1707,53,"8.3000000000000007","Secundaria",8.3,691,1,1
"07","General San Martín","0045MS0046","AMBA","Estatal","Oficial","3.1.Secundaria",291,12,"8.3000000000000007","Secundaria",8.3,691,0.222382090965192,4.4967649852547
"11","Zárate","0047MS0014","AMBA","Estatal","Oficial","3.1.Secundaria",310,12,"8.3000000000000007","Secundaria",8.3,691,0.236901883846081,4.22115680873909
"11","Zárate","0047MT0001","AMBA","Estatal","Oficial","3.2.Secundaria ETP",1699,61,"8.3000000000000007","Secundaria",8.3,691,1,1
"06","Tigre","0055MS0001","AMBA","Estatal","Oficial","3.1.Secundaria",915,42,"8.3000000000000007","Secundaria",8.3,691,0.699242657158593,1.43011870022854
"06","Tigre","0055MS0004","AMBA","Estatal","Oficial","3.1.Secundaria",612,23,"8.3000000000000007","Secundaria",8.3,691,0.467690170689682,2.13816766455738
"06","Tigre","0055MT0001","AMBA","Estatal","Oficial","3.2.Secundaria ETP",1553,53,"8.3000000000000007","Secundaria",8.3,691,1,1
"06","Tigre","0055MT0002","AMBA","Estatal","Oficial","3.2.Secundaria ETP",939,34,"8.3000000000000007","Secundaria",8.3,691,0.717583448166031,1.39356614559011
"02","Lomas de Zamora","0062MS0007","AMBA","Estatal","Oficial","3.1.Secundaria",800,35,"8.3000000000000007","Secundaria",8.3,691,0.61135970024795,1.6356982633864
"02","Lomas de Zamora","0062MS0053","AMBA","Estatal","Oficial","3.1.Secundaria",255,11,"8.3000000000000007","Secundaria",8.3,691,0.194870904454034,5.13160239493771
"02","Lomas de Zamora","0062MS0072","AMBA","Estatal","Oficial","3.1.Secundaria",493,18,"8.3000000000000007","Secundaria",8.3,691,0.376750415277799,2.65427710082985
"10","Marcos Paz","0067MS0004","AMBA","Estatal","Oficial","3.1.Secundaria",497,15,"8.3000000000000007","Secundaria",8.3,691,0.379807213779039,2.63291470967629
"03","La Matanza","0069MS0025","AMBA","Estatal","Oficial","3.1.Secundaria",308,24,"8.3000000000000007","Secundaria",8.3,691,0.235373484595461,4.24856691788674
"03","La Matanza","0069MS0137","AMBA","Estatal","Oficial","3.1.Secundaria",601,21,"8.3000000000000007","Secundaria",8.3,691,0.459283974811273,2.17730218088039
"03","La Matanza","0069MS3111","AMBA","Estatal","Oficial","3.1.Secundaria",296,13,"8.3000000000000007","Secundaria",8.3,691,0.226203089091742,4.42080611726053
"08","Merlo","0071MS0046","AMBA","Estatal","Oficial","3.1.Secundaria",333,14,"8.3000000000000007","Secundaria",8.3,691,0.254478475228209,3.92960543756492
"08","Merlo","0071MS0061","AMBA","Estatal","Oficial","3.1.Secundaria",466,16,"8.3000000000000007","Secundaria",8.3,691,0.356117025394431,2.80806568821699
"09","Moreno","0073MS0001","AMBA","Estatal","Oficial","3.1.Secundaria",1256,44,"8.3000000000000007","Secundaria",8.3,691,0.959834729389282,1.04184602763465
"09","Moreno","0073MS0037","AMBA","Estatal","Oficial","3.1.Secundaria",429,18,"8.3000000000000007","Secundaria",8.3,691,0.327841639257963,3.05025317181612
"09","Moreno","0073MS0043","AMBA","Estatal","Oficial","3.1.Secundaria",626,21,"8.3000000000000007","Secundaria",8.3,691,0.478388965444021,2.09034921838517
"09","Moreno","0073MS0056","AMBA","Estatal","Oficial","3.1.Secundaria",371,13,"8.3000000000000007","Secundaria",8.3,691,0.283518060989987,3.5271121582456
"11","Pilar","0083MS0004","AMBA","Estatal","Oficial","3.1.Secundaria",818,31,"8.3000000000000007","Secundaria",8.3,691,0.625115293503529,1.59970490306738
"11","Pilar","0083MS0025","AMBA","Estatal","Oficial","3.1.Secundaria",633,16,"8.3000000000000007","Secundaria",8.3,691,0.483738362821191,2.06723319227349
"11","Pilar","0083MS0040","AMBA","Estatal","Oficial","3.1.Secundaria",406,12,"8.3000000000000007","Secundaria",8.3,691,0.310265047875835,3.22305076529339
"04","Quilmes","0085MS0015","AMBA","Estatal","Oficial","3.1.Secundaria",846,43,"8.3000000000000007","Secundaria",8.3,691,0.646512883012207,1.54675958712662
"04","Quilmes","0085MS0019","AMBA","Estatal","Oficial","3.1.Secundaria",451,12,"8.3000000000000007","Secundaria",8.3,691,0.344654031014782,2.90146033416656
"04","Quilmes","0085MS0031","AMBA","Estatal","Oficial","3.1.Secundaria",329,12,"8.3000000000000007","Secundaria",8.3,691,0.25142167672697,3.97738179546844
"04","Quilmes","0085MS0037","AMBA","Estatal","Oficial","3.1.Secundaria",694,21,"8.3000000000000007","Secundaria",8.3,691,0.530354539965097,1.88553113935031
"04","Quilmes","0085MS0063","AMBA","Estatal","Oficial","3.1.Secundaria",343,12,"8.3000000000000007","Secundaria",8.3,691,0.262120471481309,3.81503968136769
"04","Quilmes","0085MS0083","AMBA","Estatal","Oficial","3.1.Secundaria",330,9,"8.3000000000000007","Secundaria",8.3,691,0.252185876352279,3.96532912336096
"10","San Andrés de Giles","0093MS0009","AMBA","Estatal","Oficial","3.1.Secundaria",152,6,"8.3000000000000007","Secundaria",8.3,691,0.116158343047111,8.60893822834946
"06","San Isidro","0096MS0011","AMBA","Estatal","Oficial","3.1.Secundaria",313,21,"8.3000000000000007","Secundaria",8.3,691,0.23919448272201,4.18069843677034
"08","Morón","0100MS0049","AMBA","Estatal","Oficial","3.1.Secundaria",281,14,"8.3000000000000007","Secundaria",8.3,691,0.214740094712092,4.65679220892924
"06","Vicente López","0109MS0004","AMBA","Estatal","Oficial","3.1.Secundaria",158,14,"8.3000000000000007","Secundaria",8.3,691,0.12074354079897,8.28201652347543
"06","Vicente López","0109MS0009","AMBA","Estatal","Oficial","3.1.Secundaria",200,14,"8.3000000000000007","Secundaria",8.3,691,0.152839925061988,6.54279305354559
"02","Lanús","0111MS0026","AMBA","Estatal","Oficial","3.1.Secundaria",477,21,"8.3000000000000007","Secundaria",8.3,691,0.36452322127284,2.74330945641324
"02","Lanús","0111MS0044","AMBA","Estatal","Oficial","3.1.Secundaria",363,12,"8.3000000000000007","Secundaria",8.3,691,0.277404463987507,3.60484465760087
"11","Escobar","0116MS0023","AMBA","Estatal","Oficial","3.1.Secundaria",812,24,"8.3000000000000007","Secundaria",8.3,691,0.620530095751669,1.6115253826467
"11","Escobar","0116MS0032","AMBA","Estatal","Oficial","3.1.Secundaria",353,12,"8.3000000000000007","Secundaria",8.3,691,0.269762467734408,3.70696490285869
"07","Tres de Febrero","0117MS0036","AMBA","Estatal","Oficial","3.1.Secundaria",244,12,"8.3000000000000007","Secundaria",8.3,691,0.186464708575625,5.36294512585704
"04","Berazategui","0119MS0015","AMBA","Estatal","Oficial","3.1.Secundaria",710,24,"8.3000000000000007","Secundaria",8.3,691,0.542581733970056,1.8430402967734
"09","San Miguel","0131MS0011","AMBA","Estatal","Oficial","3.1.Secundaria",536,18,"8.3000000000000007","Secundaria",8.3,691,0.409610999166127,2.44134069162149
"09","José C. Paz","0132MS0001","AMBA","Estatal","Oficial","3.1.Secundaria",1027,34,"8.3000000000000007","Secundaria",8.3,691,0.784833015193306,1.27415638822699
"09","José C. Paz","0132MS0019","AMBA","Estatal","Oficial","3.1.Secundaria",559,19,"8.3000000000000007","Secundaria",8.3,691,0.427187590548255,2.34089196906819
"09","Malvinas Argentinas","0133MS0023","AMBA","Estatal","Oficial","3.1.Secundaria",497,18,"8.3000000000000007","Secundaria",8.3,691,0.379807213779039,2.63291470967629
"09","Malvinas Argentinas","0133MS0031","AMBA","Estatal","Oficial","3.1.Secundaria",341,14,"8.3000000000000007","Secundaria",8.3,691,0.260592072230689,3.8374152806719
"09","Malvinas Argentinas","0133MS0037","AMBA","Estatal","Oficial","3.1.Secundaria",583,16,"8.3000000000000007","Secundaria",8.3,691,0.445528381555694,2.24452591888356
"07","Hurlingham","0135MS0006","AMBA","Estatal","Oficial","3.1.Secundaria",579,27,"8.3000000000000007","Secundaria",8.3,691,0.442471583054454,2.26003214284822
"08","Ituzaingó","0136MS0006","AMBA","Estatal","Oficial","3.1.Secundaria",491,24,"8.3000000000000007","Secundaria",8.3,691,0.375222016027179,2.6650888201815
"08","Ituzaingó","0136MT0002","AMBA","Estatal","Oficial","3.2.Secundaria ETP",620,22,"8.3000000000000007","Secundaria",8.3,691,0.473803767692161,2.11057840436954
"04","Berazategui","0119MT0002","AMBA","Estatal","Oficial","3.2.Secundaria ETP",928,32,"8.6","Secundaria",8.6,691,0.709177252287622,1.41008470981586
"07","Tres de Febrero","0117MS0021","AMBA","Estatal","Oficial","3.1.Secundaria",335,12,"8.6999999999999993","Secundaria",8.7,691,0.256006874478829,3.90614510659438
"09","Moreno","0073MS0014","AMBA","Estatal","Oficial","3.1.Secundaria",398,13,"9","Secundaria",9,691,0.304151450873355,3.28783570529929
"09","Moreno","0073MT0005","AMBA","Estatal","Oficial","3.2.Secundaria ETP",1202,38,"9","Secundaria",9,691,0.918567949622545,1.0886510904402
"04","Florencio Varela","0032MT0004","AMBA","Estatal","Oficial","3.2.Secundaria ETP",1051,41,"9.1","Secundaria",9.1,691,0.803173806200745,1.24506052398584
"06","Vicente López","0109MT0002","AMBA","Estatal","Oficial","3.2.Secundaria ETP",423,23,"9.1999999999999993","Secundaria",9.2,691,0.323256441506104,3.09351917425323
"02","Lomas de Zamora","0062MS0077","AMBA","Estatal","Oficial","3.1.Secundaria",314,12,"9.4","Secundaria",9.4,691,0.23995868234732,4.16738411053859
"05","Ezeiza","0130MS0018","AMBA","Estatal","Oficial","3.1.Secundaria",651,18,"9.4","Secundaria",9.4,691,0.497493956076769,2.01007467082814
"03","La Matanza","0069MS0020","AMBA","Estatal","Oficial","3.1.Secundaria",670,37,"9.6","Secundaria",9.6,691,0.512013748957658,1.95307255329719
"07","General San Martín","0045MS0035","AMBA","Estatal","Oficial","3.1.Secundaria",150,6,"9.6999999999999993","Secundaria",9.7,691,0.114629943796491,8.72372407139411
"06","San Isidro","0096MS0021","AMBA","Estatal","Oficial","3.1.Secundaria",252,12,"9.6999999999999993","Secundaria",9.7,691,0.192578305578104,5.19269289963935
"02","Lanús","0111MS0049","AMBA","Estatal","Oficial","3.1.Secundaria",191,9,"9.6999999999999993","Secundaria",9.7,691,0.145962128434198,6.85109220266554
"01","La Plata","0001MS0064","AMBA","Estatal","Oficial","3.1.Secundaria",566,23,"9.8000000000000007","Secundaria",9.8,691,0.432536987925425,2.31194100831999
"01","La Plata","0001MT0001","AMBA","Estatal","Oficial","3.2.Secundaria ETP",571,31,"10","Secundaria",10,691,0.436357986051974,2.2916963409967
"04","Berazategui","0119MA0001","AMBA","Estatal","Oficial","3.2.Secundaria ETP",243,9,"10","Secundaria",10,691,0.185700508950315,5.38501485888526
"09","Moreno","0073MS0052","AMBA","Estatal","Oficial","3.1.Secundaria",528,18,"10.199999999999999","Secundaria",10.2,691,0.403497402163647,2.4783307021006
"07","General San Martín","0045MS0055","AMBA","Estatal","Oficial","3.1.Secundaria",235,12,"10.4","Secundaria",10.4,691,0.179586911947835,5.56833451365582
"02","Lanús","0111MS0003","AMBA","Estatal","Oficial","3.1.Secundaria",691,24,"10.4","Secundaria",10.4,691,0.528061941089167,1.89371723691623
"04","Berazategui","0119MS0056","AMBA","Estatal","Oficial","3.1.Secundaria",367,12,"10.4","Secundaria",10.4,691,0.280461262488747,3.56555479757253
"04","Quilmes","0085MS0039","AMBA","Estatal","Oficial","3.1.Secundaria",623,23,"10.5","Secundaria",10.5,691,0.476096366568091,2.1004151054721
"07","Hurlingham","0135MS0005","AMBA","Estatal","Oficial","3.1.Secundaria",433,18,"10.6","Secundaria",10.6,691,0.330898437759203,3.02207531341598
"01","Punta Indio","0134MS0002","AMBA","Estatal","Oficial","3.1.Secundaria",432,21,"10.7","Secundaria",10.7,691,0.330134238133893,3.02907085812296
"02","Avellaneda","0005MS0023","AMBA","Estatal","Oficial","3.1.Secundaria",621,23,"10.9","Secundaria",10.9,691,0.474567967317471,2.10717972738988
"09","Malvinas Argentinas","0133MS0032","AMBA","Estatal","Oficial","3.1.Secundaria",581,18,"10.9","Secundaria",10.9,691,0.443999982305074,2.25225234201225
"05","Almirante Brown","0004MS0010","AMBA","Estatal","Oficial","3.1.Secundaria",614,26,"11.1","Secundaria",11.1,691,0.469218569940302,2.13120294903765
"06","San Isidro","0096MS0023","AMBA","Estatal","Oficial","3.1.Secundaria",140,6,"11.1","Secundaria",11.1,691,0.106987947543391,9.34684721935084
"04","Florencio Varela","0032MS0049","AMBA","Estatal","Oficial","3.1.Secundaria",586,21,"11.3","Secundaria",11.3,691,0.447820980431623,2.23303517185856
"04","Quilmes","0085MS0009","AMBA","Estatal","Oficial","3.1.Secundaria",764,26,"11.3","Secundaria",11.3,691,0.583848513736792,1.71277305066638
"09","José C. Paz","0132MS0014","AMBA","Estatal","Oficial","3.1.Secundaria",623,22,"11.4","Secundaria",11.4,691,0.476096366568091,2.1004151054721
"04","Florencio Varela","0032MS0046","AMBA","Estatal","Oficial","3.1.Secundaria",367,12,"11.5","Secundaria",11.5,691,0.280461262488747,3.56555479757253
"10","Cañuelas","0016MS0003","AMBA","Estatal","Oficial","3.1.Secundaria",668,23,"11.6","Secundaria",11.6,691,0.510485349707038,1.95892007591185
"07","Hurlingham","0135MT0002","AMBA","Estatal","Oficial","3.2.Secundaria ETP",1117,47,"11.6","Secundaria",11.6,691,0.8536109814712,1.17149383232687
"05","Esteban Echeverría","0030MS0012","AMBA","Estatal","Oficial","3.1.Secundaria",1043,36,"11.7","Secundaria",11.7,691,0.797060209198265,1.25461036501354
"04","Quilmes","0085MS0005","AMBA","Estatal","Oficial","3.1.Secundaria",936,39,"11.7","Secundaria",11.7,691,0.715290849290102,1.39803270374906
"04","Quilmes","0085MS0028","AMBA","Estatal","Oficial","3.1.Secundaria",322,12,"11.8","Secundaria",11.8,691,0.2460722793498,4.06384661710906
"01","La Plata","0001MT0005","AMBA","Estatal","Oficial","3.2.Secundaria ETP",1067,46,"12","Secundaria",12,691,0.815401000205703,1.22639045052401
"04","Florencio Varela","0032MS0017","AMBA","Estatal","Oficial","3.1.Secundaria",501,16,"12","Secundaria",12,691,0.382864012280279,2.61189343454914
"11","Escobar","0116MS0001","AMBA","Estatal","Oficial","3.1.Secundaria",801,28,"12.1","Secundaria",12.1,691,0.61212389987326,1.63365619314497
"05","Almirante Brown","0004MT0001","AMBA","Estatal","Oficial","3.2.Secundaria ETP",1433,48,"12.2","Secundaria",12.2,691,1,1
"09","José C. Paz","0132MS0020","AMBA","Estatal","Oficial","3.1.Secundaria",560,17,"12.2","Secundaria",12.2,691,0.427951790173565,2.33671180483771
"02","Avellaneda","0005MS0022","AMBA","Estatal","Oficial","3.1.Secundaria",740,24,"12.5","Secundaria",12.5,691,0.565507722729354,1.76832244690421
"02","Avellaneda","0005MT0007","AMBA","Estatal","Oficial","3.2.Secundaria ETP",1317,49,"12.5","Secundaria",12.5,691,1,1
"03","La Matanza","0069MS0033","AMBA","Estatal","Oficial","3.1.Secundaria",315,22,"12.5","Secundaria",12.5,691,0.24072288197263,4.15415431971148
"03","La Matanza","0069MS0168","AMBA","Estatal","Oficial","3.1.Secundaria",580,20,"12.5","Secundaria",12.5,691,0.443235782679764,2.25613553570537
"09","Moreno","0073MT0001","AMBA","Estatal","Oficial","3.2.Secundaria ETP",949,37,"12.5","Secundaria",12.5,691,0.725225444419131,1.37888157082099
"05","San Vicente","0099MS0009","AMBA","Estatal","Oficial","3.1.Secundaria",875,23,"12.5","Secundaria",12.5,691,0.668674672146195,1.49549555509613
"09","San Miguel","0131MS0018","AMBA","Estatal","Oficial","3.1.Secundaria",356,12,"12.5","Secundaria",12.5,691,0.272055066610338,3.67572643457617
"01","Berisso","0113MT0002","AMBA","Estatal","Oficial","3.2.Secundaria ETP",1225,52,"12.6","Secundaria",12.6,691,0.936144541004674,1.06821111078295
"02","Avellaneda","0005MT0002","AMBA","Estatal","Oficial","3.2.Secundaria ETP",471,25,"12.7","Secundaria",12.7,691,0.359938023520981,2.77825607369239
"08","Merlo","0071MT0001","AMBA","Estatal","Oficial","3.2.Secundaria ETP",1893,55,"12.7","Secundaria",12.7,691,1,1
"02","Lanús","0111MS0024","AMBA","Estatal","Oficial","3.1.Secundaria",302,12,"12.8","Secundaria",12.8,691,0.230788286843601,4.3329755321494
"11","Pilar","0083MS0024","AMBA","Estatal","Oficial","3.1.Secundaria",806,20,"13","Secundaria",13,691,0.61594489799981,1.62352184951503
"09","Malvinas Argentinas","0133MS0005","AMBA","Estatal","Oficial","3.1.Secundaria",892,30,"13","Secundaria",13,691,0.681666065776464,1.46699395819408
"06","Tigre","0055MS0002","AMBA","Estatal","Oficial","3.1.Secundaria",918,40,"13.1","Secundaria",13.1,691,0.701535256034523,1.42544510970492
"11","Pilar","0083MS0032","AMBA","Estatal","Oficial","3.1.Secundaria",544,17,"13.2","Secundaria",13.2,691,0.415724596168606,2.40543862262705
"03","La Matanza","0069MS0013","AMBA","Estatal","Oficial","3.1.Secundaria",612,27,"13.3","Secundaria",13.3,691,0.467690170689682,2.13816766455738
"05","Almirante Brown","0004MT0005","AMBA","Estatal","Oficial","3.2.Secundaria ETP",229,8,"13.5","Secundaria",13.5,691,0.175001714195976,5.71422974108785
"02","Avellaneda","0005MS0007","AMBA","Estatal","Oficial","3.1.Secundaria",297,14,"13.6","Secundaria",13.6,691,0.226967288717051,4.40592124817885
"05","Ezeiza","0130MS0001","AMBA","Estatal","Oficial","3.1.Secundaria",1099,38,"13.6","Secundaria",13.6,691,0.839855388215622,1.1906811744396
"04","Berazategui","0119MS0011","AMBA","Estatal","Oficial","3.1.Secundaria",554,19,"13.8","Secundaria",13.8,691,0.423366592421705,2.36201915290454
"05","Esteban Echeverría","0030MS0001","AMBA","Estatal","Oficial","3.1.Secundaria",2065,81,"13.9","Secundaria",13.9,691,1,1
"02","Lomas de Zamora","0062MS0051","AMBA","Estatal","Oficial","3.1.Secundaria",495,21,"13.9","Secundaria",13.9,691,0.378278814528419,2.64355274890731
"04","Berazategui","0119MS0003","AMBA","Estatal","Oficial","3.1.Secundaria",419,18,"14.1","Secundaria",14.1,691,0.320199643004864,3.1230515768714
"09","Moreno","0073MS0013","AMBA","Estatal","Oficial","3.1.Secundaria",787,27,"14.3","Secundaria",14.3,691,0.601425105118921,1.66271742148554
"07","General San Martín","0045MS0005","AMBA","Estatal","Oficial","3.1.Secundaria",142,6,"14.6","Secundaria",14.6,691,0.108516346794011,9.21520148386702
"09","Moreno","0073MS0035","AMBA","Estatal","Oficial","3.1.Secundaria",708,20,"14.6","Secundaria",14.6,691,0.541053334719436,1.84824662529536
"05","Presidente Perón","0129MS0007","AMBA","Estatal","Oficial","3.1.Secundaria",449,13,"14.7","Secundaria",14.7,691,0.343125631764162,2.9143844336506
"06","San Isidro","0096MS0014","AMBA","Estatal","Oficial","3.1.Secundaria",551,27,"15.1","Secundaria",15.1,691,0.421073993545776,2.37487951126882
"02","Avellaneda","0005MS0006","AMBA","Estatal","Oficial","3.1.Secundaria",257,15,"15.3","Secundaria",15.3,691,0.196399303704654,5.09166774594987
"02","Lomas de Zamora","0062MS0052","AMBA","Estatal","Oficial","3.1.Secundaria",108,6,"15.3","Secundaria",15.3,691,0.0825335595334733,12.1162834324918
"09","Moreno","0073MS0085","AMBA","Estatal","Oficial","3.1.Secundaria",813,23,"15.4","Secundaria",15.4,691,0.621294295376979,1.60954318660408
"04","Florencio Varela","0032MT0003","AMBA","Estatal","Oficial","3.2.Secundaria ETP",1103,44,"15.5","Secundaria",15.5,691,0.842912186716861,1.18636320100555
"05","Almirante Brown","0004MS0074","AMBA","Estatal","Oficial","3.1.Secundaria",339,12,"15.6","Secundaria",15.6,691,0.259063672980069,3.86005489884695
"09","Malvinas Argentinas","0133MT0002","AMBA","Estatal","Oficial","3.2.Secundaria ETP",938,31,"15.7","Secundaria",15.7,691,0.716819248540722,1.39505182378371
"04","Berazategui","0119MS0014","AMBA","Estatal","Oficial","3.1.Secundaria",868,37,"15.8","Secundaria",15.8,691,0.663325274769026,1.5075560031211
"04","Berazategui","0119MS0012","AMBA","Estatal","Oficial","3.1.Secundaria",606,21,"16.100000000000001","Secundaria",16.1,691,0.463104972937822,2.15933764143419
"06","Tigre","0055MS0003","AMBA","Estatal","Oficial","3.1.Secundaria",832,38,"16.2","Secundaria",16.2,691,0.635814088257868,1.57278679171769
"11","Zárate","0047MS0004","AMBA","Estatal","Oficial","3.1.Secundaria",1232,51,"16.3","Secundaria",16.3,691,0.941493938381843,1.06214172947169
"05","Almirante Brown","0004MS0054","AMBA","Estatal","Oficial","3.1.Secundaria",371,14,"16.399999999999999","Secundaria",16.4,691,0.283518060989987,3.5271121582456
"01","La Plata","0001MS0046","AMBA","Estatal","Oficial","3.1.Secundaria",680,24,"16.7","Secundaria",16.7,691,0.519655745210758,1.92435089810164
"05","Almirante Brown","0004MS0003","AMBA","Estatal","Oficial","3.1.Secundaria",630,22,"16.7","Secundaria",16.7,691,0.481445763945261,2.07707715985574
"05","Almirante Brown","0004MS0081","AMBA","Estatal","Oficial","3.1.Secundaria",337,12,"16.7","Secundaria",16.7,691,0.257535273729449,3.88296323652557
"05","Almirante Brown","0004MT0003","AMBA","Estatal","Oficial","3.2.Secundaria ETP",1026,36,"16.7","Secundaria",16.7,691,0.784068815567996,1.27539825605177
"02","Avellaneda","0005MS0027","AMBA","Estatal","Oficial","3.1.Secundaria",241,11,"16.7","Secundaria",16.7,691,0.184172109699695,5.429703778876
"11","Campana","0015MS0024","AMBA","Estatal","Oficial","3.1.Secundaria",293,11,"16.7","Secundaria",16.7,691,0.223910490215812,4.46607034371712
"04","Florencio Varela","0032MS0007","AMBA","Estatal","Oficial","3.1.Secundaria",1126,42,"16.7","Secundaria",16.7,691,0.86048877809899,1.16213020489264
"04","Florencio Varela","0032MS0023","AMBA","Estatal","Oficial","3.1.Secundaria",309,12,"16.7","Secundaria",16.7,691,0.236137684220771,4.23481751038549
"04","Florencio Varela","0032MS0041","AMBA","Estatal","Oficial","3.1.Secundaria",549,18,"16.7","Secundaria",16.7,691,0.419545594295156,2.38353116704757
"04","Florencio Varela","0032MS0057","AMBA","Estatal","Oficial","3.1.Secundaria",488,16,"16.7","Secundaria",16.7,691,0.37292941715125,2.68147256292852
"04","Florencio Varela","0032MS0061","AMBA","Estatal","Oficial","3.1.Secundaria",462,12,"16.7","Secundaria",16.7,691,0.353060226893191,2.83237794525783
"06","Tigre","0055MS0014","AMBA","Estatal","Oficial","3.1.Secundaria",427,21,"16.7","Secundaria",16.7,691,0.326313240007343,3.06454007191831
"02","Lomas de Zamora","0062MS0001","AMBA","Estatal","Oficial","3.1.Secundaria",762,32,"16.7","Secundaria",16.7,691,0.582320114486172,1.71726851799097
"02","Lomas de Zamora","0062MS0032","AMBA","Estatal","Oficial","3.1.Secundaria",560,15,"16.7","Secundaria",16.7,691,0.427951790173565,2.33671180483771
"02","Lomas de Zamora","0062MT0008","AMBA","Estatal","Oficial","3.2.Secundaria ETP",680,24,"16.7","Secundaria",16.7,691,0.519655745210758,1.92435089810164
"02","Lomas de Zamora","0062MT0009","AMBA","Estatal","Oficial","3.2.Secundaria ETP",1085,32,"16.7","Secundaria",16.7,691,0.829156593461282,1.20604480249688
"03","La Matanza","0069MS0095","AMBA","Estatal","Oficial","3.1.Secundaria",292,12,"16.7","Secundaria",16.7,691,0.223146290590502,4.48136510516821
"03","La Matanza","0069MT0004","AMBA","Estatal","Oficial","3.2.Secundaria ETP",1012,37,"16.7","Secundaria",16.7,691,0.773370020813657,1.29304210544379
"08","Merlo","0071MS0069","AMBA","Estatal","Oficial","3.1.Secundaria",418,14,"16.7","Secundaria",16.7,691,0.319435443379554,3.13052299212707
"09","Moreno","0073MS0017","AMBA","Estatal","Oficial","3.1.Secundaria",319,12,"16.7","Secundaria",16.7,691,0.24377968047387,4.10206461037341
"09","Moreno","0073MS0068","AMBA","Estatal","Oficial","3.1.Secundaria",515,15,"16.7","Secundaria",16.7,691,0.393562807034618,2.5408905062313
"04","Quilmes","0085MS0011","AMBA","Estatal","Oficial","3.1.Secundaria",500,23,"16.7","Secundaria",16.7,691,0.382099812654969,2.61711722141823
"04","Quilmes","0085MS0042","AMBA","Estatal","Oficial","3.1.Secundaria",358,12,"16.7","Secundaria",16.7,691,0.273583465860958,3.65519165002547
"04","Quilmes","0085MS0055","AMBA","Estatal","Oficial","3.1.Secundaria",340,12,"16.7","Secundaria",16.7,691,0.259827872605379,3.84870179620329
"06","San Fernando","0095MS0002","AMBA","Estatal","Oficial","3.1.Secundaria",949,43,"16.7","Secundaria",16.7,691,0.725225444419131,1.37888157082099
"06","San Fernando","0095MS0020","AMBA","Estatal","Oficial","3.1.Secundaria",287,12,"16.7","Secundaria",16.7,691,0.219325292463952,4.55943766797602
"05","San Vicente","0099MS0004","AMBA","Estatal","Oficial","3.1.Secundaria",1447,37,"16.7","Secundaria",16.7,691,1,1
"02","Lanús","0111MS0020","AMBA","Estatal","Oficial","3.1.Secundaria",544,21,"16.7","Secundaria",16.7,691,0.415724596168606,2.40543862262705
"11","Escobar","0116MS0015","AMBA","Estatal","Oficial","3.1.Secundaria",621,17,"16.7","Secundaria",16.7,691,0.474567967317471,2.10717972738988
"04","Berazategui","0119MS0040","AMBA","Estatal","Oficial","3.1.Secundaria",325,12,"16.7","Secundaria",16.7,691,0.24836487822573,4.02633418679728
"04","Berazategui","0119MT0001","AMBA","Estatal","Oficial","3.2.Secundaria ETP",829,31,"16.7","Secundaria",16.7,691,0.633521489381938,1.57847842063826
"09","San Miguel","0131MS0010","AMBA","Estatal","Oficial","3.1.Secundaria",234,12,"16.7","Secundaria",16.7,691,0.178822712322525,5.59213081499623
"09","José C. Paz","0132MS0016","AMBA","Estatal","Oficial","3.1.Secundaria",501,19,"16.7","Secundaria",16.7,691,0.382864012280279,2.61189343454914
"09","José C. Paz","0132MS0034","AMBA","Estatal","Oficial","3.1.Secundaria",414,13,"16.7","Secundaria",16.7,691,0.316378644878314,3.16076959108482
"08","Ituzaingó","0136MS0009","AMBA","Estatal","Oficial","3.1.Secundaria",253,12,"16.7","Secundaria",16.7,691,0.193342505203414,5.17216842177517
"04","Quilmes","0085MT0004","AMBA","Estatal","Oficial","3.2.Secundaria ETP",851,30,"17.100000000000001","Secundaria",17.1,691,0.650333881138757,1.53767169296018
"05","Presidente Perón","0129MS0001","AMBA","Estatal","Oficial","3.1.Secundaria",1723,52,"17.100000000000001","Secundaria",17.1,691,1,1
"06","Tigre","0055MT0004","AMBA","Estatal","Oficial","3.2.Secundaria ETP",679,25,"17.2","Secundaria",17.2,691,0.518891545585448,1.92718499368058
"09","Moreno","0073MS0065","AMBA","Estatal","Oficial","3.1.Secundaria",311,12,"17.399999999999999","Secundaria",17.4,691,0.237666083471391,4.20758395726404
"05","Esteban Echeverría","0030MS0005","AMBA","Estatal","Oficial","3.1.Secundaria",1318,42,"17.600000000000001","Secundaria",17.6,691,1,1
"04","Quilmes","0085MT0006","AMBA","Estatal","Oficial","3.2.Secundaria ETP",1014,46,"17.600000000000001","Secundaria",17.6,691,0.774898420064277,1.29049172653759
"02","Lomas de Zamora","0062MS0082","AMBA","Estatal","Oficial","3.1.Secundaria",257,12,"18.100000000000001","Secundaria",18.1,691,0.196399303704654,5.09166774594987
"09","José C. Paz","0132MS0028","AMBA","Estatal","Oficial","3.1.Secundaria",584,22,"18.2","Secundaria",18.2,691,0.446292581181004,2.2406825525841
"03","La Matanza","0069MS0048","AMBA","Estatal","Oficial","3.1.Secundaria",1236,39,"18.3","Secundaria",18.3,691,0.944550736883083,1.05870437759637
"02","Avellaneda","0005MS0018","AMBA","Estatal","Oficial","3.1.Secundaria",1456,54,"18.399999999999999","Secundaria",18.4,691,1,1
"02","Lanús","0111MS0029","AMBA","Estatal","Oficial","3.1.Secundaria",278,12,"18.399999999999999","Secundaria",18.4,691,0.212447495836163,4.70704536226301
"11","Pilar","0083MT0002","AMBA","Estatal","Oficial","3.2.Secundaria ETP",1636,54,"18.7","Secundaria",18.7,691,1,1
"05","Almirante Brown","0004MS0040","AMBA","Estatal","Oficial","3.1.Secundaria",304,12,"18.8","Secundaria",18.8,691,0.232316686094221,4.30446911417473
"02","Lomas de Zamora","0062MS0086","AMBA","Estatal","Oficial","3.1.Secundaria",259,12,"18.8","Secundaria",18.8,691,0.197927702955274,5.05234984829775
"09","San Miguel","0131MS0012","AMBA","Estatal","Oficial","3.1.Secundaria",668,24,"18.8","Secundaria",18.8,691,0.510485349707038,1.95892007591185
"11","Pilar","0083MS0007","AMBA","Estatal","Oficial","3.1.Secundaria",983,30,"19","Secundaria",19,691,0.751208231679669,1.33118882066034
"09","Moreno","0073MS0016","AMBA","Estatal","Oficial","3.1.Secundaria",650,24,"19.100000000000001","Secundaria",19.1,691,0.49672975645146,2.01316709339864
"05","Presidente Perón","0129MS0006","AMBA","Estatal","Oficial","3.1.Secundaria",507,15,"19.2","Secundaria",19.2,691,0.387449210032138,2.58098345307518
"03","La Matanza","0069MS0014","AMBA","Estatal","Oficial","3.1.Secundaria",924,38,"19.3","Secundaria",19.3,691,0.706120453786382,1.41618897262891
"11","Zárate","0047MS0006","AMBA","Estatal","Oficial","3.1.Secundaria",176,9,"19.399999999999999","Secundaria",19.4,691,0.134499134054549,7.4349921063018
"04","Quilmes","0085MS0076","AMBA","Estatal","Oficial","3.1.Secundaria",325,12,"19.399999999999999","Secundaria",19.4,691,0.24836487822573,4.02633418679728
"09","Malvinas Argentinas","0133MS0026","AMBA","Estatal","Oficial","3.1.Secundaria",640,18,"19.399999999999999","Secundaria",19.4,691,0.48908776019836,2.044622829233
"02","Lomas de Zamora","0062MS0083","AMBA","Estatal","Oficial","3.1.Secundaria",491,18,"20","Secundaria",20,691,0.375222016027179,2.6650888201815
"02","Avellaneda","0005MS0013","AMBA","Estatal","Oficial","3.1.Secundaria",750,33,"20.100000000000001","Secundaria",20.1,691,0.573149718982453,1.74474481427882
"03","La Matanza","0069MS0145","AMBA","Estatal","Oficial","3.1.Secundaria",162,6,"20.100000000000001","Secundaria",20.1,691,0.12380033930021,8.07752228832788
"11","Campana","0015MS0002","AMBA","Estatal","Oficial","3.1.Secundaria",601,27,"20.2","Secundaria",20.2,691,0.459283974811273,2.17730218088039
"04","Florencio Varela","0032MS0008","AMBA","Estatal","Oficial","3.1.Secundaria",1349,43,"20.3","Secundaria",20.3,691,1,1
"10","Marcos Paz","0067MS0001","AMBA","Estatal","Oficial","3.1.Secundaria",849,33,"20.3","Secundaria",20.3,691,0.648805481888137,1.54129400554666
"03","La Matanza","0069MS0089","AMBA","Estatal","Oficial","3.1.Secundaria",539,18,"20.399999999999999","Secundaria",20.4,691,0.411903598042056,2.42775252450671
"02","Lomas de Zamora","0062MS0003","AMBA","Estatal","Oficial","3.1.Secundaria",521,25,"20.5","Secundaria",20.5,691,0.398148004786478,2.51162881134188
"04","Florencio Varela","0032MS0021","AMBA","Estatal","Oficial","3.1.Secundaria",1103,32,"20.6","Secundaria",20.6,691,0.842912186716861,1.18636320100555
"01","La Plata","0001MS0057","AMBA","Estatal","Oficial","3.1.Secundaria",160,6,"20.8","Secundaria",20.8,691,0.12227194004959,8.17849131693198
"05","Esteban Echeverría","0030MS0024","AMBA","Estatal","Oficial","3.1.Secundaria",342,12,"20.8","Secundaria",20.8,691,0.261356271855999,3.82619476815531
"02","Lomas de Zamora","0062MS0064","AMBA","Estatal","Oficial","3.1.Secundaria",175,6,"20.8","Secundaria",20.8,691,0.133734934429239,7.47747777548067
"03","La Matanza","0069MS0080","AMBA","Estatal","Oficial","3.1.Secundaria",205,8,"20.8","Secundaria",20.8,691,0.156660923188537,6.38321273516643
"03","La Matanza","0069MT0008","AMBA","Estatal","Oficial","3.2.Secundaria ETP",1664,56,"20.8","Secundaria",20.8,691,1,1
"11","Pilar","0083MS0020","AMBA","Estatal","Oficial","3.1.Secundaria",594,16,"20.8","Secundaria",20.8,691,0.453934577434103,2.20296062408942
"07","Tres de Febrero","0117MT0002","AMBA","Estatal","Oficial","3.2.Secundaria ETP",1101,45,"20.8","Secundaria",20.8,691,0.841383787466241,1.18851826585751
"05","Esteban Echeverría","0030MS0022","AMBA","Estatal","Oficial","3.1.Secundaria",431,15,"21.1","Secundaria",21.1,691,0.329370038508583,3.03609886475433
"06","Tigre","0055MS0020","AMBA","Estatal","Oficial","3.1.Secundaria",304,12,"21.2","Secundaria",21.2,691,0.232316686094221,4.30446911417473
"09","Moreno","0073MS0082","AMBA","Estatal","Oficial","3.1.Secundaria",523,19,"21.5","Secundaria",21.5,691,0.399676404037097,2.50202411225453
"09","José C. Paz","0132MS0010","AMBA","Estatal","Oficial","3.1.Secundaria",648,28,"21.6","Secundaria",21.6,691,0.49520135720084,2.01938057208197
"05","Almirante Brown","0004MS0041","AMBA","Estatal","Oficial","3.1.Secundaria",368,14,"21.7","Secundaria",21.7,691,0.281225462114057,3.55586578997043
"01","La Plata","0001MS0032","AMBA","Estatal","Oficial","3.1.Secundaria",1146,42,"22","Secundaria",22,691,0.875772770605189,1.14184870044426
"08","Merlo","0071MS0004","AMBA","Estatal","Oficial","3.1.Secundaria",1099,37,"22","Secundaria",22,691,0.839855388215622,1.1906811744396
"03","La Matanza","0069MS0158","AMBA","Estatal","Oficial","3.1.Secundaria",291,12,"22.2","Secundaria",22.2,691,0.222382090965192,4.4967649852547
"05","Ezeiza","0130MS0003","AMBA","Estatal","Oficial","3.1.Secundaria",1027,32,"22.2","Secundaria",22.2,691,0.784833015193306,1.27415638822699
"03","La Matanza","0069MS0034","AMBA","Estatal","Oficial","3.1.Secundaria",785,36,"22.3","Secundaria",22.3,691,0.599896705868301,1.66695364421544
"09","Moreno","0073MT0002","AMBA","Estatal","Oficial","3.2.Secundaria ETP",1789,58,"22.4","Secundaria",22.4,691,1,1
"11","Escobar","0116MS0004","AMBA","Estatal","Oficial","3.1.Secundaria",848,27,"22.4","Secundaria",22.4,691,0.648041282262827,1.54311156923245
"02","Avellaneda","0005MT0004","AMBA","Estatal","Oficial","3.2.Secundaria ETP",845,28,"22.6","Secundaria",22.6,691,0.645748683386897,1.54859007184511
"05","Esteban Echeverría","0030MS0063","AMBA","Estatal","Oficial","3.1.Secundaria",428,12,"22.9","Secundaria",22.9,691,0.327077439632653,3.05737993156336
"03","La Matanza","0069MS0001","AMBA","Estatal","Oficial","3.1.Secundaria",1092,48,"22.9","Secundaria",22.9,691,0.834505990838452,1.19831374607062
"09","Moreno","0073MS0002","AMBA","Estatal","Oficial","3.1.Secundaria",1016,36,"23.1","Secundaria",23.1,691,0.776426819314897,1.28795138849323
"02","Avellaneda","0005MS0035","AMBA","Estatal","Oficial","3.1.Secundaria",661,23,"23.2","Secundaria",23.2,691,0.505135952329869,1.97966506915146
"04","Florencio Varela","0032MS0045","AMBA","Estatal","Oficial","3.1.Secundaria",521,19,"23.4","Secundaria",23.4,691,0.398148004786478,2.51162881134188
"01","La Plata","0001MS0083","AMBA","Estatal","Oficial","3.1.Secundaria",315,12,"23.6","Secundaria",23.6,691,0.24072288197263,4.15415431971148
"05","Ezeiza","0130MS0006","AMBA","Estatal","Oficial","3.1.Secundaria",493,15,"23.9","Secundaria",23.9,691,0.376750415277799,2.65427710082985
"09","Moreno","0073MS0084","AMBA","Estatal","Oficial","3.1.Secundaria",477,15,"24","Secundaria",24,691,0.36452322127284,2.74330945641324
"07","Tres de Febrero","0117MS0002","AMBA","Estatal","Oficial","3.1.Secundaria",1201,57,"24.4","Secundaria",24.4,691,0.917803749997235,1.08955754430401
"09","José C. Paz","0132MS0012","AMBA","Estatal","Oficial","3.1.Secundaria",493,18,"24.5","Secundaria",24.5,691,0.376750415277799,2.65427710082985
"03","La Matanza","0069MS0163","AMBA","Estatal","Oficial","3.1.Secundaria",621,20,"24.6","Secundaria",24.6,691,0.474567967317471,2.10717972738988
"11","Campana","0015MS0003","AMBA","Estatal","Oficial","3.1.Secundaria",768,28,"24.7","Secundaria",24.7,691,0.586905312238032,1.70385235769416
"02","Avellaneda","0005MS0010","AMBA","Estatal","Oficial","3.1.Secundaria",697,35,"25","Secundaria",25,691,0.532647138841027,1.87741551034307
"11","Campana","0015MS0015","AMBA","Estatal","Oficial","3.1.Secundaria",340,15,"25","Secundaria",25,691,0.259827872605379,3.84870179620329
"04","Florencio Varela","0032MS0059","AMBA","Estatal","Oficial","3.1.Secundaria",390,12,"25","Secundaria",25,691,0.298037853870876,3.35527848899774
"04","Florencio Varela","0032MT0002","AMBA","Estatal","Oficial","3.2.Secundaria ETP",1630,56,"25","Secundaria",25,691,1,1
"11","Zárate","0047MT0004","AMBA","Estatal","Oficial","3.2.Secundaria ETP",604,21,"25","Secundaria",25,691,0.461576573687202,2.1664877660747
"02","Lomas de Zamora","0062MS0015","AMBA","Estatal","Oficial","3.1.Secundaria",563,29,"25","Secundaria",25,691,0.430244389049495,2.32426040978529
"02","Lomas de Zamora","0062MS0056","AMBA","Estatal","Oficial","3.1.Secundaria",414,16,"25","Secundaria",25,691,0.316378644878314,3.16076959108482
"02","Lomas de Zamora","0062MS0084","AMBA","Estatal","Oficial","3.1.Secundaria",347,12,"25","Secundaria",25,691,0.265177269982548,3.77106227870063
"03","La Matanza","0069MS0068","AMBA","Estatal","Oficial","3.1.Secundaria",508,18,"25","Secundaria",25,691,0.388213409657448,2.57590277698645
"03","La Matanza","0069MS0115","AMBA","Estatal","Oficial","3.1.Secundaria",605,24,"25","Secundaria",25,691,0.462340773312512,2.16290679456052
"03","La Matanza","0069MS2560","AMBA","Estatal","Oficial","3.1.Secundaria",396,14,"25","Secundaria",25,691,0.302623051622735,3.30444093613413
"03","La Matanza","0069MT0013","AMBA","Estatal","Oficial","3.2.Secundaria ETP",1219,33,"25","Secundaria",25,691,0.931559343252814,1.07346891772692
"04","Quilmes","0085MS0006","AMBA","Estatal","Oficial","3.1.Secundaria",732,30,"25","Secundaria",25,691,0.559394125726874,1.78764837528568
"04","Quilmes","0085MT0002","AMBA","Estatal","Oficial","3.2.Secundaria ETP",1683,63,"25","Secundaria",25,691,1,1
"06","San Fernando","0095MS0019","AMBA","Estatal","Oficial","3.1.Secundaria",293,12,"25","Secundaria",25,691,0.223910490215812,4.46607034371712
"05","Ezeiza","0130MS0007","AMBA","Estatal","Oficial","3.1.Secundaria",458,14,"25","Secundaria",25,691,0.350003428391951,2.85711487054392
"09","Malvinas Argentinas","0133MS0041","AMBA","Estatal","Oficial","3.1.Secundaria",460,16,"25","Secundaria",25,691,0.351531827642571,2.84469263197634
"05","Esteban Echeverría","0030MS0003","AMBA","Estatal","Oficial","3.1.Secundaria",897,40,"25.5","Secundaria",25.5,691,0.685487063903014,1.45881673434684
"03","La Matanza","0069MS0067","AMBA","Estatal","Oficial","3.1.Secundaria",604,24,"25.5","Secundaria",25.5,691,0.461576573687202,2.1664877660747
"01","Ensenada","0114MS0005","AMBA","Estatal","Oficial","3.1.Secundaria",103,6,"25.7","Secundaria",25.7,691,0.0787125614069236,12.7044525311565
"02","Lomas de Zamora","0062MS2800","AMBA","Estatal","Oficial","3.1.Secundaria",337,12,"26","Secundaria",26,691,0.257535273729449,3.88296323652557
"01","La Plata","0001MS0094","AMBA","Estatal","Oficial","3.1.Secundaria",312,12,"26.4","Secundaria",26.4,691,0.238430283096701,4.19409811124717
"03","La Matanza","0069MS0003","AMBA","Estatal","Oficial","3.1.Secundaria",646,25,"26.5","Secundaria",26.5,691,0.49367295795022,2.02563252431752
"03","La Matanza","0069MS0156","AMBA","Estatal","Oficial","3.1.Secundaria",567,24,"26.7","Secundaria",26.7,691,0.433301187550735,2.30786351095082
"02","Avellaneda","0005MS0005","AMBA","Estatal","Oficial","3.1.Secundaria",792,35,"26.8","Secundaria",26.8,691,0.605246103245471,1.65222046806707
"05","Esteban Echeverría","0030MS0040","AMBA","Estatal","Oficial","3.1.Secundaria",305,12,"27.1","Secundaria",27.1,691,0.233080885719531,4.29035610068563
"08","Merlo","0071MT0004","AMBA","Estatal","Oficial","3.2.Secundaria ETP",632,23,"27.2","Secundaria",27.2,691,0.482974163195881,2.07050413086886
"06","San Fernando","0095MS0001","AMBA","Estatal","Oficial","3.1.Secundaria",591,27,"27.5","Secundaria",27.5,691,0.451641978558173,2.21414316532846
"06","Tigre","0055MS0009","AMBA","Estatal","Oficial","3.1.Secundaria",1270,55,"28","Secundaria",28,691,0.970533524143621,1.03036111079458
"09","San Miguel","0131MS0035","AMBA","Estatal","Oficial","3.1.Secundaria",300,12,"28.1","Secundaria",28.1,691,0.229259887592981,4.36186203569706
"05","Esteban Echeverría","0030MS0031","AMBA","Estatal","Oficial","3.1.Secundaria",513,17,"28.4","Secundaria",28.4,691,0.392034407783998,2.55079651210354
"05","Esteban Echeverría","0030MS0021","AMBA","Estatal","Oficial","3.1.Secundaria",722,26,"28.8","Secundaria",28.8,691,0.551752129473775,1.81240804807357
"03","La Matanza","0069MS0128","AMBA","Estatal","Oficial","3.1.Secundaria",344,17,"28.9","Secundaria",28.9,691,0.262884671106619,3.80394944973581
"10","Cañuelas","0016MS0002","AMBA","Estatal","Oficial","3.1.Secundaria",635,19,"29.2","Secundaria",29.2,691,0.48526676207181,2.06072222158916
"02","Lomas de Zamora","0062MS0033","AMBA","Estatal","Oficial","3.1.Secundaria",776,25,"29.2","Secundaria",29.2,691,0.593018909240512,1.68628686947051
"03","La Matanza","0069MS0142","AMBA","Estatal","Oficial","3.1.Secundaria",856,31,"29.2","Secundaria",29.2,691,0.654154879265307,1.52868996578168
"09","Moreno","0073MS0011","AMBA","Estatal","Oficial","3.1.Secundaria",625,21,"29.2","Secundaria",29.2,691,0.477624765818711,2.09369377713459
"11","Escobar","0116MT0004","AMBA","Estatal","Oficial","3.2.Secundaria ETP",1212,43,"29.3","Secundaria",29.3,691,0.926209945875645,1.07966882071709
"01","Brandsen","0014MT0001","AMBA","Estatal","Oficial","3.2.Secundaria ETP",1039,42,"29.4","Secundaria",29.4,691,0.794003410697025,1.25944043379126
"09","Moreno","0073MS0029","AMBA","Estatal","Oficial","3.1.Secundaria",490,18,"29.6","Secundaria",29.6,691,0.374457816401869,2.67052777695738
"02","Lomas de Zamora","0062MS0090","AMBA","Estatal","Oficial","3.1.Secundaria",261,12,"29.9","Secundaria",29.9,691,0.199456102205894,5.01363452378972
"05","Ezeiza","0130MS0009","AMBA","Estatal","Oficial","3.1.Secundaria",845,21,"30.2","Secundaria",30.2,691,0.645748683386897,1.54859007184511
"06","Tigre","0055MS0034","AMBA","Estatal","Oficial","3.1.Secundaria",310,12,"30.6","Secundaria",30.6,691,0.236901883846081,4.22115680873909
"05","San Vicente","0099MS0008","AMBA","Estatal","Oficial","3.1.Secundaria",387,11,"30.8","Secundaria",30.8,691,0.295745254994946,3.38128839976516
"04","Florencio Varela","0032MS0016","AMBA","Estatal","Oficial","3.1.Secundaria",489,16,"31.2","Secundaria",31.2,691,0.37369361677656,2.67598897895525
"02","Lomas de Zamora","0062MS0021","AMBA","Estatal","Oficial","3.1.Secundaria",1450,62,"31.3","Secundaria",31.3,691,1,1
"01","La Plata","0001MS0086","AMBA","Estatal","Oficial","3.1.Secundaria",626,18,"31.5","Secundaria",31.5,691,0.478388965444021,2.09034921838517
"02","Lomas de Zamora","0062MS0006","AMBA","Estatal","Oficial","3.1.Secundaria",639,33,"31.8","Secundaria",31.8,691,0.48832356057305,2.04782255197045
"04","Florencio Varela","0032MS0002","AMBA","Estatal","Oficial","3.1.Secundaria",999,36,"31.9","Secundaria",31.9,691,0.763435425684628,1.30986847918831
"09","Moreno","0073MS0004","AMBA","Estatal","Oficial","3.1.Secundaria",860,35,"32.4","Secundaria",32.4,691,0.657211677766546,1.52157977989432
"01","Berisso","0113MS0010","AMBA","Estatal","Oficial","3.1.Secundaria",136,6,"32.6","Secundaria",32.6,691,0.103931149042152,9.62175449050821
"01","Brandsen","0014MS0012","AMBA","Estatal","Oficial","3.1.Secundaria",114,6,"33.299999999999997","Secundaria",33.3,691,0.0871187572853329,11.4785843044659
"10","General Rodríguez","0044MS0017","AMBA","Estatal","Oficial","3.1.Secundaria",801,25,"33.299999999999997","Secundaria",33.3,691,0.61212389987326,1.63365619314497
"02","Lomas de Zamora","0062MS0024","AMBA","Estatal","Oficial","3.1.Secundaria",655,23,"33.299999999999997","Secundaria",33.3,691,0.500550754578009,1.99779940566277
"03","La Matanza","0069MS0056","AMBA","Estatal","Oficial","3.1.Secundaria",450,15,"33.299999999999997","Secundaria",33.3,691,0.343889831389472,2.90790802379804
"03","La Matanza","0069MS0085","AMBA","Estatal","Oficial","3.1.Secundaria",369,14,"33.299999999999997","Secundaria",33.3,691,0.281989661739367,3.54622929731468
"03","La Matanza","0069MS0160","AMBA","Estatal","Oficial","3.1.Secundaria",286,13,"33.299999999999997","Secundaria",33.3,691,0.218561092838642,4.57537975772419
"05","Ezeiza","0130MS0021","AMBA","Estatal","Oficial","3.1.Secundaria",662,17,"33.6","Secundaria",33.6,691,0.505900151955179,1.97667463853341
"05","Esteban Echeverría","0030MS0019","AMBA","Estatal","Oficial","3.1.Secundaria",314,16,"34.1","Secundaria",34.1,691,0.23995868234732,4.16738411053859
"03","La Matanza","0069MS0152","AMBA","Estatal","Oficial","3.1.Secundaria",628,25,"34.299999999999997","Secundaria",34.3,691,0.479917364694641,2.0836920552693
"10","Luján","0063MS0007","AMBA","Estatal","Oficial","3.1.Secundaria",727,30,"34.4","Secundaria",34.4,691,0.555573127600325,1.79994306837568
"03","La Matanza","0069MS0190","AMBA","Estatal","Oficial","3.1.Secundaria",467,15,"34.4","Secundaria",34.4,691,0.356881225019741,2.80205269959126
"01","La Plata","0001MS0071","AMBA","Estatal","Oficial","3.1.Secundaria",261,12,"34.700000000000003","Secundaria",34.7,691,0.199456102205894,5.01363452378972
"09","Moreno","0073MS0054","AMBA","Estatal","Oficial","3.1.Secundaria",590,17,"35.299999999999997","Secundaria",35.3,691,0.450877778932863,2.21789595035444
"09","José C. Paz","0132MS0015","AMBA","Estatal","Oficial","3.1.Secundaria",672,22,"35.4","Secundaria",35.4,691,0.513542148208278,1.94725983736476
"04","Quilmes","0085MS0071","AMBA","Estatal","Oficial","3.1.Secundaria",188,6,"36.1","Secundaria",36.1,691,0.143669529558268,6.96041814206977
"03","La Matanza","0069MS2510","AMBA","Estatal","Oficial","3.1.Secundaria",331,12,"36.799999999999997","Secundaria",36.8,691,0.252950075977589,3.95334927706682
"03","La Matanza","0069MS0169","AMBA","Estatal","Oficial","3.1.Secundaria",511,18,"37","Secundaria",37,691,0.390506008533378,2.56078006009612
"02","Lomas de Zamora","0062MS0075","AMBA","Estatal","Oficial","3.1.Secundaria",403,14,"37.5","Secundaria",37.5,691,0.307972448999905,3.24704369903007
"05","Esteban Echeverría","0030MS0014","AMBA","Estatal","Oficial","3.1.Secundaria",1135,42,"37.700000000000003","Secundaria",37.7,691,0.867366574726779,1.15291507551464
"09","Malvinas Argentinas","0133MS0038","AMBA","Estatal","Oficial","3.1.Secundaria",360,12,"39.6","Secundaria",39.6,691,0.275111865111578,3.63488502974755
"01","La Plata","0001MS0084","AMBA","Estatal","Oficial","3.1.Secundaria",236,9,"39.799999999999997","Secundaria",39.8,691,0.180351111573145,5.54473987588609
"02","Lomas de Zamora","0062MS0085","AMBA","Estatal","Oficial","3.1.Secundaria",297,12,"40.299999999999997","Secundaria",40.3,691,0.226967288717051,4.40592124817885
"09","Moreno","0073MS0069","AMBA","Estatal","Oficial","3.1.Secundaria",357,11,"40.9","Secundaria",40.9,691,0.272819266235648,3.66543028209837
"02","Lomas de Zamora","0062MS0023","AMBA","Estatal","Oficial","3.1.Secundaria",363,13,"41.7","Secundaria",41.7,691,0.277404463987507,3.60484465760087
"02","Lomas de Zamora","0062MS2060","AMBA","Estatal","Oficial","3.1.Secundaria",151,6,"41.7","Secundaria",41.7,691,0.115394143421801,8.66595106429879
"03","La Matanza","0069MS0129","AMBA","Estatal","Oficial","3.1.Secundaria",298,14,"41.7","Secundaria",41.7,691,0.227731488342361,4.39113627754737
"03","La Matanza","0069MS0143","AMBA","Estatal","Oficial","3.1.Secundaria",464,19,"41.9","Secundaria",41.9,691,0.354588626143811,2.82016941963172
"02","Lomas de Zamora","0062MS0071","AMBA","Estatal","Oficial","3.1.Secundaria",618,25,"43.4","Secundaria",43.4,691,0.472275368441541,2.11740875519275
"02","Lomas de Zamora","0062MT0001","AMBA","Estatal","Oficial","3.2.Secundaria ETP",1055,33,"43.6","Secundaria",43.6,691,0.806230604701984,1.24033991536409
"02","Lomas de Zamora","0062MS0070","AMBA","Estatal","Oficial","3.1.Secundaria",707,24,"43.8","Secundaria",43.8,691,0.540289135094126,1.85086083551502
"10","Luján","0063MS0009","AMBA","Estatal","Oficial","3.1.Secundaria",835,33,"43.9","Secundaria",43.9,691,0.638106687133798,1.56713606072948
"03","La Matanza","0069MS0135","AMBA","Estatal","Oficial","3.1.Secundaria",345,18,"44.9","Secundaria",44.9,691,0.263648870731928,3.79292350930179
"10","Luján","0063MT0001","AMBA","Estatal","Oficial","3.2.Secundaria ETP",1370,48,"45.5","Secundaria",45.5,691,1,1
"05","Ezeiza","0130MS0002","AMBA","Estatal","Oficial","3.1.Secundaria",2136,66,"46.3","Secundaria",46.3,691,1,1
"10","General Rodríguez","0044MS0008","AMBA","Estatal","Oficial","3.1.Secundaria",575,16,"46.9","Secundaria",46.9,691,0.439414784553214,2.27575410558107
"02","Lomas de Zamora","0062MS0029","AMBA","Estatal","Oficial","3.1.Secundaria",349,12,"47.9","Secundaria",47.9,691,0.266705669233168,3.74945160661638
"01","La Plata","0001MS0011","AMBA","Estatal","Oficial","3.1.Secundaria",235,12,"48.3","Secundaria",48.3,691,0.179586911947835,5.56833451365582
"01","La Plata","0001MS0003","AMBA","Estatal","Oficial","3.1.Secundaria",1136,41,"49.4","Secundaria",49.4,691,0.868130774352089,1.15190018548338
"01","La Plata","0001MS2280","AMBA","Estatal","Oficial","3.1.Secundaria",302,12,"50","Secundaria",50,691,0.230788286843601,4.3329755321494
"10","General Rodríguez","0044MS0003","AMBA","Estatal","Oficial","3.1.Secundaria",637,23,"50","Secundaria",50,691,0.48679516132243,2.05425213612106
"03","La Matanza","0069MS0136","AMBA","Estatal","Oficial","3.1.Secundaria",408,16,"50","Secundaria",50,691,0.311793447126455,3.20725149683607
"09","José C. Paz","0132MS0017","AMBA","Estatal","Oficial","3.1.Secundaria",666,21,"50","Secundaria",50,691,0.508956950456419,1.96480271878246
"05","Esteban Echeverría","0030MS0006","AMBA","Estatal","Oficial","3.1.Secundaria",771,30,"50.3","Secundaria",50.3,691,0.589197911113962,1.69722258198329
"06","Tigre","0055MS0019","AMBA","Estatal","Oficial","3.1.Secundaria",955,34,"50.4","Secundaria",50.4,691,0.72981064217099,1.37021844053311
"03","La Matanza","0069MS0023","AMBA","Estatal","Oficial","3.1.Secundaria",959,37,"53.6","Secundaria",53.6,691,0.73286744067223,1.36450324370085
"03","La Matanza","0069MS0028","AMBA","Estatal","Oficial","3.1.Secundaria",1081,37,"53.8","Secundaria",53.8,691,0.826099794960043,1.21050750296866
"03","La Matanza","0069MS0031","AMBA","Estatal","Oficial","3.1.Secundaria",581,33,"55.1","Secundaria",55.1,691,0.443999982305074,2.25225234201225
"11","Escobar","0116MT0002","AMBA","Estatal","Oficial","3.2.Secundaria ETP",1360,48,"56.9","Secundaria",56.9,691,1,1
"10","Cañuelas","0016MS0005","AMBA","Estatal","Oficial","3.1.Secundaria",580,18,"58.3","Secundaria",58.3,691,0.443235782679764,2.25613553570537
"03","La Matanza","0069MS0148","AMBA","Estatal","Oficial","3.1.Secundaria",305,13,"58.3","Secundaria",58.3,691,0.233080885719531,4.29035610068563
"03","La Matanza","0069MS0112","AMBA","Estatal","Oficial","3.1.Secundaria",223,12,"59","Secundaria",59,691,0.170416516444116,5.86797583277631
"01","La Plata","0001MS0090","AMBA","Estatal","Oficial","3.1.Secundaria",387,15,"61.9","Secundaria",61.9,691,0.295745254994946,3.38128839976516
"01","La Plata","0001MS0026","AMBA","Estatal","Oficial","3.1.Secundaria",678,30,"66.7","Secundaria",66.7,691,0.518127345960138,1.93002744942348
"01","Ensenada","0114MS0006","AMBA","Estatal","Oficial","3.1.Secundaria",239,12,"71.900000000000006","Secundaria",71.9,691,0.182643710449075,5.47514063058208
"09","San Miguel","0131MS0029","AMBA","Estatal","Oficial","3.1.Secundaria",337,12,"0","Secundaria",0,691,0.257535273729449,3.88296323652557
"03","La Matanza","0069MS0125","AMBA","Estatal","Oficial","3.1.Secundaria",604,24,"0","Secundaria",0,691,0.461576573687202,2.1664877660747
"01","La Plata","0001MS0028","AMBA","Estatal","Oficial","3.1.Secundaria",333,16,"26","Secundaria",26,691,0.254478475228209,3.92960543756492
"04","Quilmes","0085MS0062","AMBA","Estatal","Oficial","3.1.Secundaria",192,6,"6.2","Secundaria",6.2,691,0.146726328059508,6.81540943077665
"09","San Miguel","0131MS0023","AMBA","Estatal","Oficial","3.1.Secundaria",566,16,"0","Secundaria",0,691,0.432536987925425,2.31194100831999
"07","General San Martín","0045MS0056","AMBA","Estatal","Oficial","3.1.Secundaria",224,8,"0","Secundaria",0,691,0.171180716069426,5.84177951209427
"01","La Plata","4001MS1947","AMBA","Privado","Privada","3.1.Secundaria",338,12,"NA","Secundaria",NA,417,0.317501008057704,3.14959629929193
"01","La Plata","4001MS3474","AMBA","Privado","Privada","3.1.Secundaria",467,15,"NA","Secundaria",NA,417,0.438677428292744,2.27957933439116
"01","La Plata","4001MS4001","AMBA","Privado","Privada","3.1.Secundaria",149,6,"NA","Secundaria",NA,417,0.139963462131946,7.14472180644746
"01","La Plata","4001MS4005","AMBA","Privado","Privada","3.1.Secundaria",356,12,"NA","Secundaria",NA,417,0.334409345764919,2.99034704820413
"01","La Plata","4001MS4007","AMBA","Privado","Privada","3.1.Secundaria",620,18,"NA","Secundaria",NA,417,0.582398298804072,1.71703798251721
"01","La Plata","4001MS4010","AMBA","Privado","Privada","3.1.Secundaria",946,30,"NA","Secundaria",NA,417,0.888627081723632,1.12533144731572
"01","La Plata","4001MS4013","AMBA","Privado","Privada","3.1.Secundaria",264,11,"NA","Secundaria",NA,417,0.247988953039153,4.03243768621466
"01","La Plata","4001MS4016","AMBA","Privado","Privada","3.1.Secundaria",408,15,"NA","Secundaria",NA,417,0.383255654696873,2.60922438519772
"01","La Plata","4001MS4020","AMBA","Privado","Privada","3.1.Secundaria",225,9,"NA","Secundaria",NA,417,0.211354221340187,4.73139355182521
"01","La Plata","4001MS4023","AMBA","Privado","Privada","3.1.Secundaria",515,15,"NA","Secundaria",NA,417,0.483766328845318,2.06711368769062
"01","La Plata","4001MS4038","AMBA","Privado","Privada","3.1.Secundaria",388,15,"NA","Secundaria",NA,417,0.364468612799968,2.7437204875275
"01","La Plata","4001MS5276","AMBA","Privado","Privada","3.1.Secundaria",168,6,"NA","Secundaria",NA,417,0.157811151934007,6.33668779262304
"01","La Plata","4001MS6517","AMBA","Privado","Privada","3.1.Secundaria",359,12,"NA","Secundaria",NA,417,0.337227402049455,2.96535807565647
"01","La Plata","4001MS6938","AMBA","Privado","Privada","3.1.Secundaria",317,12,"NA","Secundaria",NA,417,0.297774614065953,3.35824463457625
"01","La Plata","4001MS6949","AMBA","Privado","Privada","3.1.Secundaria",320,12,"NA","Secundaria",NA,417,0.300592670350489,3.3267610911271
"01","La Plata","4001MS6979","AMBA","Privado","Privada","3.1.Secundaria",418,12,"NA","Secundaria",NA,417,0.392649175645326,2.54680274918821
"01","La Plata","4001MS6987","AMBA","Privado","Privada","3.1.Secundaria",424,15,"NA","Secundaria",NA,417,0.398285288214398,2.51076308764309
"01","La Plata","4001MS7033","AMBA","Privado","Privada","3.1.Secundaria",340,12,"NA","Secundaria",NA,417,0.319379712247394,3.13106926223727
"01","La Plata","4001MS7074","AMBA","Privado","Privada","3.1.Secundaria",511,18,"NA","Secundaria",NA,417,0.480008920465937,2.08329461675278
"01","La Plata","4001MS7344","AMBA","Privado","Privada","3.1.Secundaria",497,16,"NA","Secundaria",NA,417,0.466857991138103,2.14197897215427
"01","La Plata","4001MS7654","AMBA","Privado","Privada","3.1.Secundaria",215,6,"NA","Secundaria",NA,417,0.201960700391735,4.95145836818917
"01","La Plata","4001MS7696","AMBA","Privado","Privada","3.1.Secundaria",526,18,"NA","Secundaria",NA,417,0.494099201888616,2.02388507444995
"01","La Plata","4001MS7811","AMBA","Privado","Privada","3.1.Secundaria",195,6,"NA","Secundaria",NA,417,0.183173658494829,5.45930025210601
"01","La Plata","4001MS8679","AMBA","Privado","Privada","3.1.Secundaria",142,6,"NA","Secundaria",NA,417,0.133387997468029,7.49692640253994
"01","La Plata","4001MS8981","AMBA","Privado","Privada","3.1.Secundaria",45,2,"NA","Secundaria",NA,417,0.0422708442680375,23.656967759126
"05","Almirante Brown","4004BS7278","AMBA","Privado","Privada","3.1.Secundaria",347,9,"NA","Secundaria",NA,417,0.325955176911311,3.06790648173104
"05","Almirante Brown","4004MM9019","AMBA","Privado","Privada","3.1.Secundaria",152,6,"NA","Secundaria",NA,417,0.142781518416482,7.00370756026757
"05","Almirante Brown","4004MS4057","AMBA","Privado","Privada","3.1.Secundaria",553,18,"NA","Secundaria",NA,417,0.519461708449438,1.9250697091513
"05","Almirante Brown","4004MS4065","AMBA","Privado","Privada","3.1.Secundaria",427,12,"NA","Secundaria",NA,417,0.401103344498933,2.49312306595005
"05","Almirante Brown","4004MS4076","AMBA","Privado","Privada","3.1.Secundaria",717,19,"NA","Secundaria",NA,417,0.673515452004064,1.48474693048908
"05","Almirante Brown","4004MS4084","AMBA","Privado","Privada","3.1.Secundaria",651,24,"NA","Secundaria",NA,417,0.611518213744276,1.63527426906401
"05","Almirante Brown","4004MS4622","AMBA","Privado","Privada","3.1.Secundaria",562,18,"NA","Secundaria",NA,417,0.527915877303046,1.89424119067735
"05","Almirante Brown","4004MS5116","AMBA","Privado","Privada","3.1.Secundaria",1044,30,"NA","Secundaria",NA,417,0.980683587018469,1.01969688616923
"05","Almirante Brown","4004MS5684","AMBA","Privado","Privada","3.1.Secundaria",486,18,"NA","Secundaria",NA,417,0.456525118094805,2.19045997769685
"05","Almirante Brown","4004MS6891","AMBA","Privado","Privada","3.1.Secundaria",176,6,"NA","Secundaria",NA,417,0.165325968692769,6.048656529322
"05","Almirante Brown","4004MS6962","AMBA","Privado","Privada","3.1.Secundaria",383,12,"NA","Secundaria",NA,417,0.359771852325741,2.77953929284771
"05","Almirante Brown","4004MS7143","AMBA","Privado","Privada","3.1.Secundaria",451,14,"NA","Secundaria",NA,417,0.42364779477522,2.3604513285159
"05","Almirante Brown","4004MS7382","AMBA","Privado","Privada","3.1.Secundaria",379,12,"NA","Secundaria",NA,417,0.35601444394636,2.80887479989623
"05","Almirante Brown","4004MS7766","AMBA","Privado","Privada","3.1.Secundaria",340,12,"NA","Secundaria",NA,417,0.319379712247394,3.13106926223727
"05","Almirante Brown","4004MS7769","AMBA","Privado","Privada","3.1.Secundaria",622,18,"NA","Secundaria",NA,417,0.584277002993762,1.71151696006539
"05","Almirante Brown","4004MS7810","AMBA","Privado","Privada","3.1.Secundaria",143,6,"NA","Secundaria",NA,417,0.134327349562875,7.44450034378092
"05","Almirante Brown","4004MS8435","AMBA","Privado","Privada","3.1.Secundaria",234,6,"NA","Secundaria",NA,417,0.219808390193795,4.54941687675501
"05","Almirante Brown","4004MT4073","AMBA","Privado","Privada","3.2.Secundaria ETP",225,7,"NA","Secundaria",NA,417,0.211354221340187,4.73139355182521
"02","Avellaneda","4005MM7738","AMBA","Privado","Privada","3.1.Secundaria",1127,6,"NA","Secundaria",NA,417,1,1
"02","Avellaneda","4005MS4089","AMBA","Privado","Privada","3.1.Secundaria",613,18,"NA","Secundaria",NA,417,0.575822834140155,1.73664526779881
"02","Avellaneda","4005MS4092","AMBA","Privado","Privada","3.1.Secundaria",673,18,"NA","Secundaria",NA,417,0.632183959830872,1.58181805224468
"02","Avellaneda","4005MS4096","AMBA","Privado","Privada","3.1.Secundaria",420,15,"NA","Secundaria",NA,417,0.394527879835016,2.53467511704922
"02","Avellaneda","4005MS4104","AMBA","Privado","Privada","3.1.Secundaria",609,18,"NA","Secundaria",NA,417,0.572065425760774,1.74805180486153
"02","Avellaneda","4005MS4986","AMBA","Privado","Privada","3.1.Secundaria",434,12,"NA","Secundaria",NA,417,0.40767880916285,2.45291140359602
"02","Avellaneda","4005MS6257","AMBA","Privado","Privada","3.1.Secundaria",687,20,"NA","Secundaria",NA,417,0.645334889158705,1.54958304099079
"02","Avellaneda","4005MS6654","AMBA","Privado","Privada","3.1.Secundaria",537,17,"NA","Secundaria",NA,417,0.504432074931914,1.98242746584855
"02","Avellaneda","4005MS6909","AMBA","Privado","Privada","3.1.Secundaria",351,12,"NA","Secundaria",NA,417,0.329712585290692,3.03294458450334
"02","Avellaneda","4005MS7058","AMBA","Privado","Privada","3.1.Secundaria",696,21,"NA","Secundaria",NA,417,0.653789058012313,1.52954532925384
"02","Avellaneda","4005MS7101","AMBA","Privado","Privada","3.1.Secundaria",419,12,"NA","Secundaria",NA,417,0.393588527740171,2.54072446100399
"02","Avellaneda","4005MS7781","AMBA","Privado","Privada","3.1.Secundaria",177,6,"NA","Secundaria",NA,417,0.166265320787614,6.01448332859136
"02","Avellaneda","4005MS9002","AMBA","Privado","Privada","3.1.Secundaria",1,NA,"NA","Secundaria",NA,417,0.000939352094845277,1064.56354916067
"11","Campana","4015MM6062","AMBA","Privado","Privada","3.1.Secundaria",298,6,"NA","Secundaria",NA,417,0.279926924263893,3.57236090322373
"11","Campana","4015MS5134","AMBA","Privado","Privada","3.1.Secundaria",325,12,"NA","Secundaria",NA,417,0.305289430824715,3.2755801512636
"11","Campana","4015MS8240","AMBA","Privado","Privada","3.1.Secundaria",305,12,"NA","Secundaria",NA,417,0.28650238892781,3.49037229233007
"11","Campana","4015MT8191","AMBA","Privado","Privada","3.2.Secundaria ETP",472,14,"NA","Secundaria",NA,417,0.443374188766971,2.25543124822176
"10","Cañuelas","4016MS2348","AMBA","Privado","Privada","3.1.Secundaria",736,24,"NA","Secundaria",NA,417,0.691363141806124,1.44641786570743
"05","Esteban Echeverría","4030MM3303","AMBA","Privado","Privada","3.1.Secundaria",340,12,"NA","Secundaria",NA,417,0.319379712247394,3.13106926223727
"05","Esteban Echeverría","4030MS4175","AMBA","Privado","Privada","3.1.Secundaria",288,12,"NA","Secundaria",NA,417,0.27053340331544,3.69640121236344
"05","Esteban Echeverría","4030MS4179","AMBA","Privado","Privada","3.1.Secundaria",736,24,"NA","Secundaria",NA,417,0.691363141806124,1.44641786570743
"05","Esteban Echeverría","4030MS4184","AMBA","Privado","Privada","3.1.Secundaria",562,18,"NA","Secundaria",NA,417,0.527915877303046,1.89424119067735
"05","Esteban Echeverría","4030MS6194","AMBA","Privado","Privada","3.1.Secundaria",331,12,"NA","Secundaria",NA,417,0.310925543393787,3.21620407601411
"05","Esteban Echeverría","4030MS7120","AMBA","Privado","Privada","3.1.Secundaria",576,18,"NA","Secundaria",NA,417,0.54106680663088,1.84820060618172
"05","Esteban Echeverría","4030MS7773","AMBA","Privado","Privada","3.1.Secundaria",416,12,"NA","Secundaria",NA,417,0.390770471455635,2.55904699317469
"05","Esteban Echeverría","4030MS8341","AMBA","Privado","Privada","3.1.Secundaria",147,6,"NA","Secundaria",NA,417,0.138084757942256,7.24192890585491
"05","Esteban Echeverría","4030MT4180","AMBA","Privado","Privada","3.2.Secundaria ETP",259,11,"NA","Secundaria",NA,417,0.243292192564927,4.11028397359333
"11","Exaltación de la Cruz","4031MS8077","AMBA","Privado","Privada","3.1.Secundaria",399,12,"NA","Secundaria",NA,417,0.374801485843266,2.66807907057812
"04","Florencio Varela","4032MS3155","AMBA","Privado","Privada","3.1.Secundaria",417,12,"NA","Secundaria",NA,417,0.391709823550481,2.55291018983374
"04","Florencio Varela","4032MS3252","AMBA","Privado","Privada","3.1.Secundaria",1048,24,"NA","Secundaria",NA,417,0.984440995397851,1.01580491332125
"04","Florencio Varela","4032MS4191","AMBA","Privado","Privada","3.1.Secundaria",777,27,"NA","Secundaria",NA,417,0.72987657769478,1.37009465786444
"04","Florencio Varela","4032MS4192","AMBA","Privado","Privada","3.1.Secundaria",1092,39,"NA","Secundaria",NA,417,1,1
"04","Florencio Varela","4032MS4195","AMBA","Privado","Privada","3.1.Secundaria",370,15,"NA","Secundaria",NA,417,0.347560275092753,2.87719878151533
"04","Florencio Varela","4032MS5725","AMBA","Privado","Privada","3.1.Secundaria",873,27,"NA","Secundaria",NA,417,0.820054378799927,1.21943132779
"04","Florencio Varela","4032MS5726","AMBA","Privado","Privada","3.1.Secundaria",490,15,"NA","Secundaria",NA,417,0.460282526474186,2.17257867175647
"04","Florencio Varela","4032MS6819","AMBA","Privado","Privada","3.1.Secundaria",292,9,"NA","Secundaria",NA,417,0.274290811694821,3.64576557931737
"04","Florencio Varela","4032MS6829","AMBA","Privado","Privada","3.1.Secundaria",363,12,"NA","Secundaria",NA,417,0.340984810428836,2.93268195361067
"04","Florencio Varela","4032MS7725","AMBA","Privado","Privada","3.1.Secundaria",416,12,"NA","Secundaria",NA,417,0.390770471455635,2.55904699317469
"04","Florencio Varela","4032MS8465","AMBA","Privado","Privada","3.1.Secundaria",189,6,"NA","Secundaria",NA,417,0.177537545925757,5.63261137122048
"10","General Rodríguez","4044MA4251","AMBA","Privado","Privada","3.2.Secundaria ETP",164,7,"NA","Secundaria",NA,417,0.154053743554625,6.49124115341873
"10","General Rodríguez","4044MS4249","AMBA","Privado","Privada","3.1.Secundaria",598,18,"NA","Secundaria",NA,417,0.561732552717476,1.78020660394761
"10","General Rodríguez","4044MS6154","AMBA","Privado","Privada","3.1.Secundaria",475,16,"NA","Secundaria",NA,417,0.446192245051507,2.24118641928562
"10","General Rodríguez","4044MS8615","AMBA","Privado","Privada","3.1.Secundaria",285,11,"NA","Secundaria",NA,417,0.267715347030904,3.73531069880937
"07","General San Martín","4045MS4253","AMBA","Privado","Privada","3.1.Secundaria",418,18,"NA","Secundaria",NA,417,0.392649175645326,2.54680274918821
"07","General San Martín","4045MS4255","AMBA","Privado","Privada","3.1.Secundaria",594,18,"NA","Secundaria",NA,417,0.557975144338095,1.79219452720652
"07","General San Martín","4045MS4257","AMBA","Privado","Privada","3.1.Secundaria",992,30,"NA","Secundaria",NA,417,0.931837278086515,1.07314873907326
"07","General San Martín","4045MS4259","AMBA","Privado","Privada","3.1.Secundaria",365,15,"NA","Secundaria",NA,417,0.342863514618526,2.91661246345389
"07","General San Martín","4045MS4265","AMBA","Privado","Privada","3.1.Secundaria",384,18,"NA","Secundaria",NA,417,0.360711204420586,2.77230090927258
"07","General San Martín","4045MS4274","AMBA","Privado","Privada","3.1.Secundaria",404,12,"NA","Secundaria",NA,417,0.379498246317492,2.63505829000166
"07","General San Martín","4045MS6867","AMBA","Privado","Privada","3.1.Secundaria",262,10,"NA","Secundaria",NA,417,0.246110248849463,4.06321965328501
"07","General San Martín","4045MS7050","AMBA","Privado","Privada","3.1.Secundaria",508,18,"NA","Secundaria",NA,417,0.477190864181401,2.09559753771786
"07","General San Martín","4045MS7053","AMBA","Privado","Privada","3.1.Secundaria",1603,54,"NA","Secundaria",NA,417,1,1
"07","General San Martín","4045MS7116","AMBA","Privado","Privada","3.1.Secundaria",179,6,"NA","Secundaria",NA,417,0.168144024977305,5.94728239754565
"07","General San Martín","4045MS7865","AMBA","Privado","Privada","3.1.Secundaria",310,12,"NA","Secundaria",NA,417,0.291199149402036,3.43407596503442
"07","General San Martín","4045MS7927","AMBA","Privado","Privada","3.1.Secundaria",103,6,"NA","Secundaria",NA,417,0.0967532657690636,10.3355684384531
"07","General San Martín","4045MT4264","AMBA","Privado","Privada","3.2.Secundaria ETP",1123,34,"NA","Secundaria",NA,417,1,1
"07","General San Martín","4045MT4281","AMBA","Privado","Privada","3.2.Secundaria ETP",698,25,"NA","Secundaria",NA,417,0.655667762202004,1.52516267788062
"11","Zárate","4047MS4330","AMBA","Privado","Privada","3.1.Secundaria",323,12,"NA","Secundaria",NA,417,0.303410726635025,3.29586238130239
"11","Zárate","4047MS6878","AMBA","Privado","Privada","3.1.Secundaria",576,19,"NA","Secundaria",NA,417,0.54106680663088,1.84820060618172
"11","Zárate","4047MT3302","AMBA","Privado","Privada","3.2.Secundaria ETP",481,21,"NA","Secundaria",NA,417,0.451828357620578,2.21322983193487
"06","Tigre","4055MS2889","AMBA","Privado","Privada","3.1.Secundaria",291,12,"NA","Secundaria",NA,417,0.273351459599976,3.65829398337
"06","Tigre","4055MS4349","AMBA","Privado","Privada","3.1.Secundaria",420,14,"NA","Secundaria",NA,417,0.394527879835016,2.53467511704922
"06","Tigre","4055MS4354","AMBA","Privado","Privada","3.1.Secundaria",406,12,"NA","Secundaria",NA,417,0.381376950507183,2.62207770729229
"06","Tigre","4055MS4357","AMBA","Privado","Privada","3.1.Secundaria",180,9,"NA","Secundaria",NA,417,0.16908337707215,5.91424193978151
"06","Tigre","4055MS4997","AMBA","Privado","Privada","3.1.Secundaria",780,31,"NA","Secundaria",NA,417,0.732694633979316,1.3648250630265
"06","Tigre","4055MS6103","AMBA","Privado","Privada","3.1.Secundaria",449,18,"NA","Secundaria",NA,417,0.421769090585529,2.37096558833112
"06","Tigre","4055MS7062","AMBA","Privado","Privada","3.1.Secundaria",633,22,"NA","Secundaria",NA,417,0.594609876037061,1.68177495917958
"06","Tigre","4055MS7077","AMBA","Privado","Privada","3.1.Secundaria",683,22,"NA","Secundaria",NA,417,0.641577480779324,1.55865819789264
"06","Tigre","4055MS7086","AMBA","Privado","Privada","3.1.Secundaria",489,13,"NA","Secundaria",NA,417,0.459343174379341,2.17702157292571
"06","Tigre","4055MS7744","AMBA","Privado","Privada","3.1.Secundaria",324,12,"NA","Secundaria",NA,417,0.30435007872987,3.28568996654528
"06","Tigre","4055MS7825","AMBA","Privado","Privada","3.1.Secundaria",548,18,"NA","Secundaria",NA,417,0.514764947975212,1.94263421379685
"06","Tigre","4055MS7828","AMBA","Privado","Privada","3.1.Secundaria",315,12,"NA","Secundaria",NA,417,0.295895909876262,3.37956682273229
"06","Tigre","4055MS8132","AMBA","Privado","Privada","3.1.Secundaria",361,12,"NA","Secundaria",NA,417,0.339106106239145,2.94892949906003
"06","Tigre","4055MS8352","AMBA","Privado","Privada","3.1.Secundaria",431,18,"NA","Secundaria",NA,417,0.404860752878314,2.46998503285539
"06","Tigre","4055MS8995","AMBA","Privado","Privada","3.1.Secundaria",444,14,"NA","Secundaria",NA,417,0.417072330111303,2.39766565126277
"06","Tigre","4055MT8318","AMBA","Privado","Privada","3.2.Secundaria ETP",302,12,"NA","Secundaria",NA,417,0.283684332643274,3.52504486477044
"02","Lomas de Zamora","4062MM4383","AMBA","Privado","Privada","3.1.Secundaria",169,6,"NA","Secundaria",NA,417,0.158750504028852,6.29919259858386
"02","Lomas de Zamora","4062MS3144","AMBA","Privado","Privada","3.1.Secundaria",675,23,"NA","Secundaria",NA,417,0.634062664020562,1.57713118394174
"02","Lomas de Zamora","4062MS4379","AMBA","Privado","Privada","3.1.Secundaria",844,24,"NA","Secundaria",NA,417,0.792813168049414,1.26133121938468
"02","Lomas de Zamora","4062MS4380","AMBA","Privado","Privada","3.1.Secundaria",456,18,"NA","Secundaria",NA,417,0.428344555249446,2.33456918675586
"02","Lomas de Zamora","4062MS4384","AMBA","Privado","Privada","3.1.Secundaria",572,17,"NA","Secundaria",NA,417,0.537309398251499,1.86112508594523
"02","Lomas de Zamora","4062MS4388","AMBA","Privado","Privada","3.1.Secundaria",631,21,"NA","Secundaria",NA,417,0.59273117184737,1.68710546618173
"02","Lomas de Zamora","4062MS4389","AMBA","Privado","Privada","3.1.Secundaria",610,24,"NA","Secundaria",NA,417,0.573004777855619,1.74518614616504
"02","Lomas de Zamora","4062MS4392","AMBA","Privado","Privada","3.1.Secundaria",344,12,"NA","Secundaria",NA,417,0.323137120626775,3.09466148011823
"02","Lomas de Zamora","4062MS4394","AMBA","Privado","Privada","3.1.Secundaria",253,12,"NA","Secundaria",NA,417,0.237656079995855,4.20776106387617
"02","Lomas de Zamora","4062MS4400","AMBA","Privado","Privada","3.1.Secundaria",362,12,"NA","Secundaria",NA,417,0.34004545833399,2.94078328497423
"02","Lomas de Zamora","4062MS4404","AMBA","Privado","Privada","3.1.Secundaria",402,15,"NA","Secundaria",NA,417,0.377619542127801,2.64816803273799
"02","Lomas de Zamora","4062MS4411","AMBA","Privado","Privada","3.1.Secundaria",234,12,"NA","Secundaria",NA,417,0.219808390193795,4.54941687675501
"02","Lomas de Zamora","4062MS4418","AMBA","Privado","Privada","3.1.Secundaria",422,20,"NA","Secundaria",NA,417,0.396406584024707,2.52266243876936
"02","Lomas de Zamora","4062MS4710","AMBA","Privado","Privada","3.1.Secundaria",652,29,"NA","Secundaria",NA,417,0.612457565839121,1.63276617969428
"02","Lomas de Zamora","4062MS5685","AMBA","Privado","Privada","3.1.Secundaria",382,12,"NA","Secundaria",NA,417,0.358832500230896,2.78681557371904
"02","Lomas de Zamora","4062MS5728","AMBA","Privado","Privada","3.1.Secundaria",282,9,"NA","Secundaria",NA,417,0.264897290746368,3.77504804666905
"02","Lomas de Zamora","4062MS5735","AMBA","Privado","Privada","3.1.Secundaria",214,6,"NA","Secundaria",NA,417,0.201021348296889,4.97459602411529
"02","Lomas de Zamora","4062MS6653","AMBA","Privado","Privada","3.1.Secundaria",578,21,"NA","Secundaria",NA,417,0.54294551082057,1.84180544837486
"02","Lomas de Zamora","4062MS6858","AMBA","Privado","Privada","3.1.Secundaria",439,12,"NA","Secundaria",NA,417,0.412375569637077,2.42497391608353
"02","Lomas de Zamora","4062MS6989","AMBA","Privado","Privada","3.1.Secundaria",297,12,"NA","Secundaria",NA,417,0.278987572169047,3.58438905441304
"02","Lomas de Zamora","4062MS7140","AMBA","Privado","Privada","3.1.Secundaria",433,13,"NA","Secundaria",NA,417,0.406739457068005,2.45857632600617
"02","Lomas de Zamora","4062MS7682","AMBA","Privado","Privada","3.1.Secundaria",299,12,"NA","Secundaria",NA,417,0.280866276358738,3.56041320789522
"02","Lomas de Zamora","4062MS7688","AMBA","Privado","Privada","3.1.Secundaria",394,12,"NA","Secundaria",NA,417,0.370104725369039,2.70193794203216
"02","Lomas de Zamora","4062MS7966","AMBA","Privado","Privada","3.1.Secundaria",173,6,"NA","Secundaria",NA,417,0.162507912408233,6.1535465269403
"02","Lomas de Zamora","4062MS8384","AMBA","Privado","Privada","3.1.Secundaria",206,11,"NA","Secundaria",NA,417,0.193506531538127,5.16778421922656
"02","Lomas de Zamora","4062MT4405","AMBA","Privado","Privada","3.2.Secundaria ETP",834,28,"NA","Secundaria",NA,417,0.783419647100961,1.27645509491687
"10","Luján","4063MA4437","AMBA","Privado","Privada","3.2.Secundaria ETP",205,7,"NA","Secundaria",NA,417,0.192567179443282,5.19299292273498
"10","Luján","4063MS7346","AMBA","Privado","Privada","3.1.Secundaria",692,18,"NA","Secundaria",NA,417,0.650031649632932,1.53838663173507
"10","Luján","4063MS7910","AMBA","Privado","Privada","3.1.Secundaria",234,6,"NA","Secundaria",NA,417,0.219808390193795,4.54941687675501
"10","Luján","4063MS8621","AMBA","Privado","Privada","3.1.Secundaria",231,11,"NA","Secundaria",NA,417,0.216990333909259,4.60850021281676
"10","Marcos Paz","4067MS3941","AMBA","Privado","Privada","3.1.Secundaria",342,12,"NA","Secundaria",NA,417,0.321258416437085,3.11275891567448
"10","Marcos Paz","4067MS8849","AMBA","Privado","Privada","3.1.Secundaria",186,8,"NA","Secundaria",NA,417,0.174719489641222,5.72345994172404
"03","La Matanza","4069MM2952","AMBA","Privado","Privada","3.1.Secundaria",231,9,"NA","Secundaria",NA,417,0.216990333909259,4.60850021281676
"03","La Matanza","4069MS2703","AMBA","Privado","Privada","3.1.Secundaria",843,24,"NA","Secundaria",NA,417,0.791873815954569,1.26282746045157
"03","La Matanza","4069MS2766","AMBA","Privado","Privada","3.1.Secundaria",1199,38,"NA","Secundaria",NA,417,1,1
"03","La Matanza","4069MS3117","AMBA","Privado","Privada","3.1.Secundaria",854,29,"NA","Secundaria",NA,417,0.802206688997867,1.24656153297503
"03","La Matanza","4069MS3189","AMBA","Privado","Privada","3.1.Secundaria",406,12,"NA","Secundaria",NA,417,0.381376950507183,2.62207770729229
"03","La Matanza","4069MS4451","AMBA","Privado","Privada","3.1.Secundaria",616,18,"NA","Secundaria",NA,417,0.578640890424691,1.72818757980628
"03","La Matanza","4069MS4457","AMBA","Privado","Privada","3.1.Secundaria",889,24,"NA","Secundaria",NA,417,0.835084012317451,1.19748430726735
"03","La Matanza","4069MS4464","AMBA","Privado","Privada","3.1.Secundaria",297,12,"NA","Secundaria",NA,417,0.278987572169047,3.58438905441304
"03","La Matanza","4069MS4467","AMBA","Privado","Privada","3.1.Secundaria",190,10,"NA","Secundaria",NA,417,0.178476898020603,5.60296604821406
"03","La Matanza","4069MS4475","AMBA","Privado","Privada","3.1.Secundaria",311,12,"NA","Secundaria",NA,417,0.292138501496881,3.42303392013078
"03","La Matanza","4069MS4485","AMBA","Privado","Privada","3.1.Secundaria",433,12,"NA","Secundaria",NA,417,0.406739457068005,2.45857632600617
"03","La Matanza","4069MS4489","AMBA","Privado","Privada","3.1.Secundaria",365,12,"NA","Secundaria",NA,417,0.342863514618526,2.91661246345389
"03","La Matanza","4069MS5688","AMBA","Privado","Privada","3.1.Secundaria",686,24,"NA","Secundaria",NA,417,0.64439553706386,1.55184190839748
"03","La Matanza","4069MS5690","AMBA","Privado","Privada","3.1.Secundaria",153,6,"NA","Secundaria",NA,417,0.143720870511327,6.9579316938606
"03","La Matanza","4069MS5692","AMBA","Privado","Privada","3.1.Secundaria",303,10,"NA","Secundaria",NA,417,0.284623684738119,3.51341105333555
"03","La Matanza","4069MS5716","AMBA","Privado","Privada","3.1.Secundaria",490,14,"NA","Secundaria",NA,417,0.460282526474186,2.17257867175647
"03","La Matanza","4069MS5738","AMBA","Privado","Privada","3.1.Secundaria",366,11,"NA","Secundaria",NA,417,0.343802866713371,2.90864357694173
"03","La Matanza","4069MS5741","AMBA","Privado","Privada","3.1.Secundaria",322,12,"NA","Secundaria",NA,417,0.302471374540179,3.30609797875985
"03","La Matanza","4069MS6412","AMBA","Privado","Privada","3.1.Secundaria",352,12,"NA","Secundaria",NA,417,0.330651937385538,3.024328264661
"03","La Matanza","4069MS6551","AMBA","Privado","Privada","3.1.Secundaria",911,24,"NA","Secundaria",NA,417,0.855749758404048,1.16856591565387
"03","La Matanza","4069MS6560","AMBA","Privado","Privada","3.1.Secundaria",217,6,"NA","Secundaria",NA,417,0.203839404581425,4.90582280719203
"03","La Matanza","4069MS6565","AMBA","Privado","Privada","3.1.Secundaria",511,15,"NA","Secundaria",NA,417,0.480008920465937,2.08329461675278
"03","La Matanza","4069MS6635","AMBA","Privado","Privada","3.1.Secundaria",174,6,"NA","Secundaria",NA,417,0.163447264503078,6.11818131701535
"03","La Matanza","4069MS6663","AMBA","Privado","Privada","3.1.Secundaria",488,14,"NA","Secundaria",NA,417,0.458403822284495,2.18148268270629
"03","La Matanza","4069MS6667","AMBA","Privado","Privada","3.1.Secundaria",377,12,"NA","Secundaria",NA,417,0.35413573975667,2.82377599246862
"03","La Matanza","4069MS6670","AMBA","Privado","Privada","3.1.Secundaria",593,18,"NA","Secundaria",NA,417,0.557035792243249,1.79521677767398
"03","La Matanza","4069MS6678","AMBA","Privado","Privada","3.1.Secundaria",518,17,"NA","Secundaria",NA,417,0.486584385129854,2.05514198679666
"03","La Matanza","4069MS6680","AMBA","Privado","Privada","3.1.Secundaria",391,12,"NA","Secundaria",NA,417,0.367286669084503,2.72266892368458
"03","La Matanza","4069MS6683","AMBA","Privado","Privada","3.1.Secundaria",355,12,"NA","Secundaria",NA,417,0.333469993670073,2.99877056101598
"03","La Matanza","4069MS6969","AMBA","Privado","Privada","3.1.Secundaria",385,12,"NA","Secundaria",NA,417,0.361650556515432,2.76510012769006
"03","La Matanza","4069MS7102","AMBA","Privado","Privada","3.1.Secundaria",250,9,"NA","Secundaria",NA,417,0.234838023711319,4.25825419664269
"03","La Matanza","4069MS7107","AMBA","Privado","Privada","3.1.Secundaria",518,15,"NA","Secundaria",NA,417,0.486584385129854,2.05514198679666
"03","La Matanza","4069MS7706","AMBA","Privado","Privada","3.1.Secundaria",377,12,"NA","Secundaria",NA,417,0.35413573975667,2.82377599246862
"03","La Matanza","4069MS7710","AMBA","Privado","Privada","3.1.Secundaria",372,12,"NA","Secundaria",NA,417,0.349438979282443,2.86172997086202
"03","La Matanza","4069MS7715","AMBA","Privado","Privada","3.1.Secundaria",181,6,"NA","Secundaria",NA,417,0.170022729166995,5.88156656994846
"03","La Matanza","4069MS8056","AMBA","Privado","Privada","3.1.Secundaria",430,12,"NA","Secundaria",NA,417,0.403921400783469,2.47572918409458
"03","La Matanza","4069MS8243","AMBA","Privado","Privada","3.1.Secundaria",183,6,"NA","Secundaria",NA,417,0.171901433356686,5.81728715388345
"03","La Matanza","4069MS8501","AMBA","Privado","Privada","3.1.Secundaria",443,12,"NA","Secundaria",NA,417,0.416132978016458,2.40307798907601
"03","La Matanza","4069MS9241","AMBA","Privado","Privada","3.1.Secundaria",129,6,"NA","Secundaria",NA,417,0.121176420235041,8.25243061364862
"03","La Matanza","4069MT4491","AMBA","Privado","Privada","3.2.Secundaria ETP",672,24,"NA","Secundaria",NA,417,0.631244607736026,1.58417194815576
"10","Mercedes","4070MS4493","AMBA","Privado","Privada","3.1.Secundaria",380,12,"NA","Secundaria",NA,417,0.356953796041205,2.80148302410703
"10","Mercedes","4070MS4496","AMBA","Privado","Privada","3.1.Secundaria",452,12,"NA","Secundaria",NA,417,0.424587146870065,2.35522909106343
"08","Merlo","4071MM4502","AMBA","Privado","Privada","3.1.Secundaria",308,12,"NA","Secundaria",NA,417,0.289320445212345,3.45637515961257
"08","Merlo","4071MS3866","AMBA","Privado","Privada","3.1.Secundaria",193,6,"NA","Secundaria",NA,417,0.181294954305139,5.51587331171332
"08","Merlo","4071MS4501","AMBA","Privado","Privada","3.1.Secundaria",671,30,"NA","Secundaria",NA,417,0.630305255641181,1.58653286015003
"08","Merlo","4071MS4505","AMBA","Privado","Privada","3.1.Secundaria",540,17,"NA","Secundaria",NA,417,0.50725013121645,1.97141397992717
"08","Merlo","4071MS5255","AMBA","Privado","Privada","3.1.Secundaria",727,30,"NA","Secundaria",NA,417,0.682908972952517,1.46432400159652
"08","Merlo","4071MS5724","AMBA","Privado","Privada","3.1.Secundaria",202,8,"NA","Secundaria",NA,417,0.189749123158746,5.27011658000332
"08","Merlo","4071MS6725","AMBA","Privado","Privada","3.1.Secundaria",432,12,"NA","Secundaria",NA,417,0.40580010497316,2.46426747490896
"08","Merlo","4071MS6767","AMBA","Privado","Privada","3.1.Secundaria",527,18,"NA","Secundaria",NA,417,0.495038553983461,2.02004468531437
"08","Merlo","4071MS6809","AMBA","Privado","Privada","3.1.Secundaria",495,15,"NA","Secundaria",NA,417,0.464979286948412,2.15063343264782
"08","Merlo","4071MS7166","AMBA","Privado","Privada","3.1.Secundaria",277,12,"NA","Secundaria",NA,417,0.260200530272142,3.84318970816127
"08","Merlo","4071MS7916","AMBA","Privado","Privada","3.1.Secundaria",169,6,"NA","Secundaria",NA,417,0.158750504028852,6.29919259858386
"08","Merlo","4071MS8597","AMBA","Privado","Privada","3.1.Secundaria",161,6,"NA","Secundaria",NA,417,0.15123568727009,6.6121959575197
"09","Moreno","4073MA4515","AMBA","Privado","Privada","3.2.Secundaria ETP",225,7,"NA","Secundaria",NA,417,0.211354221340187,4.73139355182521
"09","Moreno","4073MS3181","AMBA","Privado","Privada","3.1.Secundaria",287,12,"NA","Secundaria",NA,417,0.269594051220595,3.70928065909642
"09","Moreno","4073MS3785","AMBA","Privado","Privada","3.1.Secundaria",622,18,"NA","Secundaria",NA,417,0.584277002993762,1.71151696006539
"09","Moreno","4073MS4518","AMBA","Privado","Privada","3.1.Secundaria",445,12,"NA","Secundaria",NA,417,0.418011682206148,2.39227763856331
"09","Moreno","4073MS5353","AMBA","Privado","Privada","3.1.Secundaria",444,12,"NA","Secundaria",NA,417,0.417072330111303,2.39766565126277
"09","Moreno","4073MS5746","AMBA","Privado","Privada","3.1.Secundaria",354,12,"NA","Secundaria",NA,417,0.332530641575228,3.00724166429568
"09","Moreno","4073MS7233","AMBA","Privado","Privada","3.1.Secundaria",369,12,"NA","Secundaria",NA,417,0.346620922997907,2.8849960681861
"09","Moreno","4073MS7332","AMBA","Privado","Privada","3.1.Secundaria",355,12,"NA","Secundaria",NA,417,0.333469993670073,2.99877056101598
"09","Moreno","4073MS7846","AMBA","Privado","Privada","3.1.Secundaria",160,6,"NA","Secundaria",NA,417,0.150296335175244,6.6535221822542
"09","Moreno","4073MS7849","AMBA","Privado","Privada","3.1.Secundaria",772,22,"NA","Secundaria",NA,417,0.725179817220554,1.37896832792833
"09","Moreno","4073MS8059","AMBA","Privado","Privada","3.1.Secundaria",229,9,"NA","Secundaria",NA,417,0.215111629719568,4.64874912297236
"09","Moreno","4073MS8510","AMBA","Privado","Privada","3.1.Secundaria",187,6,"NA","Secundaria",NA,417,0.175658841736067,5.69285320406776
"09","Moreno","4073MS9222","AMBA","Privado","Privada","3.1.Secundaria",413,12,"NA","Secundaria",NA,417,0.3879524151711,2.57763571225344
"09","Moreno","4073MT8811","AMBA","Privado","Privada","3.2.Secundaria ETP",359,11,"NA","Secundaria",NA,417,0.337227402049455,2.96535807565647
"11","Pilar","4083MS3759","AMBA","Privado","Privada","3.1.Secundaria",238,12,"NA","Secundaria",NA,417,0.223565798573176,4.47295608891038
"11","Pilar","4083MS4564","AMBA","Privado","Privada","3.1.Secundaria",514,18,"NA","Secundaria",NA,417,0.482826976750472,2.07113530965111
"11","Pilar","4083MS4567","AMBA","Privado","Privada","3.1.Secundaria",465,21,"NA","Secundaria",NA,417,0.436798724103054,2.28938397668962
"11","Pilar","4083MS4569","AMBA","Privado","Privada","3.1.Secundaria",795,24,"NA","Secundaria",NA,417,0.746784915401995,1.33907364674298
"11","Pilar","4083MS4571","AMBA","Privado","Privada","3.1.Secundaria",568,18,"NA","Secundaria",NA,417,0.533551989872117,1.87423160063498
"11","Pilar","4083MS5040","AMBA","Privado","Privada","3.1.Secundaria",411,13,"NA","Secundaria",NA,417,0.386073710981409,2.59017895172913
"11","Pilar","4083MS6399","AMBA","Privado","Privada","3.1.Secundaria",543,22,"NA","Secundaria",NA,417,0.510068187500985,1.96052218998282
"11","Pilar","4083MS6886","AMBA","Privado","Privada","3.1.Secundaria",402,18,"NA","Secundaria",NA,417,0.377619542127801,2.64816803273799
"11","Pilar","4083MS7646","AMBA","Privado","Privada","3.1.Secundaria",404,3,"NA","Secundaria",NA,417,0.379498246317492,2.63505829000166
"11","Pilar","4083MS7900","AMBA","Privado","Privada","3.1.Secundaria",481,12,"NA","Secundaria",NA,417,0.451828357620578,2.21322983193487
"11","Pilar","4083MS7903","AMBA","Privado","Privada","3.1.Secundaria",370,14,"NA","Secundaria",NA,417,0.347560275092753,2.87719878151533
"11","Pilar","4083MS7908","AMBA","Privado","Privada","3.1.Secundaria",261,9,"NA","Secundaria",NA,417,0.245170896754617,4.0787875446769
"11","Pilar","4083MS8047","AMBA","Privado","Privada","3.1.Secundaria",296,12,"NA","Secundaria",NA,417,0.278048220074202,3.59649847689416
"11","Pilar","4083MS8112","AMBA","Privado","Privada","3.1.Secundaria",181,6,"NA","Secundaria",NA,417,0.170022729166995,5.88156656994846
"11","Pilar","4083MS8262","AMBA","Privado","Privada","3.1.Secundaria",275,12,"NA","Secundaria",NA,417,0.258321826082451,3.87114017876608
"11","Pilar","4083MS8872","AMBA","Privado","Privada","3.1.Secundaria",116,3,"NA","Secundaria",NA,417,0.108964843002052,9.17727197552303
"04","Quilmes","4085MM7427","AMBA","Privado","Privada","3.1.Secundaria",1919,3,"NA","Secundaria",NA,417,1,1
"04","Quilmes","4085MS4582","AMBA","Privado","Privada","3.1.Secundaria",702,24,"NA","Secundaria",NA,417,0.659425170581385,1.51647229225167
"04","Quilmes","4085MS4589","AMBA","Privado","Privada","3.1.Secundaria",550,18,"NA","Secundaria",NA,417,0.516643652164902,1.93557008938304
"04","Quilmes","4085MS4593","AMBA","Privado","Privada","3.1.Secundaria",650,18,"NA","Secundaria",NA,417,0.61057886164943,1.6377900756318
"04","Quilmes","4085MS4595","AMBA","Privado","Privada","3.1.Secundaria",519,18,"NA","Secundaria",NA,417,0.487523737224699,2.05118217564677
"04","Quilmes","4085MS4596","AMBA","Privado","Privada","3.1.Secundaria",860,24,"NA","Secundaria",NA,417,0.807842801566938,1.23786459204729
"04","Quilmes","4085MS4611","AMBA","Privado","Privada","3.1.Secundaria",324,12,"NA","Secundaria",NA,417,0.30435007872987,3.28568996654528
"04","Quilmes","4085MS4617","AMBA","Privado","Privada","3.1.Secundaria",1483,54,"NA","Secundaria",NA,417,1,1
"04","Quilmes","4085MS5687","AMBA","Privado","Privada","3.1.Secundaria",618,21,"NA","Secundaria",NA,417,0.580519594614381,1.72259473974219
"04","Quilmes","4085MS5733","AMBA","Privado","Privada","3.1.Secundaria",364,12,"NA","Secundaria",NA,417,0.341924162523681,2.92462513505679
"04","Quilmes","4085MS6784","AMBA","Privado","Privada","3.1.Secundaria",597,18,"NA","Secundaria",NA,417,0.56079320062263,1.78318852455724
"04","Quilmes","4085MS6787","AMBA","Privado","Privada","3.1.Secundaria",184,8,"NA","Secundaria",NA,417,0.172840785451531,5.78567146282974
"04","Quilmes","4085MS6802","AMBA","Privado","Privada","3.1.Secundaria",414,12,"NA","Secundaria",NA,417,0.388891767265945,2.57140953903544
"04","Quilmes","4085MS6823","AMBA","Privado","Privada","3.1.Secundaria",182,6,"NA","Secundaria",NA,417,0.17096208126184,5.84925027011358
"04","Quilmes","4085MS6853","AMBA","Privado","Privada","3.1.Secundaria",449,15,"NA","Secundaria",NA,417,0.421769090585529,2.37096558833112
"04","Quilmes","4085MS7719","AMBA","Privado","Privada","3.1.Secundaria",187,6,"NA","Secundaria",NA,417,0.175658841736067,5.69285320406776
"04","Quilmes","4085MS7724","AMBA","Privado","Privada","3.1.Secundaria",401,12,"NA","Secundaria",NA,417,0.376680190032956,2.65477194304407
"04","Quilmes","4085MS8004","AMBA","Privado","Privada","3.1.Secundaria",476,18,"NA","Secundaria",NA,417,0.447131597146352,2.23647804445519
"04","Quilmes","4085MS8696","AMBA","Privado","Privada","3.1.Secundaria",276,12,"NA","Secundaria",NA,417,0.259261178177296,3.85711430855316
"06","San Fernando","4095MM7732","AMBA","Privado","Privada","3.1.Secundaria",60,6,"NA","Secundaria",NA,417,0.0563611256907166,17.7427258193445
"06","San Fernando","4095MS4642","AMBA","Privado","Privada","3.1.Secundaria",524,18,"NA","Secundaria",NA,417,0.492220497698925,2.0316098266425
"06","San Fernando","4095MS4645","AMBA","Privado","Privada","3.1.Secundaria",343,12,"NA","Secundaria",NA,417,0.32219776853193,3.10368381679496
"06","San Fernando","4095MS6850","AMBA","Privado","Privada","3.1.Secundaria",358,12,"NA","Secundaria",NA,417,0.336288049954609,2.97364119877283
"06","San Fernando","4095MS7006","AMBA","Privado","Privada","3.1.Secundaria",415,12,"NA","Secundaria",NA,417,0.38983111936079,2.5652133714715
"06","San Fernando","4095MS7831","AMBA","Privado","Privada","3.1.Secundaria",333,11,"NA","Secundaria",NA,417,0.312804247583477,3.19688753501703
"06","San Fernando","4095MT4981","AMBA","Privado","Privada","3.2.Secundaria ETP",709,26,"NA","Secundaria",NA,417,0.666000635245302,1.50150006933804
"06","San Isidro","4096MS4650","AMBA","Privado","Privada","3.1.Secundaria",209,6,"NA","Secundaria",NA,417,0.196324587822663,5.09360549837642
"06","San Isidro","4096MS4660","AMBA","Privado","Privada","3.1.Secundaria",187,11,"NA","Secundaria",NA,417,0.175658841736067,5.69285320406776
"06","San Isidro","4096MS4668","AMBA","Privado","Privada","3.1.Secundaria",529,25,"NA","Secundaria",NA,417,0.496917258173152,2.01240746533208
"06","San Isidro","4096MS4671","AMBA","Privado","Privada","3.1.Secundaria",600,18,"NA","Secundaria",NA,417,0.563611256907166,1.77427258193445
"06","San Isidro","4096MS4678","AMBA","Privado","Privada","3.1.Secundaria",383,12,"NA","Secundaria",NA,417,0.359771852325741,2.77953929284771
"06","San Isidro","4096MS4685","AMBA","Privado","Privada","3.1.Secundaria",535,18,"NA","Secundaria",NA,417,0.502553370742223,1.98983840964612
"06","San Isidro","4096MS4688","AMBA","Privado","Privada","3.1.Secundaria",369,12,"NA","Secundaria",NA,417,0.346620922997907,2.8849960681861
"06","San Isidro","4096MS4695","AMBA","Privado","Privada","3.1.Secundaria",170,6,"NA","Secundaria",NA,417,0.159689856123697,6.26213852447454
"06","San Isidro","4096MS4698","AMBA","Privado","Privada","3.1.Secundaria",561,24,"NA","Secundaria",NA,417,0.5269765252082,1.89761773468925
"06","San Isidro","4096MS4703","AMBA","Privado","Privada","3.1.Secundaria",498,18,"NA","Secundaria",NA,417,0.467797343232948,2.13767780955958
"06","San Isidro","4096MS5291","AMBA","Privado","Privada","3.1.Secundaria",296,12,"NA","Secundaria",NA,417,0.278048220074202,3.59649847689416
"06","San Isidro","4096MS5709","AMBA","Privado","Privada","3.1.Secundaria",360,12,"NA","Secundaria",NA,417,0.3381667541443,2.95712096989075
"06","San Isidro","4096MS6604","AMBA","Privado","Privada","3.1.Secundaria",155,6,"NA","Secundaria",NA,417,0.145599574701018,6.86815193006885
"06","San Isidro","4096MS7194","AMBA","Privado","Privada","3.1.Secundaria",292,12,"NA","Secundaria",NA,417,0.274290811694821,3.64576557931737
"06","San Isidro","4096MS8482","AMBA","Privado","Privada","3.1.Secundaria",177,6,"NA","Secundaria",NA,417,0.166265320787614,6.01448332859136
"06","San Isidro","4096MT4684","AMBA","Privado","Privada","3.2.Secundaria ETP",923,29,"NA","Secundaria",NA,417,0.867021983542191,1.15337329269845
"05","San Vicente","4099MT4732","AMBA","Privado","Privada","3.2.Secundaria ETP",208,8,"NA","Secundaria",NA,417,0.195385235727818,5.11809398634938
"08","Morón","4100MS4735","AMBA","Privado","Privada","3.1.Secundaria",609,18,"NA","Secundaria",NA,417,0.572065425760774,1.74805180486153
"08","Morón","4100MS4750","AMBA","Privado","Privada","3.1.Secundaria",397,12,"NA","Secundaria",NA,417,0.372922781653575,2.68152027496391
"08","Morón","4100MS4758","AMBA","Privado","Privada","3.1.Secundaria",521,18,"NA","Secundaria",NA,417,0.489402441414389,2.04330815577864
"08","Morón","4100MS4769","AMBA","Privado","Privada","3.1.Secundaria",391,13,"NA","Secundaria",NA,417,0.367286669084503,2.72266892368458
"08","Morón","4100MS4781","AMBA","Privado","Privada","3.1.Secundaria",614,18,"NA","Secundaria",NA,417,0.576762186235,1.73381685531054
"08","Morón","4100MS4799","AMBA","Privado","Privada","3.1.Secundaria",659,23,"NA","Secundaria",NA,417,0.619033030503038,1.61542268461407
"08","Morón","4100MS6055","AMBA","Privado","Privada","3.1.Secundaria",115,6,"NA","Secundaria",NA,417,0.108025490907207,9.25707434052758
"08","Morón","4100MS6763","AMBA","Privado","Privada","3.1.Secundaria",691,25,"NA","Secundaria",NA,417,0.649092297538087,1.54061295102847
"08","Morón","4100MS7096","AMBA","Privado","Privada","3.1.Secundaria",643,18,"NA","Secundaria",NA,417,0.604003396985513,1.65561982762157
"08","Morón","4100MS7159","AMBA","Privado","Privada","3.1.Secundaria",484,18,"NA","Secundaria",NA,417,0.454646413905114,2.199511465208
"08","Morón","4100MS7214","AMBA","Privado","Privada","3.1.Secundaria",387,12,"NA","Secundaria",NA,417,0.363529260705122,2.75081020454954
"08","Morón","4100MS7339","AMBA","Privado","Privada","3.1.Secundaria",214,6,"NA","Secundaria",NA,417,0.201021348296889,4.97459602411529
"08","Morón","4100MS7920","AMBA","Privado","Privada","3.1.Secundaria",180,6,"NA","Secundaria",NA,417,0.16908337707215,5.91424193978151
"08","Morón","4100MS8120","AMBA","Privado","Privada","3.1.Secundaria",169,6,"NA","Secundaria",NA,417,0.158750504028852,6.29919259858386
"10","Suipacha","4101MS4802","AMBA","Privado","Privada","3.1.Secundaria",202,6,"NA","Secundaria",NA,417,0.189749123158746,5.27011658000332
"06","Vicente López","4109MM6278","AMBA","Privado","Privada","3.1.Secundaria",1045,3,"NA","Secundaria",NA,417,0.981622939113315,1.01872109967528
"06","Vicente López","4109MS4824","AMBA","Privado","Privada","3.1.Secundaria",422,18,"NA","Secundaria",NA,417,0.396406584024707,2.52266243876936
"06","Vicente López","4109MS4825","AMBA","Privado","Privada","3.1.Secundaria",828,39,"NA","Secundaria",NA,417,0.77778353453189,1.28570476951772
"06","Vicente López","4109MS4827","AMBA","Privado","Privada","3.1.Secundaria",1020,34,"NA","Secundaria",NA,417,0.958139136742183,1.04368975407909
"06","Vicente López","4109MS4828","AMBA","Privado","Privada","3.1.Secundaria",513,18,"NA","Secundaria",NA,417,0.481887624655627,2.07517261044965
"06","Vicente López","4109MS4838","AMBA","Privado","Privada","3.1.Secundaria",464,18,"NA","Secundaria",NA,417,0.435859372008209,2.29431799388076
"06","Vicente López","4109MS4843","AMBA","Privado","Privada","3.1.Secundaria",411,12,"NA","Secundaria",NA,417,0.386073710981409,2.59017895172913
"06","Vicente López","4109MS4850","AMBA","Privado","Privada","3.1.Secundaria",80,5,"NA","Secundaria",NA,417,0.0751481675876222,13.3070443645084
"06","Vicente López","4109MS4856","AMBA","Privado","Privada","3.1.Secundaria",311,12,"NA","Secundaria",NA,417,0.292138501496881,3.42303392013078
"06","Vicente López","4109MS4864","AMBA","Privado","Privada","3.1.Secundaria",529,21,"NA","Secundaria",NA,417,0.496917258173152,2.01240746533208
"06","Vicente López","4109MS5708","AMBA","Privado","Privada","3.1.Secundaria",346,12,"NA","Secundaria",NA,417,0.325015824816466,3.07677326347015
"06","Vicente López","4109MS7284","AMBA","Privado","Privada","3.1.Secundaria",298,12,"NA","Secundaria",NA,417,0.279926924263893,3.57236090322373
"06","Vicente López","4109MS7819","AMBA","Privado","Privada","3.1.Secundaria",191,6,"NA","Secundaria",NA,417,0.179416250115448,5.57363114743807
"06","Vicente López","4109MT4865","AMBA","Privado","Privada","3.2.Secundaria ETP",754,28,"NA","Secundaria",NA,417,0.708271479513339,1.41188799623431
"02","Lanús","4111MS3697","AMBA","Privado","Privada","3.1.Secundaria",153,6,"NA","Secundaria",NA,417,0.143720870511327,6.9579316938606
"02","Lanús","4111MS4878","AMBA","Privado","Privada","3.1.Secundaria",536,18,"NA","Secundaria",NA,417,0.503492722837069,1.98612602455349
"02","Lanús","4111MS4883","AMBA","Privado","Privada","3.1.Secundaria",371,13,"NA","Secundaria",NA,417,0.348499627187598,2.86944352873496
"02","Lanús","4111MS4886","AMBA","Privado","Privada","3.1.Secundaria",554,18,"NA","Secundaria",NA,417,0.520401060544284,1.92159485408063
"02","Lanús","4111MS4890","AMBA","Privado","Privada","3.1.Secundaria",434,15,"NA","Secundaria",NA,417,0.40767880916285,2.45291140359602
"02","Lanús","4111MS4897","AMBA","Privado","Privada","3.1.Secundaria",584,18,"NA","Secundaria",NA,417,0.548581623389642,1.82288278965868
"02","Lanús","4111MS4902","AMBA","Privado","Privada","3.1.Secundaria",530,18,"NA","Secundaria",NA,417,0.497856610267997,2.00861047011447
"02","Lanús","4111MS6952","AMBA","Privado","Privada","3.1.Secundaria",360,12,"NA","Secundaria",NA,417,0.3381667541443,2.95712096989075
"02","Lanús","4111MS7031","AMBA","Privado","Privada","3.1.Secundaria",554,18,"NA","Secundaria",NA,417,0.520401060544284,1.92159485408063
"02","Lanús","4111MS7181","AMBA","Privado","Privada","3.1.Secundaria",582,18,"NA","Secundaria",NA,417,0.546702919199951,1.829146991685
"02","Lanús","4111MS7218","AMBA","Privado","Privada","3.1.Secundaria",402,12,"NA","Secundaria",NA,417,0.377619542127801,2.64816803273799
"02","Lanús","4111MS7292","AMBA","Privado","Privada","3.1.Secundaria",272,12,"NA","Secundaria",NA,417,0.255503769797915,3.91383657779659
"02","Lanús","4111MS7699","AMBA","Privado","Privada","3.1.Secundaria",134,6,"NA","Secundaria",NA,417,0.125873180709267,7.94450409821397
"02","Lanús","4111MS8631","AMBA","Privado","Privada","3.1.Secundaria",119,6,"NA","Secundaria",NA,417,0.111782899286588,8.94591217782077
"01","Berisso","4113MS4906","AMBA","Privado","Privada","3.1.Secundaria",346,12,"NA","Secundaria",NA,417,0.325015824816466,3.07677326347015
"01","Berisso","4113MS7655","AMBA","Privado","Privada","3.1.Secundaria",218,7,"NA","Secundaria",NA,417,0.20477875667627,4.88331903284712
"01","Ensenada","4114MS7680","AMBA","Privado","Privada","3.1.Secundaria",211,6,"NA","Secundaria",NA,417,0.198203292012353,5.04532487753873
"11","Escobar","4116MA1482","AMBA","Privado","Privada","3.2.Secundaria ETP",313,11,"NA","Secundaria",NA,417,0.294017205686572,3.40116149891588
"11","Escobar","4116MS4910","AMBA","Privado","Privada","3.1.Secundaria",435,15,"NA","Secundaria",NA,417,0.408618161257696,2.44727252680614
"11","Escobar","4116MS4911","AMBA","Privado","Privada","3.1.Secundaria",906,27,"NA","Secundaria",NA,417,0.851052997929821,1.17501495492348
"11","Escobar","4116MS5093","AMBA","Privado","Privada","3.1.Secundaria",591,18,"NA","Secundaria",NA,417,0.555157088053559,1.80129196135477
"11","Escobar","4116MS5747","AMBA","Privado","Privada","3.1.Secundaria",349,12,"NA","Secundaria",NA,417,0.327833881101002,3.05032535576124
"11","Escobar","4116MS7893","AMBA","Privado","Privada","3.1.Secundaria",554,18,"NA","Secundaria",NA,417,0.520401060544284,1.92159485408063
"11","Escobar","4116MS7895","AMBA","Privado","Privada","3.1.Secundaria",612,18,"NA","Secundaria",NA,417,0.57488348204531,1.73948292346515
"11","Escobar","4116MS8319","AMBA","Privado","Privada","3.1.Secundaria",439,16,"NA","Secundaria",NA,417,0.412375569637077,2.42497391608353
"11","Escobar","4116MS8668","AMBA","Privado","Privada","3.1.Secundaria",236,8,"NA","Secundaria",NA,417,0.221687094383485,4.51086249644352
"11","Escobar","4116MS8973","AMBA","Privado","Privada","3.1.Secundaria",250,11,"NA","Secundaria",NA,417,0.234838023711319,4.25825419664269
"11","Escobar","4116MS9200","AMBA","Privado","Privada","3.1.Secundaria",93,6,"NA","Secundaria",NA,417,0.0873597448206108,11.4469198834481
"07","Tres de Febrero","4117MS4916","AMBA","Privado","Privada","3.1.Secundaria",366,12,"NA","Secundaria",NA,417,0.343802866713371,2.90864357694173
"07","Tres de Febrero","4117MS4919","AMBA","Privado","Privada","3.1.Secundaria",726,25,"NA","Secundaria",NA,417,0.681969620857671,1.46634097680533
"07","Tres de Febrero","4117MS4923","AMBA","Privado","Privada","3.1.Secundaria",190,14,"NA","Secundaria",NA,417,0.178476898020603,5.60296604821406
"07","Tres de Febrero","4117MS4925","AMBA","Privado","Privada","3.1.Secundaria",432,15,"NA","Secundaria",NA,417,0.40580010497316,2.46426747490896
"07","Tres de Febrero","4117MS4934","AMBA","Privado","Privada","3.1.Secundaria",415,12,"NA","Secundaria",NA,417,0.38983111936079,2.5652133714715
"07","Tres de Febrero","4117MS4944","AMBA","Privado","Privada","3.1.Secundaria",175,8,"NA","Secundaria",NA,417,0.164386616597924,6.08322028091812
"07","Tres de Febrero","4117MS6871","AMBA","Privado","Privada","3.1.Secundaria",393,13,"NA","Secundaria",NA,417,0.369165373274194,2.70881310219
"07","Tres de Febrero","4117MS7213","AMBA","Privado","Privada","3.1.Secundaria",418,15,"NA","Secundaria",NA,417,0.392649175645326,2.54680274918821
"07","Tres de Febrero","4117MS7873","AMBA","Privado","Privada","3.1.Secundaria",412,12,"NA","Secundaria",NA,417,0.387013063076254,2.58389210961328
"07","Tres de Febrero","4117MT4950","AMBA","Privado","Privada","3.2.Secundaria ETP",232,7,"NA","Secundaria",NA,417,0.217929686004104,4.58863598776152
"07","Tres de Febrero","4117MT4951","AMBA","Privado","Privada","3.2.Secundaria ETP",1507,46,"NA","Secundaria",NA,417,1,1
"04","Berazategui","4119MS3047","AMBA","Privado","Privada","3.1.Secundaria",828,24,"NA","Secundaria",NA,417,0.77778353453189,1.28570476951772
"04","Berazategui","4119MS3577","AMBA","Privado","Privada","3.1.Secundaria",405,12,"NA","Secundaria",NA,417,0.380437598412337,2.62855197323623
"04","Berazategui","4119MS4956","AMBA","Privado","Privada","3.1.Secundaria",1114,36,"NA","Secundaria",NA,417,1,1
"04","Berazategui","4119MS4958","AMBA","Privado","Privada","3.1.Secundaria",834,32,"NA","Secundaria",NA,417,0.783419647100961,1.27645509491687
"04","Berazategui","4119MS4961","AMBA","Privado","Privada","3.1.Secundaria",436,20,"NA","Secundaria",NA,417,0.409557513352541,2.44165951642356
"04","Berazategui","4119MS4964","AMBA","Privado","Privada","3.1.Secundaria",419,12,"NA","Secundaria",NA,417,0.393588527740171,2.54072446100399
"04","Berazategui","4119MS4968","AMBA","Privado","Privada","3.1.Secundaria",566,18,"NA","Secundaria",NA,417,0.531673285682427,1.880854327139
"04","Berazategui","4119MS6808","AMBA","Privado","Privada","3.1.Secundaria",668,20,"NA","Secundaria",NA,417,0.627487199356645,1.59365800772556
"04","Berazategui","4119MS6811","AMBA","Privado","Privada","3.1.Secundaria",699,18,"NA","Secundaria",NA,417,0.656607114296849,1.52298075702528
"04","Berazategui","4119MS6833","AMBA","Privado","Privada","3.1.Secundaria",358,12,"NA","Secundaria",NA,417,0.336288049954609,2.97364119877283
"04","Berazategui","4119MS7808","AMBA","Privado","Privada","3.1.Secundaria",203,8,"NA","Secundaria",NA,417,0.190688475253591,5.24415541458459
"04","Berazategui","4119MS8164","AMBA","Privado","Privada","3.1.Secundaria",211,6,"NA","Secundaria",NA,417,0.198203292012353,5.04532487753873
"05","Presidente Perón","4129MS6894","AMBA","Privado","Privada","3.1.Secundaria",1153,35,"NA","Secundaria",NA,417,1,1
"05","Presidente Perón","4129MS6895","AMBA","Privado","Privada","3.1.Secundaria",369,12,"NA","Secundaria",NA,417,0.346620922997907,2.8849960681861
"05","Ezeiza","4130MS4176","AMBA","Privado","Privada","3.1.Secundaria",563,18,"NA","Secundaria",NA,417,0.528855229397891,1.8908766414932
"05","Ezeiza","4130MS4189","AMBA","Privado","Privada","3.1.Secundaria",705,21,"NA","Secundaria",NA,417,0.66224322686592,1.51001921866762
"05","Ezeiza","4130MS5818","AMBA","Privado","Privada","3.1.Secundaria",293,13,"NA","Secundaria",NA,417,0.275230163789666,3.63332269338113
"05","Ezeiza","4130MS7964","AMBA","Privado","Privada","3.1.Secundaria",287,9,"NA","Secundaria",NA,417,0.269594051220595,3.70928065909642
"05","Ezeiza","4130MS8516","AMBA","Privado","Privada","3.1.Secundaria",385,14,"NA","Secundaria",NA,417,0.361650556515432,2.76510012769006
"05","Ezeiza","4130MT4181","AMBA","Privado","Privada","3.2.Secundaria ETP",318,10,"NA","Secundaria",NA,417,0.298713966160798,3.34768411685746
"09","San Miguel","4131MS2713","AMBA","Privado","Privada","3.1.Secundaria",432,16,"NA","Secundaria",NA,417,0.40580010497316,2.46426747490896
"09","San Miguel","4131MS3021","AMBA","Privado","Privada","3.1.Secundaria",1052,33,"NA","Secundaria",NA,417,0.988198403777232,1.01194253722497
"09","San Miguel","4131MS3582","AMBA","Privado","Privada","3.1.Secundaria",162,7,"NA","Secundaria",NA,417,0.152175039364935,6.57137993309057
"09","San Miguel","4131MS4288","AMBA","Privado","Privada","3.1.Secundaria",366,12,"NA","Secundaria",NA,417,0.343802866713371,2.90864357694173
"09","San Miguel","4131MS4295","AMBA","Privado","Privada","3.1.Secundaria",781,27,"NA","Secundaria",NA,417,0.733633986074162,1.36307752773453
"09","San Miguel","4131MS4307","AMBA","Privado","Privada","3.1.Secundaria",412,12,"NA","Secundaria",NA,417,0.387013063076254,2.58389210961328
"09","San Miguel","4131MS4323","AMBA","Privado","Privada","3.1.Secundaria",565,18,"NA","Secundaria",NA,417,0.530733933587582,1.88418327285075
"09","San Miguel","4131MS5065","AMBA","Privado","Privada","3.1.Secundaria",222,6,"NA","Secundaria",NA,417,0.208536165055652,4.79533130252555
"09","San Miguel","4131MS5700","AMBA","Privado","Privada","3.1.Secundaria",407,12,"NA","Secundaria",NA,417,0.382316302602028,2.61563525592303
"09","San Miguel","4131MS5719","AMBA","Privado","Privada","3.1.Secundaria",423,12,"NA","Secundaria",NA,417,0.397345936119552,2.51669869777937
"09","San Miguel","4131MS5766","AMBA","Privado","Privada","3.1.Secundaria",270,12,"NA","Secundaria",NA,417,0.253625065608225,3.94282795985434
"09","San Miguel","4131MS6693","AMBA","Privado","Privada","3.1.Secundaria",386,12,"NA","Secundaria",NA,417,0.362589908610277,2.75793665585666
"09","San Miguel","4131MS7079","AMBA","Privado","Privada","3.1.Secundaria",410,12,"NA","Secundaria",NA,417,0.385134358886564,2.59649646136749
"09","San Miguel","4131MS7853","AMBA","Privado","Privada","3.1.Secundaria",477,16,"NA","Secundaria",NA,417,0.448070949241197,2.23178941123831
"09","San Miguel","4131MS7859","AMBA","Privado","Privada","3.1.Secundaria",176,6,"NA","Secundaria",NA,417,0.165325968692769,6.048656529322
"09","San Miguel","4131MS8197","AMBA","Privado","Privada","3.1.Secundaria",400,12,"NA","Secundaria",NA,417,0.375740837938111,2.66140887290168
"09","José C. Paz","4132MS2754","AMBA","Privado","Privada","3.1.Secundaria",271,8,"NA","Secundaria",NA,417,0.25456441770307,3.92827877919067
"09","José C. Paz","4132MS4309","AMBA","Privado","Privada","3.1.Secundaria",297,9,"NA","Secundaria",NA,417,0.278987572169047,3.58438905441304
"09","José C. Paz","4132MS4326","AMBA","Privado","Privada","3.1.Secundaria",594,18,"NA","Secundaria",NA,417,0.557975144338095,1.79219452720652
"09","José C. Paz","4132MS5398","AMBA","Privado","Privada","3.1.Secundaria",440,12,"NA","Secundaria",NA,417,0.413314921731922,2.4194626117288
"09","José C. Paz","4132MS6746","AMBA","Privado","Privada","3.1.Secundaria",256,9,"NA","Secundaria",NA,417,0.240474136280391,4.15845136390887
"09","José C. Paz","4132MS7229","AMBA","Privado","Privada","3.1.Secundaria",362,12,"NA","Secundaria",NA,417,0.34004545833399,2.94078328497423
"09","José C. Paz","4132MS7244","AMBA","Privado","Privada","3.1.Secundaria",1190,30,"NA","Secundaria",NA,417,1,1
"09","José C. Paz","4132MS7298","AMBA","Privado","Privada","3.1.Secundaria",785,21,"NA","Secundaria",NA,417,0.737391394453543,1.35613190975882
"09","Malvinas Argentinas","4133MS2724","AMBA","Privado","Privada","3.1.Secundaria",680,22,"NA","Secundaria",NA,417,0.638759424494789,1.56553463111863
"09","Malvinas Argentinas","4133MS4297","AMBA","Privado","Privada","3.1.Secundaria",535,18,"NA","Secundaria",NA,417,0.502553370742223,1.98983840964612
"09","Malvinas Argentinas","4133MS4300","AMBA","Privado","Privada","3.1.Secundaria",492,15,"NA","Secundaria",NA,417,0.462161230663876,2.16374705113958
"09","Malvinas Argentinas","4133MS4304","AMBA","Privado","Privada","3.1.Secundaria",296,18,"NA","Secundaria",NA,417,0.278048220074202,3.59649847689416
"09","Malvinas Argentinas","4133MS4317","AMBA","Privado","Privada","3.1.Secundaria",737,24,"NA","Secundaria",NA,417,0.692302493900969,1.44445529058436
"09","Malvinas Argentinas","4133MS5706","AMBA","Privado","Privada","3.1.Secundaria",479,15,"NA","Secundaria",NA,417,0.449949653430888,2.22247087507447
"09","Malvinas Argentinas","4133MS6482","AMBA","Privado","Privada","3.1.Secundaria",451,12,"NA","Secundaria",NA,417,0.42364779477522,2.3604513285159
"09","Malvinas Argentinas","4133MS6640","AMBA","Privado","Privada","3.1.Secundaria",644,22,"NA","Secundaria",NA,417,0.604942749080358,1.65304898937992
"09","Malvinas Argentinas","4133MS6840","AMBA","Privado","Privada","3.1.Secundaria",436,17,"NA","Secundaria",NA,417,0.409557513352541,2.44165951642356
"09","Malvinas Argentinas","4133MS7044","AMBA","Privado","Privada","3.1.Secundaria",253,9,"NA","Secundaria",NA,417,0.237656079995855,4.20776106387617
"09","Malvinas Argentinas","4133MS7095","AMBA","Privado","Privada","3.1.Secundaria",393,12,"NA","Secundaria",NA,417,0.369165373274194,2.70881310219
"09","Malvinas Argentinas","4133MS7842","AMBA","Privado","Privada","3.1.Secundaria",128,6,"NA","Secundaria",NA,417,0.120237068140195,8.31690272781775
"09","Malvinas Argentinas","4133MS9029","AMBA","Privado","Privada","3.1.Secundaria",142,6,"NA","Secundaria",NA,417,0.133387997468029,7.49692640253994
"07","Hurlingham","4135MS4753","AMBA","Privado","Privada","3.1.Secundaria",206,11,"NA","Secundaria",NA,417,0.193506531538127,5.16778421922656
"07","Hurlingham","4135MS4783","AMBA","Privado","Privada","3.1.Secundaria",682,19,"NA","Secundaria",NA,417,0.640638128684479,1.56094362047019
"07","Hurlingham","4135MS5698","AMBA","Privado","Privada","3.1.Secundaria",408,13,"NA","Secundaria",NA,417,0.383255654696873,2.60922438519772
"07","Hurlingham","4135MS7861","AMBA","Privado","Privada","3.1.Secundaria",100,6,"NA","Secundaria",NA,417,0.0939352094845277,10.6456354916067
"08","Ituzaingó","4136BS7276","AMBA","Privado","Privada","3.1.Secundaria",140,6,"NA","Secundaria",NA,417,0.131509293278339,7.60402535114765
"08","Ituzaingó","4136MS4740","AMBA","Privado","Privada","3.1.Secundaria",610,18,"NA","Secundaria",NA,417,0.573004777855619,1.74518614616504
"08","Ituzaingó","4136MS4749","AMBA","Privado","Privada","3.1.Secundaria",375,13,"NA","Secundaria",NA,417,0.352257035566979,2.83883613109512
"08","Ituzaingó","4136MS4777","AMBA","Privado","Privada","3.1.Secundaria",263,10,"NA","Secundaria",NA,417,0.247049600944308,4.04777014889989
"08","Ituzaingó","4136MS6912","AMBA","Privado","Privada","3.1.Secundaria",343,12,"NA","Secundaria",NA,417,0.32219776853193,3.10368381679496
"08","Ituzaingó","4136MS7971","AMBA","Privado","Privada","3.1.Secundaria",241,12,"NA","Secundaria",NA,417,0.226383854857712,4.41727613759615
"08","Ituzaingó","4136MT4755","AMBA","Privado","Privada","3.2.Secundaria ETP",417,14,"NA","Secundaria",NA,417,0.391709823550481,2.55291018983374
"07","Hurlingham","4135MT4800","AMBA","Privado","Privada","3.2.Secundaria ETP",379,12,"NA","Secundaria",NA,417,0.35601444394636,2.80887479989623
"07","General San Martín","4045MS7867","AMBA","Privado","Privada","3.1.Secundaria",139,6,"NA","Secundaria",NA,417,0.130569941183494,7.65873056950123
"01","La Plata","4001MS7119","AMBA","Privado","Privada","3.1.Secundaria",183,6,"NA","Secundaria",NA,417,0.171901433356686,5.81728715388345
"15","Alberti","0003MS0003","Interior","Estatal","Oficial","3.1.Secundaria",93,6,"0","Secundaria",0,526,0.186526245147908,5.36117584529212
"18","Ayacucho","0006MS0001","Interior","Estatal","Oficial","3.1.Secundaria",727,27,"0","Secundaria",0,526,1,1
"25","Azul","0007MC0031","Interior","Estatal","Oficial","3.2.Secundaria ETP",87,7,"0","Secundaria",0,526,0.174492293848043,5.73091211048468
"25","Azul","0007MS0001","Interior","Estatal","Oficial","3.1.Secundaria",574,24,"0","Secundaria",0,526,1,1
"22","Bahía Blanca","0008MS0005","Interior","Estatal","Oficial","3.1.Secundaria",419,23,"0","Secundaria",0,526,0.840370932440574,1.18995072461138
"22","Bahía Blanca","0008MS0008","Interior","Estatal","Oficial","3.1.Secundaria",394,18,"0","Secundaria",0,526,0.790229468691136,1.26545521221362
"22","Bahía Blanca","0008MS0024","Interior","Estatal","Oficial","3.1.Secundaria",278,12,"0","Secundaria",0,526,0.557573076893746,1.793486883497
"20","Balcarce","0009MS0001","Interior","Estatal","Oficial","3.1.Secundaria",654,33,"0","Secundaria",0,526,1,1
"20","Balcarce","0009MS0007","Interior","Estatal","Oficial","3.1.Secundaria",172,9,"0","Secundaria",0,526,0.344973270596131,2.89877531169865
"20","Balcarce","0009MS3011","Interior","Estatal","Oficial","3.1.Secundaria",202,10,"0","Secundaria",0,526,0.405143027095456,2.46826412679291
"20","Balcarce","0009MT0001","Interior","Estatal","Oficial","3.2.Secundaria ETP",736,33,"0","Secundaria",0,526,1,1
"12","Baradero","0010MS0010","Interior","Estatal","Oficial","3.1.Secundaria",152,6,"0","Secundaria",0,526,0.30486009959658,3.28019311586952
"12","Arrecifes","0011MS0002","Interior","Estatal","Oficial","3.1.Secundaria",726,32,"0","Secundaria",0,526,1,1
"25","Bolívar","0012MS0002","Interior","Estatal","Oficial","3.1.Secundaria",160,10,"0","Secundaria",0,526,0.320905367996401,3.11618346007605
"25","Bolívar","0012MS0004","Interior","Estatal","Oficial","3.1.Secundaria",634,24,"0","Secundaria",0,526,1,1
"25","Bolívar","0012MS0010","Interior","Estatal","Oficial","3.1.Secundaria",365,12,"0","Secundaria",0,526,0.732065370741789,1.36599822907443
"15","Bragado","0013MS0007","Interior","Estatal","Oficial","3.1.Secundaria",37,3,"0","Secundaria",0,526,0.0742093663491676,13.475387935464
"15","Carlos Casares","0017MS0003","Interior","Estatal","Oficial","3.1.Secundaria",574,27,"0","Secundaria",0,526,1,1
"15","Carlos Casares","0017MS0005","Interior","Estatal","Oficial","3.1.Secundaria",299,12,"0","Secundaria",0,526,0.599691906443273,1.66752292177982
"15","Carlos Casares","0017MT0001","Interior","Estatal","Oficial","3.2.Secundaria ETP",399,23,"0","Secundaria",0,526,0.800257761441024,1.2495973774741
"16","Carlos Tejedor","0018MS0004","Interior","Estatal","Oficial","3.1.Secundaria",239,14,"0","Secundaria",0,526,0.479352393444623,2.08614792306346
"13","Carmen de Areco","0019MS0005","Interior","Estatal","Oficial","3.1.Secundaria",360,18,"0","Secundaria",0,526,0.722037077991901,1.38497042670046
"23","Daireaux","0020MT0001","Interior","Estatal","Oficial","3.2.Secundaria ETP",388,18,"0","Secundaria",0,526,0.778195517391271,1.28502410724785
"18","Castelli","0021MS0001","Interior","Estatal","Oficial","3.1.Secundaria",546,26,"0","Secundaria",0,526,1,1
"13","Colón","0022MS0001","Interior","Estatal","Oficial","3.1.Secundaria",271,13,"0","Secundaria",0,526,0.543533467043903,1.83981311296003
"21","Coronel Pringles","0024MC0003","Interior","Estatal","Oficial","3.2.Secundaria ETP",109,7,"0","Secundaria",0,526,0.218616781947548,4.57421425332264
"23","Coronel Suárez","0025MA0001","Interior","Estatal","Oficial","3.2.Secundaria ETP",338,18,"0","Secundaria",0,526,0.677912589892396,1.47511643080523
"23","Coronel Suárez","0025MS0001","Interior","Estatal","Oficial","3.1.Secundaria",208,12,"0","Secundaria",0,526,0.417176978395321,2.3970642000585
"23","Coronel Suárez","0025MT0001","Interior","Estatal","Oficial","3.2.Secundaria ETP",320,17,"0","Secundaria",0,526,0.641810735992801,1.55809173003802
"14","Chacabuco","0026MS0001","Interior","Estatal","Oficial","3.1.Secundaria",362,22,"0","Secundaria",0,526,0.726048395091856,1.3773186563872
"14","Chacabuco","0026MS0010","Interior","Estatal","Oficial","3.1.Secundaria",68,6,"0","Secundaria",0,526,0.13638478139847,7.33219637664952
"15","Chivilcoy","0028MS0001","Interior","Estatal","Oficial","3.1.Secundaria",192,12,"0","Secundaria",0,526,0.385086441595681,2.59681955006337
"15","Chivilcoy","0028MS0006","Interior","Estatal","Oficial","3.1.Secundaria",380,18,"0","Secundaria",0,526,0.762150248991451,1.31207724634781
"18","Dolores","0029MS0003","Interior","Estatal","Oficial","3.1.Secundaria",690,30,"0","Secundaria",0,526,1,1
"19","General Alvarado","0033MC0020","Interior","Estatal","Oficial","3.2.Secundaria ETP",53,7,"0","Secundaria",0,526,0.106299903148808,9.40734629456919
"24","General Alvear","0034MS0001","Interior","Estatal","Oficial","3.1.Secundaria",226,16,"0","Secundaria",0,526,0.453278832294916,2.20614758235472
"17","General Belgrano","0036MS0001","Interior","Estatal","Oficial","3.1.Secundaria",561,29,"0","Secundaria",0,526,1,1
"18","General Guido","0037MS0001","Interior","Estatal","Oficial","3.1.Secundaria",131,6,"0","Secundaria",0,526,0.262741270047053,3.80602560009288
"18","General Juan Madariaga","0040MS0004","Interior","Estatal","Oficial","3.1.Secundaria",74,6,"0","Secundaria",0,526,0.148418732698335,6.73769396773199
"19","General Pueyrredón","0043MA0001","Interior","Estatal","Oficial","3.2.Secundaria ETP",277,16,"0","Secundaria",0,526,0.555567418343768,1.79996156538689
"19","General Pueyrredón","0043MS0004","Interior","Estatal","Oficial","3.1.Secundaria",636,32,"0","Secundaria",0,526,1,1
"19","General Pueyrredón","0043MS0005","Interior","Estatal","Oficial","3.1.Secundaria",237,11,"0","Secundaria",0,526,0.475341076344668,2.10375254688678
"19","General Pueyrredón","0043MS0006","Interior","Estatal","Oficial","3.1.Secundaria",669,29,"0","Secundaria",0,526,1,1
"19","General Pueyrredón","0043MS0012","Interior","Estatal","Oficial","3.1.Secundaria",383,18,"0","Secundaria",0,526,0.768167224641384,1.30179987888294
"19","General Pueyrredón","0043MS0031","Interior","Estatal","Oficial","3.1.Secundaria",367,18,"0","Secundaria",0,526,0.736076687841744,1.35855409703588
"19","General Pueyrredón","0043MS0039","Interior","Estatal","Oficial","3.1.Secundaria",276,12,"0","Secundaria",0,526,0.553561759793791,1.80648316526148
"19","General Pueyrredón","0043MS0042","Interior","Estatal","Oficial","3.1.Secundaria",264,12,"0","Secundaria",0,526,0.529493857194061,1.88859603640972
"19","General Pueyrredón","0043MS0053","Interior","Estatal","Oficial","3.1.Secundaria",279,15,"0","Secundaria",0,526,0.559578735443723,1.78705861509737
"19","General Pueyrredón","0043MS0054","Interior","Estatal","Oficial","3.1.Secundaria",273,12,"0","Secundaria",0,526,0.547544784143858,1.826334628616
"19","General Pueyrredón","0043MS0066","Interior","Estatal","Oficial","3.1.Secundaria",221,9,"0","Secundaria",0,526,0.443250539545028,2.25606042358447
"19","General Pueyrredón","0043MS0071","Interior","Estatal","Oficial","3.1.Secundaria",179,8,"0","Secundaria",0,526,0.359012880445973,2.7854153833082
"19","General Pueyrredón","0043MS0072","Interior","Estatal","Oficial","3.1.Secundaria",473,20,"0","Secundaria",0,526,0.948676494139359,1.05410011334496
"19","General Pueyrredón","0043MS0074","Interior","Estatal","Oficial","3.1.Secundaria",213,8,"0","Secundaria",0,526,0.427205271145208,2.34079508738107
"19","General Pueyrredón","0043MT0002","Interior","Estatal","Oficial","3.2.Secundaria ETP",781,31,"0","Secundaria",0,526,1,1
"19","General Pueyrredón","0043MT0003","Interior","Estatal","Oficial","3.2.Secundaria ETP",1778,78,"0","Secundaria",0,526,1,1
"14","General Viamonte","0048MS0001","Interior","Estatal","Oficial","3.1.Secundaria",555,24,"0","Secundaria",0,526,1,1
"14","General Viamonte","0048MT0001","Interior","Estatal","Oficial","3.2.Secundaria ETP",354,23,"0","Secundaria",0,526,0.710003126692036,1.40844450172929
"16","General Villegas","0049MS0001","Interior","Estatal","Oficial","3.1.Secundaria",372,16,"0","Secundaria",0,526,0.746104980591631,1.34029396132303
"16","General Villegas","0049MS0010","Interior","Estatal","Oficial","3.1.Secundaria",44,6,"0","Secundaria",0,526,0.0882489761990101,11.3315762184583
"21","Benito Juárez","0052MA3011","Interior","Estatal","Oficial","3.2.Secundaria ETP",32,3,"0","Secundaria",0,526,0.0641810735992801,15.5809173003802
"14","Junín","0053MS0003","Interior","Estatal","Oficial","3.1.Secundaria",78,6,"0","Secundaria",0,526,0.156441366898245,6.39217120015599
"14","Junín","0053MS0007","Interior","Estatal","Oficial","3.1.Secundaria",809,37,"0","Secundaria",0,526,1,1
"14","Junín","0053MS0009","Interior","Estatal","Oficial","3.1.Secundaria",589,24,"0","Secundaria",0,526,1,1
"14","Junín","0053MS0011","Interior","Estatal","Oficial","3.1.Secundaria",99,6,"0","Secundaria",0,526,0.198560196447773,5.0362560970926
"14","Junín","0053MS0020","Interior","Estatal","Oficial","3.1.Secundaria",127,6,"0","Secundaria",0,526,0.254718635847143,3.92590042214305
"14","Junín","0053MS2110","Interior","Estatal","Oficial","3.1.Secundaria",10,1,"0","Secundaria",0,526,0.020056585499775,49.8589353612167
"14","Junín","0053MT0002","Interior","Estatal","Oficial","3.2.Secundaria ETP",412,17,"0","Secundaria",0,526,0.826331322590731,1.21016833401011
"14","Leandro N. Alem","0058MS0001","Interior","Estatal","Oficial","3.1.Secundaria",231,12,"0","Secundaria",0,526,0.463307125044803,2.15839547018254
"14","Lincoln","0059MS0005","Interior","Estatal","Oficial","3.1.Secundaria",308,16,"0","Secundaria",0,526,0.617742833393071,1.61879660263691
"20","Lobería","0060MS0003","Interior","Estatal","Oficial","3.1.Secundaria",87,6,"0","Secundaria",0,526,0.174492293848043,5.73091211048468
"24","Lobos","0061MA0001","Interior","Estatal","Oficial","3.2.Secundaria ETP",207,11,"0","Secundaria",0,526,0.415171319845343,2.40864422034863
"24","Lobos","0061MS0001","Interior","Estatal","Oficial","3.1.Secundaria",770,33,"0","Secundaria",0,526,1,1
"24","Lobos","0061MS0002","Interior","Estatal","Oficial","3.1.Secundaria",178,8,"0","Secundaria",0,526,0.357007221895996,2.80106378433802
"24","Lobos","0061MT0001","Interior","Estatal","Oficial","3.2.Secundaria ETP",549,24,"0","Secundaria",0,526,1,1
"18","Maipú","0065MS0001","Interior","Estatal","Oficial","3.1.Secundaria",186,13,"0","Secundaria",0,526,0.373052490295816,2.68058792264606
"13","Salto","0066MS0005","Interior","Estatal","Oficial","3.1.Secundaria",147,7,"0","Secundaria",0,526,0.294831806846693,3.39176431028685
"19","Mar Chiquita","0068MS0007","Interior","Estatal","Oficial","3.1.Secundaria",137,6,"0","Secundaria",0,526,0.274775221346918,3.63933834753407
"20","Necochea","0075MS0007","Interior","Estatal","Oficial","3.1.Secundaria",828,32,"0","Secundaria",0,526,1,1
"15","9 de Julio","0076MS0001","Interior","Estatal","Oficial","3.1.Secundaria",59,6,"0","Secundaria",0,526,0.118333854448673,8.45066701037572
"15","9 de Julio","0076MS0012","Interior","Estatal","Oficial","3.1.Secundaria",290,18,"0","Secundaria",0,526,0.581640979493476,1.7192736331454
"15","9 de Julio","0076MT0002","Interior","Estatal","Oficial","3.2.Secundaria ETP",1074,42,"0","Secundaria",0,526,1,1
"25","Olavarría","0077MC0008","Interior","Estatal","Oficial","3.2.Secundaria ETP",87,7,"0","Secundaria",0,526,0.174492293848043,5.73091211048468
"25","Olavarría","0077MS0004","Interior","Estatal","Oficial","3.1.Secundaria",256,12,"0","Secundaria",0,526,0.513448588794241,1.94761466254753
"25","Olavarría","0077MS0006","Interior","Estatal","Oficial","3.1.Secundaria",631,27,"0","Secundaria",0,526,1,1
"25","Olavarría","0077MS0007","Interior","Estatal","Oficial","3.1.Secundaria",377,17,"0","Secundaria",0,526,0.756133273341519,1.32251817934262
"25","Olavarría","0077MS0013","Interior","Estatal","Oficial","3.1.Secundaria",155,8,"0","Secundaria",0,526,0.310877075246513,3.21670550717527
"25","Olavarría","0077MS0016","Interior","Estatal","Oficial","3.1.Secundaria",319,12,"0","Secundaria",0,526,0.639805077442823,1.56297603013219
"25","Olavarría","0077MS0021","Interior","Estatal","Oficial","3.1.Secundaria",242,12,"0","Secundaria",0,526,0.485369369094556,2.06028658517425
"22","Patagones","0078MA0001","Interior","Estatal","Oficial","3.2.Secundaria ETP",241,12,"0","Secundaria",0,526,0.483363710544578,2.06883549216667
"22","Patagones","0078MS0002","Interior","Estatal","Oficial","3.1.Secundaria",593,28,"0","Secundaria",0,526,1,1
"15","Pehuajó","0079MS0002","Interior","Estatal","Oficial","3.1.Secundaria",157,12,"0","Secundaria",0,526,0.314888392346468,3.17572836695648
"15","Pehuajó","0079MS0005","Interior","Estatal","Oficial","3.1.Secundaria",571,28,"0","Secundaria",0,526,1,1
"15","Pehuajó","0079MS0007","Interior","Estatal","Oficial","3.1.Secundaria",653,24,"0","Secundaria",0,526,1,1
"15","Pehuajó","0079MS0013","Interior","Estatal","Oficial","3.1.Secundaria",63,6,"0","Secundaria",0,526,0.126356488648583,7.91411672400266
"13","Pergamino","0081MS0012","Interior","Estatal","Oficial","3.1.Secundaria",152,6,"0","Secundaria",0,526,0.30486009959658,3.28019311586952
"13","Pergamino","0081MT0001","Interior","Estatal","Oficial","3.2.Secundaria ETP",694,29,"0","Secundaria",0,526,1,1
"23","Puan","0084MC0030","Interior","Estatal","Oficial","3.2.Secundaria ETP",66,7,"0","Secundaria",0,526,0.132373464298515,7.5543841456389
"12","Ramallo","0086MS0004","Interior","Estatal","Oficial","3.1.Secundaria",195,11,"0","Secundaria",0,526,0.391103417245613,2.5568684800624
"17","Rauch","0087MS0002","Interior","Estatal","Oficial","3.1.Secundaria",187,10,"0","Secundaria",0,526,0.375058148845793,2.66625322787255
"16","Rivadavia","0088MT0001","Interior","Estatal","Oficial","3.2.Secundaria ETP",189,15,"0","Secundaria",0,526,0.379069465945748,2.63803890800089
"13","Rojas","0089MS0005","Interior","Estatal","Oficial","3.1.Secundaria",392,18,"0","Secundaria",0,526,0.786218151591181,1.27191161635757
"23","Saavedra","0091MT0001","Interior","Estatal","Oficial","3.2.Secundaria ETP",469,23,"0","Secundaria",0,526,0.940653859939449,1.06309030620931
"24","Saladillo","0092MS0005","Interior","Estatal","Oficial","3.1.Secundaria",170,11,"0","Secundaria",0,526,0.340961953496176,2.93287855065981
"12","San Nicolás","0097MS0008","Interior","Estatal","Oficial","3.1.Secundaria",254,11,"0","Secundaria",0,526,0.509437271694286,1.96295021107152
"12","San Nicolás","0097MS0020","Interior","Estatal","Oficial","3.1.Secundaria",169,6,"0","Secundaria",0,526,0.338956294946198,2.95023286161046
"12","San Nicolás","0097MT0001","Interior","Estatal","Oficial","3.2.Secundaria ETP",248,14,"0","Secundaria",0,526,0.497403320394421,2.01044094198455
"12","San Nicolás","0097MT0005","Interior","Estatal","Oficial","3.2.Secundaria ETP",500,18,"0","Secundaria",0,526,1,1
"12","San Pedro","0098MS0007","Interior","Estatal","Oficial","3.1.Secundaria",262,13,"0","Secundaria",0,526,0.525482540094106,1.90301280004644
"12","San Pedro","0098MS0014","Interior","Estatal","Oficial","3.1.Secundaria",218,10,"0","Secundaria",0,526,0.437233563895096,2.28710712666132
"20","Tandil","0102MA0001","Interior","Estatal","Oficial","3.2.Secundaria ETP",313,18,"0","Secundaria",0,526,0.627771126142958,1.59293723198775
"20","Tandil","0102MS0001","Interior","Estatal","Oficial","3.1.Secundaria",551,24,"0","Secundaria",0,526,1,1
"20","Tandil","0102MS0002","Interior","Estatal","Oficial","3.1.Secundaria",558,29,"0","Secundaria",0,526,1,1
"20","Tandil","0102MS0012","Interior","Estatal","Oficial","3.1.Secundaria",61,6,"0","Secundaria",0,526,0.122345171548628,8.1735959608552
"20","Tandil","0102MS0019","Interior","Estatal","Oficial","3.1.Secundaria",168,6,"0","Secundaria",0,526,0.336950636396221,2.967793771501
"20","Tandil","0102MT0001","Interior","Estatal","Oficial","3.2.Secundaria ETP",210,12,"0","Secundaria",0,526,0.421188295495276,2.3742350172008
"20","Tandil","0102MT0002","Interior","Estatal","Oficial","3.2.Secundaria ETP",1350,69,"0","Secundaria",0,526,1,1
"20","Tandil","0102MT0005","Interior","Estatal","Oficial","3.2.Secundaria ETP",271,15,"0","Secundaria",0,526,0.543533467043903,1.83981311296003
"25","Tapalqué","0103MS0002","Interior","Estatal","Oficial","3.1.Secundaria",424,18,"0","Secundaria",0,526,0.850399225190461,1.17591828682115
"23","Tornquist","0105MC0012","Interior","Estatal","Oficial","3.2.Secundaria ETP",81,7,"0","Secundaria",0,526,0.162458342548178,6.15542411866873
"16","Trenque Lauquen","0106MA0001","Interior","Estatal","Oficial","3.2.Secundaria ETP",223,15,"0","Secundaria",0,526,0.447261856644983,2.23582669781241
"21","Tres Arroyos","0107AS0001","Interior","Estatal","Oficial","3.1.Secundaria",76,6,"0","Secundaria",0,526,0.15243004979829,6.56038623173904
"21","Tres Arroyos","0107MS0005","Interior","Estatal","Oficial","3.1.Secundaria",70,6,"0","Secundaria",0,526,0.140396098498425,7.12270505160239
"21","Tres Arroyos","0107MT0001","Interior","Estatal","Oficial","3.2.Secundaria ETP",809,40,"0","Secundaria",0,526,1,1
"24","25 de Mayo","0108MS0001","Interior","Estatal","Oficial","3.1.Secundaria",257,15,"0","Secundaria",0,526,0.515454247344218,1.94003639537808
"24","25 de Mayo","0108MS0005","Interior","Estatal","Oficial","3.1.Secundaria",149,7,"0","Secundaria",0,526,0.298843123946648,3.34623727256488
"15","Hipólito Yrigoyen","0118MS0002","Interior","Estatal","Oficial","3.1.Secundaria",334,21,"0","Secundaria",0,526,0.669889955692486,1.49278249584481
"16","Salliqueló","0120MT0001","Interior","Estatal","Oficial","3.2.Secundaria ETP",348,16,"0","Secundaria",0,526,0.697969175392171,1.43272802762117
"18","La Costa","0123MS0010","Interior","Estatal","Oficial","3.1.Secundaria",433,24,"0","Secundaria",0,526,0.868450152140259,1.15147656723364
"18","La Costa","0123MT0001","Interior","Estatal","Oficial","3.2.Secundaria ETP",1213,42,"0","Secundaria",0,526,1,1
"18","Pinamar","0124MT0001","Interior","Estatal","Oficial","3.2.Secundaria ETP",923,26,"0","Secundaria",0,526,1,1
"18","Villa Gesell","0125MS0004","Interior","Estatal","Oficial","3.1.Secundaria",243,12,"0","Secundaria",0,526,0.487375027644533,2.05180803955624
"18","Villa Gesell","0125MT0001","Interior","Estatal","Oficial","3.2.Secundaria ETP",366,13,"0","Secundaria",0,526,0.734071029291766,1.36226599347587
"12","San Nicolás","0097MT0002","Interior","Estatal","Oficial","3.2.Secundaria ETP",1154,42,"0.6","Secundaria",0.6,526,1,1
"24","Roque Pérez","0090MS0002","Interior","Estatal","Oficial","3.1.Secundaria",101,6,"0.7","Secundaria",0.7,526,0.202571513547728,4.93652825358581
"19","General Pueyrredón","0043MS0025","Interior","Estatal","Oficial","3.1.Secundaria",1085,42,"1","Secundaria",1,526,1,1
"12","San Pedro","0098MS0003","Interior","Estatal","Oficial","3.1.Secundaria",632,22,"1.1000000000000001","Secundaria",1.1,526,1,1
"13","Colón","0022MS0002","Interior","Estatal","Oficial","3.1.Secundaria",567,25,"1.2","Secundaria",1.2,526,1,1
"25","Olavarría","0077MS0001","Interior","Estatal","Oficial","3.1.Secundaria",460,18,"1.4","Secundaria",1.4,526,0.922602932989651,1.08388989915689
"16","Pellegrini","0080MS0001","Interior","Estatal","Oficial","3.1.Secundaria",206,15,"1.4","Secundaria",1.4,526,0.413165661295366,2.42033666802023
"12","Capitán Sarmiento","0121MS0002","Interior","Estatal","Oficial","3.1.Secundaria",388,18,"1.4","Secundaria",1.4,526,0.778195517391271,1.28502410724785
"17","Chascomús","0027MS0003","Interior","Estatal","Oficial","3.1.Secundaria",583,21,"1.6","Secundaria",1.6,526,1,1
"14","Leandro N. Alem","0058MT0001","Interior","Estatal","Oficial","3.2.Secundaria ETP",302,16,"1.6","Secundaria",1.6,526,0.605708882093206,1.6509581245436
"14","Chacabuco","0026MT0001","Interior","Estatal","Oficial","3.2.Secundaria ETP",748,31,"1.7","Secundaria",1.7,526,1,1
"19","General Pueyrredón","0043MS0002","Interior","Estatal","Oficial","3.1.Secundaria",1024,50,"1.7","Secundaria",1.7,526,1,1
"12","San Nicolás","0097MS0005","Interior","Estatal","Oficial","3.1.Secundaria",345,14,"1.8","Secundaria",1.8,526,0.691952199742239,1.44518653220918
"18","Pinamar","0124MS0003","Interior","Estatal","Oficial","3.1.Secundaria",507,18,"1.9","Secundaria",1.9,526,1,1
"17","Chascomús","0027MS0005","Interior","Estatal","Oficial","3.1.Secundaria",309,12,"2.1","Secundaria",2.1,526,0.619748491943048,1.61355777868015
"14","Junín","0053MS0019","Interior","Estatal","Oficial","3.1.Secundaria",99,6,"2.1","Secundaria",2.1,526,0.198560196447773,5.0362560970926
"12","San Nicolás","0097MS0016","Interior","Estatal","Oficial","3.1.Secundaria",118,6,"2.1","Secundaria",2.1,526,0.236667708897345,4.22533350518786
"12","Arrecifes","0011MT0001","Interior","Estatal","Oficial","3.2.Secundaria ETP",531,22,"2.2000000000000002","Secundaria",2.2,526,1,1
"19","General Alvarado","0033MA0001","Interior","Estatal","Oficial","3.2.Secundaria ETP",181,9,"2.2999999999999998","Secundaria",2.3,526,0.363024197545928,2.7546373127744
"19","General Pueyrredón","0043MT0005","Interior","Estatal","Oficial","3.2.Secundaria ETP",1043,45,"2.4","Secundaria",2.4,526,1,1
"15","Pehuajó","0079MT0001","Interior","Estatal","Oficial","3.2.Secundaria ETP",449,24,"2.4","Secundaria",2.4,526,0.900540688939899,1.11044399468189
"14","Florentino Ameghino","0128MT0001","Interior","Estatal","Oficial","3.2.Secundaria ETP",158,7,"2.4","Secundaria",2.4,526,0.316894050896446,3.15562882033017
"22","Coronel de Marina L. Rosales","0112MS0001","Interior","Estatal","Oficial","3.1.Secundaria",572,28,"2.6","Secundaria",2.6,526,1,1
"22","Bahía Blanca","0008MT0004","Interior","Estatal","Oficial","3.2.Secundaria ETP",883,35,"2.7","Secundaria",2.7,526,1,1
"14","General Pinto","0042MS0005","Interior","Estatal","Oficial","3.1.Secundaria",119,6,"2.8","Secundaria",2.8,526,0.238673367447323,4.18982650094258
"14","Lincoln","0059MS0003","Interior","Estatal","Oficial","3.1.Secundaria",673,24,"2.8","Secundaria",2.8,526,1,1
"18","Maipú","0065MS0002","Interior","Estatal","Oficial","3.1.Secundaria",447,21,"2.8","Secundaria",2.8,526,0.896529371839944,1.11541242418829
"12","Ramallo","0086MS0003","Interior","Estatal","Oficial","3.1.Secundaria",436,18,"2.8","Secundaria",2.8,526,0.874467127790191,1.14355356333066
"24","Saladillo","0092MS0006","Interior","Estatal","Oficial","3.1.Secundaria",441,18,"2.8","Secundaria",2.8,526,0.884495420540079,1.13058810342895
"21","Tres Arroyos","0107MS0009","Interior","Estatal","Oficial","3.1.Secundaria",302,12,"2.8","Secundaria",2.8,526,0.605708882093206,1.6509581245436
"14","Leandro N. Alem","0058MS0004","Interior","Estatal","Oficial","3.1.Secundaria",433,23,"2.9","Secundaria",2.9,526,0.868450152140259,1.15147656723364
"19","General Pueyrredón","0043MS0024","Interior","Estatal","Oficial","3.1.Secundaria",840,38,"3","Secundaria",3,526,1,1
"13","Pergamino","0081MS0004","Interior","Estatal","Oficial","3.1.Secundaria",382,20,"3.1","Secundaria",3.1,526,0.766161566091406,1.30520773196902
"19","General Pueyrredón","0043MT0004","Interior","Estatal","Oficial","3.2.Secundaria ETP",603,30,"3.2","Secundaria",3.2,526,1,1
"19","General Pueyrredón","0043MT0001","Interior","Estatal","Oficial","3.2.Secundaria ETP",721,33,"3.3","Secundaria",3.3,526,1,1
"14","Junín","0053MT0001","Interior","Estatal","Oficial","3.2.Secundaria ETP",634,36,"3.4","Secundaria",3.4,526,1,1
"14","General Arenales","0035MS0003","Interior","Estatal","Oficial","3.1.Secundaria",185,12,"3.5","Secundaria",3.5,526,0.371046831745838,2.6950775870928
"25","Olavarría","0077MS0017","Interior","Estatal","Oficial","3.1.Secundaria",238,12,"3.5","Secundaria",3.5,526,0.477346734894646,2.09491325047129
"13","Rojas","0089MS0004","Interior","Estatal","Oficial","3.1.Secundaria",561,24,"3.6","Secundaria",3.6,526,1,1
"16","Tres Lomas","0127MT0001","Interior","Estatal","Oficial","3.2.Secundaria ETP",514,22,"3.6","Secundaria",3.6,526,1,1
"25","Azul","0007MS0002","Interior","Estatal","Oficial","3.1.Secundaria",167,13,"3.8","Secundaria",3.8,526,0.334944977846243,2.98556499168962
"25","Azul","0007MT0002","Interior","Estatal","Oficial","3.2.Secundaria ETP",513,24,"4.2","Secundaria",4.2,526,1,1
"25","Bolívar","0012MS0006","Interior","Estatal","Oficial","3.1.Secundaria",113,6,"4.2","Secundaria",4.2,526,0.226639416147458,4.41229516470945
"15","Chivilcoy","0028MS0005","Interior","Estatal","Oficial","3.1.Secundaria",768,30,"4.2","Secundaria",4.2,526,1,1
"24","General Alvear","0034MT0001","Interior","Estatal","Oficial","3.2.Secundaria ETP",161,8,"4.2","Secundaria",4.2,526,0.322911026546378,3.09682828330539
"24","Lobos","0061MS0004","Interior","Estatal","Oficial","3.1.Secundaria",140,6,"4.2","Secundaria",4.2,526,0.28079219699685,3.56135252580119
"17","Monte","0072MS0001","Interior","Estatal","Oficial","3.1.Secundaria",639,27,"4.2","Secundaria",4.2,526,1,1
"20","Necochea","0075MS0005","Interior","Estatal","Oficial","3.1.Secundaria",464,25,"4.2","Secundaria",4.2,526,0.930625567189561,1.07454602071588
"15","Pehuajó","0079MS0006","Interior","Estatal","Oficial","3.1.Secundaria",841,43,"4.2","Secundaria",4.2,526,1,1
"12","Ramallo","0086MS0008","Interior","Estatal","Oficial","3.1.Secundaria",399,21,"4.2","Secundaria",4.2,526,0.800257761441024,1.2495973774741
"12","San Nicolás","0097MS0007","Interior","Estatal","Oficial","3.1.Secundaria",288,15,"4.2","Secundaria",4.2,526,0.577629662393521,1.73121303337558
"12","San Nicolás","0097MS0009","Interior","Estatal","Oficial","3.1.Secundaria",742,38,"4.2","Secundaria",4.2,526,1,1
"12","San Nicolás","0097MS0010","Interior","Estatal","Oficial","3.1.Secundaria",495,23,"4.2","Secundaria",4.2,526,0.992800982238864,1.00725121941852
"12","San Nicolás","0097MS0022","Interior","Estatal","Oficial","3.1.Secundaria",148,8,"4.2","Secundaria",4.2,526,0.29683746539667,3.368846983866
"16","Trenque Lauquen","0106MS0003","Interior","Estatal","Oficial","3.1.Secundaria",464,18,"4.2","Secundaria",4.2,526,0.930625567189561,1.07454602071588
"14","Chacabuco","0026MS0004","Interior","Estatal","Oficial","3.1.Secundaria",949,43,"4.4000000000000004","Secundaria",4.4,526,1,1
"15","Chivilcoy","0028MS0002","Interior","Estatal","Oficial","3.1.Secundaria",272,12,"4.5","Secundaria",4.5,526,0.545539125593881,1.83304909416238
"16","General Villegas","0049MS0007","Interior","Estatal","Oficial","3.1.Secundaria",865,31,"5.0999999999999996","Secundaria",5.1,526,1,1
"12","Ramallo","0086MS0002","Interior","Estatal","Oficial","3.1.Secundaria",449,24,"5.0999999999999996","Secundaria",5.1,526,0.900540688939899,1.11044399468189
"18","Villa Gesell","0125MS0001","Interior","Estatal","Oficial","3.1.Secundaria",638,33,"5.2","Secundaria",5.2,526,1,1
"25","Bolívar","0012MS0009","Interior","Estatal","Oficial","3.1.Secundaria",109,6,"5.6","Secundaria",5.6,526,0.218616781947548,4.57421425332264
"24","Roque Pérez","0090MT0001","Interior","Estatal","Oficial","3.2.Secundaria ETP",378,17,"5.6","Secundaria",5.6,526,0.758138931891496,1.31901945400044
"22","Coronel de Marina L. Rosales","0112MS0002","Interior","Estatal","Oficial","3.1.Secundaria",551,28,"5.8","Secundaria",5.8,526,1,1
"12","Arrecifes","0011MS0004","Interior","Estatal","Oficial","3.1.Secundaria",238,12,"5.9","Secundaria",5.9,526,0.477346734894646,2.09491325047129
"20","Balcarce","0009MS2080","Interior","Estatal","Oficial","3.1.Secundaria",44,2,"6.2","Secundaria",6.2,526,0.0882489761990101,11.3315762184583
"14","General Viamonte","0048MS0002","Interior","Estatal","Oficial","3.1.Secundaria",96,6,"6.2","Secundaria",6.2,526,0.19254322079784,5.19363910012674
"12","San Nicolás","0097MT0006","Interior","Estatal","Oficial","3.2.Secundaria ETP",741,24,"6.2","Secundaria",6.2,526,1,1
"18","General Guido","0037MS0002","Interior","Estatal","Oficial","3.1.Secundaria",105,6,"6.3","Secundaria",6.3,526,0.210594147747638,4.74847003440159
"13","Colón","0022MT0001","Interior","Estatal","Oficial","3.2.Secundaria ETP",436,19,"6.5","Secundaria",6.5,526,0.874467127790191,1.14355356333066
"12","Capitán Sarmiento","0121MS0001","Interior","Estatal","Oficial","3.1.Secundaria",655,32,"6.6","Secundaria",6.6,526,1,1
"18","Villa Gesell","0125MS0002","Interior","Estatal","Oficial","3.1.Secundaria",351,13,"6.7","Secundaria",6.7,526,0.703986151042104,1.42048248892355
"23","Coronel Suárez","0025MS0012","Interior","Estatal","Oficial","3.1.Secundaria",88,6,"6.9","Secundaria",6.9,526,0.17649795239802,5.66578810922917
"13","Rojas","0089MT0001","Interior","Estatal","Oficial","3.2.Secundaria ETP",412,21,"7.1","Secundaria",7.1,526,0.826331322590731,1.21016833401011
"12","San Nicolás","0097MS0012","Interior","Estatal","Oficial","3.1.Secundaria",875,28,"7.1","Secundaria",7.1,526,1,1
"24","25 de Mayo","0108MT0001","Interior","Estatal","Oficial","3.2.Secundaria ETP",439,22,"7.2","Secundaria",7.2,526,0.880484103440124,1.13573884649696
"15","Bragado","0013MS0004","Interior","Estatal","Oficial","3.1.Secundaria",679,24,"7.3","Secundaria",7.3,526,1,1
"15","Alberti","0003MS0002","Interior","Estatal","Oficial","3.1.Secundaria",362,19,"7.4","Secundaria",7.4,526,0.726048395091856,1.3773186563872
"16","Rivadavia","0088MS0001","Interior","Estatal","Oficial","3.1.Secundaria",366,17,"7.4","Secundaria",7.4,526,0.734071029291766,1.36226599347587
"13","San Antonio de Areco","0094MT0001","Interior","Estatal","Oficial","3.2.Secundaria ETP",435,18,"7.4","Secundaria",7.4,526,0.872461469240214,1.14618242209694
"24","Saladillo","0092MS0002","Interior","Estatal","Oficial","3.1.Secundaria",521,25,"7.5","Secundaria",7.5,526,1,1
"12","San Nicolás","0097MS0025","Interior","Estatal","Oficial","3.1.Secundaria",242,8,"7.5","Secundaria",7.5,526,0.485369369094556,2.06028658517425
"22","Bahía Blanca","0008MS3411","Interior","Estatal","Oficial","3.1.Secundaria",77,6,"7.6","Secundaria",7.6,526,0.154435708348268,6.47518641054763
"19","General Pueyrredón","0043MS0049","Interior","Estatal","Oficial","3.1.Secundaria",409,18,"7.6","Secundaria",7.6,526,0.820314346940799,1.21904487435738
"13","Salto","0066MS0001","Interior","Estatal","Oficial","3.1.Secundaria",694,24,"7.6","Secundaria",7.6,526,1,1
"12","San Pedro","0098MS0013","Interior","Estatal","Oficial","3.1.Secundaria",335,12,"7.6","Secundaria",7.6,526,0.671895614242464,1.48832642869304
"25","Bolívar","0012MT0001","Interior","Estatal","Oficial","3.2.Secundaria ETP",534,24,"7.7","Secundaria",7.7,526,1,1
"12","San Nicolás","0097MT0003","Interior","Estatal","Oficial","3.2.Secundaria ETP",407,18,"7.7","Secundaria",7.7,526,0.816303029840844,1.22503526686036
"18","Pinamar","0124MS0001","Interior","Estatal","Oficial","3.1.Secundaria",957,40,"7.7","Secundaria",7.7,526,1,1
"18","Dolores","0029MS0004","Interior","Estatal","Oficial","3.1.Secundaria",630,21,"7.9","Secundaria",7.9,526,1,1
"15","Chivilcoy","0028MS0004","Interior","Estatal","Oficial","3.1.Secundaria",1047,48,"8","Secundaria",8,526,1,1
"20","Tandil","0102MS0010","Interior","Estatal","Oficial","3.1.Secundaria",1078,39,"8","Secundaria",8,526,1,1
"19","Mar Chiquita","0068MS0001","Interior","Estatal","Oficial","3.1.Secundaria",749,32,"8.1","Secundaria",8.1,526,1,1
"15","Alberti","0003MT0001","Interior","Estatal","Oficial","3.2.Secundaria ETP",211,14,"8.3000000000000007","Secundaria",8.3,526,0.423193954045253,2.36298271854108
"25","Azul","0007MS0009","Interior","Estatal","Oficial","3.1.Secundaria",102,6,"8.3000000000000007","Secundaria",8.3,526,0.204577172097705,4.88813091776635
"12","Baradero","0010MS0006","Interior","Estatal","Oficial","3.1.Secundaria",120,6,"8.3000000000000007","Secundaria",8.3,526,0.2406790259973,4.15491128010139
"15","Bragado","0013MS0002","Interior","Estatal","Oficial","3.1.Secundaria",473,28,"8.3000000000000007","Secundaria",8.3,526,0.948676494139359,1.05410011334496
"15","Bragado","0013MS0003","Interior","Estatal","Oficial","3.1.Secundaria",761,35,"8.3000000000000007","Secundaria",8.3,526,1,1
"15","Bragado","0013MS0011","Interior","Estatal","Oficial","3.1.Secundaria",211,12,"8.3000000000000007","Secundaria",8.3,526,0.423193954045253,2.36298271854108
"21","Coronel Pringles","0024MT0001","Interior","Estatal","Oficial","3.2.Secundaria ETP",641,27,"8.3000000000000007","Secundaria",8.3,526,1,1
"14","Chacabuco","0026MS0003","Interior","Estatal","Oficial","3.1.Secundaria",668,21,"8.3000000000000007","Secundaria",8.3,526,1,1
"17","Chascomús","0027MA2010","Interior","Estatal","Oficial","3.2.Secundaria ETP",151,7,"8.3000000000000007","Secundaria",8.3,526,0.302854441046603,3.3019162490872
"17","Chascomús","0027MS0001","Interior","Estatal","Oficial","3.1.Secundaria",370,19,"8.3000000000000007","Secundaria",8.3,526,0.742093663491676,1.3475387935464
"15","Chivilcoy","0028MS0003","Interior","Estatal","Oficial","3.1.Secundaria",551,24,"8.3000000000000007","Secundaria",8.3,526,1,1
"19","General Alvarado","0033MA0002","Interior","Estatal","Oficial","3.2.Secundaria ETP",376,15,"8.3000000000000007","Secundaria",8.3,526,0.754127614791541,1.32603551492598
"19","General Alvarado","0033MS0004","Interior","Estatal","Oficial","3.1.Secundaria",148,6,"8.3000000000000007","Secundaria",8.3,526,0.29683746539667,3.368846983866
"14","General Arenales","0035MS0002","Interior","Estatal","Oficial","3.1.Secundaria",175,12,"8.3000000000000007","Secundaria",8.3,526,0.350990246246063,2.84908202064096
"23","General La Madrid","0038MS0002","Interior","Estatal","Oficial","3.1.Secundaria",232,15,"8.3000000000000007","Secundaria",8.3,526,0.465312783594781,2.14909204143176
"18","General Juan Madariaga","0040MT0001","Interior","Estatal","Oficial","3.2.Secundaria ETP",366,17,"8.3000000000000007","Secundaria",8.3,526,0.734071029291766,1.36226599347587
"19","General Pueyrredón","0043MS0020","Interior","Estatal","Oficial","3.1.Secundaria",287,16,"8.3000000000000007","Secundaria",8.3,526,0.575624003843543,1.73724513453717
"16","General Villegas","0049MS0002","Interior","Estatal","Oficial","3.1.Secundaria",197,12,"8.3000000000000007","Secundaria",8.3,526,0.395114734345568,2.53091042442725
"21","Adolfo Gonzales Chaves","0050MS0003","Interior","Estatal","Oficial","3.1.Secundaria",178,11,"8.3000000000000007","Secundaria",8.3,526,0.357007221895996,2.80106378433802
"14","Junín","0053MA0001","Interior","Estatal","Oficial","3.2.Secundaria ETP",173,10,"8.3000000000000007","Secundaria",8.3,526,0.346978929146108,2.88201938504143
"14","Junín","0053MS0012","Interior","Estatal","Oficial","3.1.Secundaria",284,14,"8.3000000000000007","Secundaria",8.3,526,0.569607028193611,1.7555963155358
"21","Laprida","0054MS0001","Interior","Estatal","Oficial","3.1.Secundaria",630,35,"8.3000000000000007","Secundaria",8.3,526,1,1
"13","Salto","0066MT0001","Interior","Estatal","Oficial","3.2.Secundaria ETP",830,33,"8.3000000000000007","Secundaria",8.3,526,1,1
"20","Necochea","0075MA0001","Interior","Estatal","Oficial","3.2.Secundaria ETP",217,10,"8.3000000000000007","Secundaria",8.3,526,0.435227905345118,2.29764679083948
"20","Necochea","0075MS0002","Interior","Estatal","Oficial","3.1.Secundaria",415,24,"8.3000000000000007","Secundaria",8.3,526,0.832348298240664,1.20142012918595
"20","Necochea","0075MS0011","Interior","Estatal","Oficial","3.1.Secundaria",97,6,"8.3000000000000007","Secundaria",8.3,526,0.194548879347818,5.14009642899142
"20","Necochea","0075MS0020","Interior","Estatal","Oficial","3.1.Secundaria",266,11,"8.3000000000000007","Secundaria",8.3,526,0.533505174294016,1.87439606621116
"25","Olavarría","0077MS0008","Interior","Estatal","Oficial","3.1.Secundaria",389,24,"8.3000000000000007","Secundaria",8.3,526,0.780201175941249,1.28172070337318
"22","Patagones","0078MS0006","Interior","Estatal","Oficial","3.1.Secundaria",155,10,"8.3000000000000007","Secundaria",8.3,526,0.310877075246513,3.21670550717527
"16","Pellegrini","0080MS2010","Interior","Estatal","Oficial","3.1.Secundaria",23,2,"8.3000000000000007","Secundaria",8.3,526,0.0461301466494826,21.6777979831377
"13","Pergamino","0081MS0007","Interior","Estatal","Oficial","3.1.Secundaria",931,39,"8.3000000000000007","Secundaria",8.3,526,1,1
"13","Pergamino","0081MS0010","Interior","Estatal","Oficial","3.1.Secundaria",209,9,"8.3000000000000007","Secundaria",8.3,526,0.419182636945298,2.38559499335965
"13","Pergamino","0081MS0015","Interior","Estatal","Oficial","3.1.Secundaria",508,20,"8.3000000000000007","Secundaria",8.3,526,1,1
"23","Puan","0084MS0005","Interior","Estatal","Oficial","3.1.Secundaria",106,6,"8.3000000000000007","Secundaria",8.3,526,0.212599806297615,4.7036731472846
"12","Ramallo","0086MS0001","Interior","Estatal","Oficial","3.1.Secundaria",682,24,"8.3000000000000007","Secundaria",8.3,526,1,1
"23","Saavedra","0091MS0001","Interior","Estatal","Oficial","3.1.Secundaria",163,11,"8.3000000000000007","Secundaria",8.3,526,0.326922343646333,3.0588303902587
"12","San Nicolás","0097MS2050","Interior","Estatal","Oficial","3.1.Secundaria",84,4,"8.3000000000000007","Secundaria",8.3,526,0.16847531819811,5.93558754300199
"20","Tandil","0102AS0001","Interior","Estatal","Oficial","3.1.Secundaria",753,28,"8.3000000000000007","Secundaria",8.3,526,1,1
"20","Tandil","0102MS0008","Interior","Estatal","Oficial","3.1.Secundaria",802,41,"8.3000000000000007","Secundaria",8.3,526,1,1
"16","Trenque Lauquen","0106MS0009","Interior","Estatal","Oficial","3.1.Secundaria",262,12,"8.3000000000000007","Secundaria",8.3,526,0.525482540094106,1.90301280004644
"21","Tres Arroyos","0107MS0001","Interior","Estatal","Oficial","3.1.Secundaria",570,27,"8.3000000000000007","Secundaria",8.3,526,1,1
"21","Tres Arroyos","0107MS0006","Interior","Estatal","Oficial","3.1.Secundaria",122,7,"8.3000000000000007","Secundaria",8.3,526,0.244690343097255,4.0867979804276
"15","Hipólito Yrigoyen","0118MA0001","Interior","Estatal","Oficial","3.2.Secundaria ETP",55,7,"8.3000000000000007","Secundaria",8.3,526,0.110311220248763,9.06526097476668
"18","La Costa","0123MS0007","Interior","Estatal","Oficial","3.1.Secundaria",557,22,"8.3000000000000007","Secundaria",8.3,526,1,1
"18","La Costa","0123MS0009","Interior","Estatal","Oficial","3.1.Secundaria",413,18,"8.3000000000000007","Secundaria",8.3,526,0.828336981140709,1.20723814433939
"18","La Costa","0123MT0002","Interior","Estatal","Oficial","3.2.Secundaria ETP",541,21,"8.3000000000000007","Secundaria",8.3,526,1,1
"16","Tres Lomas","0127MS0001","Interior","Estatal","Oficial","3.1.Secundaria",239,15,"8.3000000000000007","Secundaria",8.3,526,0.479352393444623,2.08614792306346
"22","Coronel de Marina L. Rosales","0112MT0001","Interior","Estatal","Oficial","3.2.Secundaria ETP",1029,41,"8.5","Secundaria",8.5,526,1,1
"12","Arrecifes","0011MA0001","Interior","Estatal","Oficial","3.2.Secundaria ETP",437,19,"8.8000000000000007","Secundaria",8.8,526,0.876472786340169,1.14093673595462
"12","Arrecifes","0011MS0006","Interior","Estatal","Oficial","3.1.Secundaria",450,18,"8.8000000000000007","Secundaria",8.8,526,0.902546347489876,1.10797634136037
"13","Salto","0066MS0002","Interior","Estatal","Oficial","3.1.Secundaria",494,19,"8.8000000000000007","Secundaria",8.8,526,0.990795323688887,1.00929018949831
"13","Pergamino","0081MS0008","Interior","Estatal","Oficial","3.1.Secundaria",85,7,"8.9","Secundaria",8.9,526,0.170480976748088,5.86575710131962
"15","Chivilcoy","0028MS0008","Interior","Estatal","Oficial","3.1.Secundaria",312,12,"9","Secundaria",9,526,0.625765467592981,1.598042800039
"16","Salliqueló","0120MS0001","Interior","Estatal","Oficial","3.1.Secundaria",307,19,"9","Secundaria",9,526,0.615737174843093,1.62406955573996
"22","Villarino","0110MA0001","Interior","Estatal","Oficial","3.2.Secundaria ETP",195,11,"9.1","Secundaria",9.1,526,0.391103417245613,2.5568684800624
"12","Ramallo","0086MT0001","Interior","Estatal","Oficial","3.2.Secundaria ETP",930,33,"9.1999999999999993","Secundaria",9.2,526,1,1
"12","San Nicolás","0097MS0021","Interior","Estatal","Oficial","3.1.Secundaria",322,12,"9.4","Secundaria",9.4,526,0.645822053092756,1.54841414165269
"18","General Juan Madariaga","0040MS0005","Interior","Estatal","Oficial","3.1.Secundaria",314,14,"9.5","Secundaria",9.5,526,0.629776784692936,1.58786418347824
"19","General Pueyrredón","0043MS0035","Interior","Estatal","Oficial","3.1.Secundaria",441,20,"9.6","Secundaria",9.6,526,0.884495420540079,1.13058810342895
"24","Roque Pérez","0090MS0001","Interior","Estatal","Oficial","3.1.Secundaria",592,27,"9.6","Secundaria",9.6,526,1,1
"19","General Pueyrredón","0043MS0069","Interior","Estatal","Oficial","3.1.Secundaria",290,12,"9.6999999999999993","Secundaria",9.7,526,0.581640979493476,1.7192736331454
"22","Patagones","0078MS0003","Interior","Estatal","Oficial","3.1.Secundaria",334,18,"9.6999999999999993","Secundaria",9.7,526,0.669889955692486,1.49278249584481
"14","Florentino Ameghino","0128MS0001","Interior","Estatal","Oficial","3.1.Secundaria",189,10,"10","Secundaria",10,526,0.379069465945748,2.63803890800089
"22","Bahía Blanca","0008MS0001","Interior","Estatal","Oficial","3.1.Secundaria",507,25,"10.1","Secundaria",10.1,526,1,1
"12","San Nicolás","0097MS0003","Interior","Estatal","Oficial","3.1.Secundaria",555,24,"10.1","Secundaria",10.1,526,1,1
"25","Azul","0007MS0005","Interior","Estatal","Oficial","3.1.Secundaria",933,40,"10.3","Secundaria",10.3,526,1,1
"15","9 de Julio","0076MS0007","Interior","Estatal","Oficial","3.1.Secundaria",917,39,"10.3","Secundaria",10.3,526,1,1
"22","Bahía Blanca","0008MS0012","Interior","Estatal","Oficial","3.1.Secundaria",418,18,"10.4","Secundaria",10.4,526,0.838365273890596,1.19279749667983
"25","Bolívar","0012MS0003","Interior","Estatal","Oficial","3.1.Secundaria",205,12,"10.4","Secundaria",10.4,526,0.411160002745388,2.43214318835204
"15","Chivilcoy","0028MT0001","Interior","Estatal","Oficial","3.2.Secundaria ETP",596,26,"10.4","Secundaria",10.4,526,1,1
"13","Carmen de Areco","0019MT0001","Interior","Estatal","Oficial","3.2.Secundaria ETP",251,14,"10.5","Secundaria",10.5,526,0.503420296044353,1.98641176737915
"19","General Alvarado","0033MT0001","Interior","Estatal","Oficial","3.2.Secundaria ETP",491,21,"10.5","Secundaria",10.5,526,0.984778348038954,1.01545693200034
"15","Bragado","0013MT0001","Interior","Estatal","Oficial","3.2.Secundaria ETP",609,29,"10.6","Secundaria",10.6,526,1,1
"24","Lobos","0061MS0005","Interior","Estatal","Oficial","3.1.Secundaria",276,11,"10.6","Secundaria",10.6,526,0.553561759793791,1.80648316526148
"13","Salto","0066MS0004","Interior","Estatal","Oficial","3.1.Secundaria",309,13,"10.6","Secundaria",10.6,526,0.619748491943048,1.61355777868015
"15","9 de Julio","0076MS0008","Interior","Estatal","Oficial","3.1.Secundaria",492,27,"10.6","Secundaria",10.6,526,0.986784006588932,1.01339299514668
"20","Necochea","0075MS0015","Interior","Estatal","Oficial","3.1.Secundaria",201,13,"10.9","Secundaria",10.9,526,0.403137368545478,2.48054404782173
"12","San Pedro","0098MS0004","Interior","Estatal","Oficial","3.1.Secundaria",936,36,"10.9","Secundaria",10.9,526,1,1
"21","Tres Arroyos","0107MS0002","Interior","Estatal","Oficial","3.1.Secundaria",960,45,"10.9","Secundaria",10.9,526,1,1
"15","Pehuajó","0079MS0008","Interior","Estatal","Oficial","3.1.Secundaria",126,6,"11.1","Secundaria",11.1,526,0.252712977297165,3.95705836200133
"21","Benito Juárez","0052MT0001","Interior","Estatal","Oficial","3.2.Secundaria ETP",478,22,"11.6","Secundaria",11.6,526,0.958704786889246,1.04307396153173
"22","Coronel de Marina L. Rosales","0112MS0009","Interior","Estatal","Oficial","3.1.Secundaria",243,9,"11.6","Secundaria",11.6,526,0.487375027644533,2.05180803955624
"20","San Cayetano","0115MS0001","Interior","Estatal","Oficial","3.1.Secundaria",343,18,"11.6","Secundaria",11.6,526,0.687940882642284,1.45361327583722
"19","General Pueyrredón","0043MS0058","Interior","Estatal","Oficial","3.1.Secundaria",256,10,"11.7","Secundaria",11.7,526,0.513448588794241,1.94761466254753
"23","Coronel Suárez","0025MS0009","Interior","Estatal","Oficial","3.1.Secundaria",103,8,"12","Secundaria",12,526,0.206582830647683,4.84067333604046
"22","Villarino","0110MS0001","Interior","Estatal","Oficial","3.1.Secundaria",647,31,"12.1","Secundaria",12.1,526,1,1
"23","Adolfo Alsina","0002MS0002","Interior","Estatal","Oficial","3.1.Secundaria",192,15,"12.2","Secundaria",12.2,526,0.385086441595681,2.59681955006337
"16","Carlos Tejedor","0018MS0001","Interior","Estatal","Oficial","3.1.Secundaria",211,12,"12.2","Secundaria",12.2,526,0.423193954045253,2.36298271854108
"13","San Antonio de Areco","0094MS0001","Interior","Estatal","Oficial","3.1.Secundaria",530,25,"12.2","Secundaria",12.2,526,1,1
"25","Olavarría","0077MT0002","Interior","Estatal","Oficial","3.2.Secundaria ETP",900,38,"12.3","Secundaria",12.3,526,1,1
"18","Ayacucho","0006MA0001","Interior","Estatal","Oficial","3.2.Secundaria ETP",233,11,"12.5","Secundaria",12.5,526,0.467318442144758,2.13986847043849
"23","Coronel Suárez","0025MS0004","Interior","Estatal","Oficial","3.1.Secundaria",590,28,"12.5","Secundaria",12.5,526,1,1
"19","General Pueyrredón","0043AS0001","Interior","Estatal","Oficial","3.1.Secundaria",555,42,"12.5","Secundaria",12.5,526,1,1
"19","General Pueyrredón","0043MS0018","Interior","Estatal","Oficial","3.1.Secundaria",413,18,"12.5","Secundaria",12.5,526,0.828336981140709,1.20723814433939
"13","Salto","0066MS0006","Interior","Estatal","Oficial","3.1.Secundaria",147,6,"12.5","Secundaria",12.5,526,0.294831806846693,3.39176431028685
"13","Pergamino","0081MS0006","Interior","Estatal","Oficial","3.1.Secundaria",233,13,"12.5","Secundaria",12.5,526,0.467318442144758,2.13986847043849
"12","San Nicolás","0097MS0024","Interior","Estatal","Oficial","3.1.Secundaria",145,6,"12.5","Secundaria",12.5,526,0.290820489746738,3.43854726629081
"12","San Nicolás","0097MT0004","Interior","Estatal","Oficial","3.2.Secundaria ETP",438,18,"12.5","Secundaria",12.5,526,0.878478444890146,1.13833185756203
"22","Coronel de Marina L. Rosales","0112MS0005","Interior","Estatal","Oficial","3.1.Secundaria",1001,48,"12.5","Secundaria",12.5,526,1,1
"18","Pinamar","0124MS0004","Interior","Estatal","Oficial","3.1.Secundaria",344,12,"12.5","Secundaria",12.5,526,0.689946541192261,1.44938765584932
"18","La Costa","0123MS0013","Interior","Estatal","Oficial","3.1.Secundaria",1014,34,"12.6","Secundaria",12.6,526,1,1
"24","Saladillo","0092MT0001","Interior","Estatal","Oficial","3.2.Secundaria ETP",888,42,"13.1","Secundaria",13.1,526,1,1
"12","Baradero","0010MT0001","Interior","Estatal","Oficial","3.2.Secundaria ETP",734,31,"13.7","Secundaria",13.7,526,1,1
"22","Bahía Blanca","0008MS0011","Interior","Estatal","Oficial","3.1.Secundaria",742,36,"13.8","Secundaria",13.8,526,1,1
"22","Bahía Blanca","0008MS0030","Interior","Estatal","Oficial","3.1.Secundaria",276,12,"13.9","Secundaria",13.9,526,0.553561759793791,1.80648316526148
"19","General Pueyrredón","0043MS0064","Interior","Estatal","Oficial","3.1.Secundaria",298,12,"13.9","Secundaria",13.9,526,0.597686247893296,1.67311863628244
"17","Pila","0082MS0001","Interior","Estatal","Oficial","3.1.Secundaria",369,18,"14.1","Secundaria",14.1,526,0.740088004941699,1.35119066019558
"19","General Pueyrredón","0043MS0052","Interior","Estatal","Oficial","3.1.Secundaria",281,12,"14.2","Secundaria",14.2,526,0.563590052543678,1.7743393366981
"18","Pinamar","0124MS0002","Interior","Estatal","Oficial","3.1.Secundaria",466,18,"14.4","Secundaria",14.4,526,0.934636884289516,1.06993423521924
"19","General Pueyrredón","0043MS0037","Interior","Estatal","Oficial","3.1.Secundaria",378,15,"14.6","Secundaria",14.6,526,0.758138931891496,1.31901945400044
"16","Trenque Lauquen","0106MS0008","Interior","Estatal","Oficial","3.1.Secundaria",205,12,"14.6","Secundaria",14.6,526,0.411160002745388,2.43214318835204
"20","Tandil","0102MT0004","Interior","Estatal","Oficial","3.2.Secundaria ETP",124,9,"14.8","Secundaria",14.8,526,0.24870166019721,4.02088188396909
"18","General Juan Madariaga","0040MS0001","Interior","Estatal","Oficial","3.1.Secundaria",287,16,"15.1","Secundaria",15.1,526,0.575624003843543,1.73724513453717
"19","General Pueyrredón","0043MS0003","Interior","Estatal","Oficial","3.1.Secundaria",826,34,"15.1","Secundaria",15.1,526,1,1
"20","Lobería","0060MS0002","Interior","Estatal","Oficial","3.1.Secundaria",455,23,"15.1","Secundaria",15.1,526,0.912574640239764,1.0958007771696
"17","General Paz","0041MS0002","Interior","Estatal","Oficial","3.1.Secundaria",590,24,"15.3","Secundaria",15.3,526,1,1
"19","General Pueyrredón","0043MS0046","Interior","Estatal","Oficial","3.1.Secundaria",259,12,"15.3","Secundaria",15.3,526,0.519465564444173,1.925055419352
"20","Balcarce","0009MS0003","Interior","Estatal","Oficial","3.1.Secundaria",1239,48,"15.5","Secundaria",15.5,526,1,1
"24","25 de Mayo","0108MS0007","Interior","Estatal","Oficial","3.1.Secundaria",498,21,"15.5","Secundaria",15.5,526,0.998817957888797,1.00118344098829
"23","Adolfo Alsina","0002MS0005","Interior","Estatal","Oficial","3.1.Secundaria",107,4,"15.6","Secundaria",15.6,526,0.214605464847593,4.65971358516044
"19","General Pueyrredón","0043MS0022","Interior","Estatal","Oficial","3.1.Secundaria",820,33,"15.9","Secundaria",15.9,526,1,1
"25","Olavarría","0077MS0010","Interior","Estatal","Oficial","3.1.Secundaria",849,30,"16.100000000000001","Secundaria",16.1,526,1,1
"24","Las Flores","0056MS0002","Interior","Estatal","Oficial","3.1.Secundaria",665,24,"16.3","Secundaria",16.3,526,1,1
"22","Bahía Blanca","0008MS0007","Interior","Estatal","Oficial","3.1.Secundaria",644,30,"16.5","Secundaria",16.5,526,1,1
"25","Azul","0007MS0006","Interior","Estatal","Oficial","3.1.Secundaria",737,30,"16.7","Secundaria",16.7,526,1,1
"25","Azul","0007MS0008","Interior","Estatal","Oficial","3.1.Secundaria",125,6,"16.7","Secundaria",16.7,526,0.250707318747188,3.98871482889734
"22","Bahía Blanca","0008MS0004","Interior","Estatal","Oficial","3.1.Secundaria",196,12,"16.7","Secundaria",16.7,526,0.393109075795591,2.54382323271514
"12","Baradero","0010MS0004","Interior","Estatal","Oficial","3.1.Secundaria",452,18,"16.7","Secundaria",16.7,526,0.906557664589831,1.10307379117736
"23","Daireaux","0020MS0002","Interior","Estatal","Oficial","3.1.Secundaria",437,27,"16.7","Secundaria",16.7,526,0.876472786340169,1.14093673595462
"21","Coronel Dorrego","0023MA0001","Interior","Estatal","Oficial","3.2.Secundaria ETP",130,9,"16.7","Secundaria",16.7,526,0.260735611497075,3.83530272009359
"14","Chacabuco","0026MS0008","Interior","Estatal","Oficial","3.1.Secundaria",224,12,"16.7","Secundaria",16.7,526,0.449267515194961,2.22584532862575
"17","Chascomús","0027MT0001","Interior","Estatal","Oficial","3.2.Secundaria ETP",705,27,"16.7","Secundaria",16.7,526,1,1
"19","General Alvarado","0033MS0003","Interior","Estatal","Oficial","3.1.Secundaria",80,7,"16.7","Secundaria",16.7,526,0.1604526839982,6.23236692015209
"14","General Pinto","0042MS0002","Interior","Estatal","Oficial","3.1.Secundaria",117,6,"16.7","Secundaria",16.7,526,0.234662050347368,4.26144746677066
"14","Junín","0053MS0006","Interior","Estatal","Oficial","3.1.Secundaria",567,18,"16.7","Secundaria",16.7,526,1,1
"14","Lincoln","0059MA0002","Interior","Estatal","Oficial","3.2.Secundaria ETP",75,7,"16.7","Secundaria",16.7,526,0.150424391248313,6.64785804816223
"20","Necochea","0075MS0008","Interior","Estatal","Oficial","3.1.Secundaria",458,21,"16.7","Secundaria",16.7,526,0.918591615889696,1.08862304282133
"15","9 de Julio","0076MS0011","Interior","Estatal","Oficial","3.1.Secundaria",149,12,"16.7","Secundaria",16.7,526,0.298843123946648,3.34623727256488
"22","Patagones","0078MT0001","Interior","Estatal","Oficial","3.2.Secundaria ETP",385,17,"16.7","Secundaria",16.7,526,0.772178541741339,1.29503728210953
"13","Pergamino","0081MA0001","Interior","Estatal","Oficial","3.2.Secundaria ETP",691,25,"16.7","Secundaria",16.7,526,1,1
"13","Pergamino","0081MS0014","Interior","Estatal","Oficial","3.1.Secundaria",286,12,"16.7","Secundaria",16.7,526,0.573618345293566,1.74331941822436
"13","Pergamino","0081MS0019","Interior","Estatal","Oficial","3.1.Secundaria",520,18,"16.7","Secundaria",16.7,526,1,1
"24","Saladillo","0092MS0001","Interior","Estatal","Oficial","3.1.Secundaria",148,6,"16.7","Secundaria",16.7,526,0.29683746539667,3.368846983866
"12","San Pedro","0098MS0017","Interior","Estatal","Oficial","3.1.Secundaria",359,12,"16.7","Secundaria",16.7,526,0.720031419441924,1.38882828304225
"12","San Pedro","0098MT0001","Interior","Estatal","Oficial","3.2.Secundaria ETP",742,29,"16.7","Secundaria",16.7,526,1,1
"16","Trenque Lauquen","0106MS0002","Interior","Estatal","Oficial","3.1.Secundaria",558,27,"16.7","Secundaria",16.7,526,1,1
"18","La Costa","0123MS0002","Interior","Estatal","Oficial","3.1.Secundaria",813,25,"16.7","Secundaria",16.7,526,1,1
"14","Florentino Ameghino","0128MS0003","Interior","Estatal","Oficial","3.1.Secundaria",296,12,"16.7","Secundaria",16.7,526,0.593674930793341,1.684423491933
"19","General Alvarado","0033MS0001","Interior","Estatal","Oficial","3.1.Secundaria",590,25,"17.399999999999999","Secundaria",17.4,526,1,1
"19","General Pueyrredón","0043MS0034","Interior","Estatal","Oficial","3.1.Secundaria",195,12,"17.399999999999999","Secundaria",17.4,526,0.391103417245613,2.5568684800624
"14","Junín","0053MS0005","Interior","Estatal","Oficial","3.1.Secundaria",245,16,"17.399999999999999","Secundaria",17.4,526,0.491386344744488,2.03505858617211
"19","General Pueyrredón","0043MS0043","Interior","Estatal","Oficial","3.1.Secundaria",352,12,"17.7","Secundaria",17.7,526,0.705991809592081,1.41644702730729
"18","La Costa","0123MS0004","Interior","Estatal","Oficial","3.1.Secundaria",705,27,"17.899999999999999","Secundaria",17.9,526,1,1
"19","General Pueyrredón","0043MS0033","Interior","Estatal","Oficial","3.1.Secundaria",323,15,"18","Secundaria",18,526,0.647827711642733,1.54362028982095
"21","Benito Juárez","0052MS0003","Interior","Estatal","Oficial","3.1.Secundaria",399,23,"18","Secundaria",18,526,0.800257761441024,1.2495973774741
"19","General Pueyrredón","0043MS0009","Interior","Estatal","Oficial","3.1.Secundaria",572,27,"18.100000000000001","Secundaria",18.1,526,1,1
"19","Mar Chiquita","0068MS0008","Interior","Estatal","Oficial","3.1.Secundaria",127,6,"18.100000000000001","Secundaria",18.1,526,0.254718635847143,3.92590042214305
"19","General Pueyrredón","0043MS0061","Interior","Estatal","Oficial","3.1.Secundaria",331,12,"18.399999999999999","Secundaria",18.4,526,0.663872980042553,1.50631224656244
"19","General Pueyrredón","0043MS0060","Interior","Estatal","Oficial","3.1.Secundaria",246,9,"18.5","Secundaria",18.5,526,0.493392003294466,2.02678599029336
"22","Bahía Blanca","0008MS0014","Interior","Estatal","Oficial","3.1.Secundaria",653,33,"18.600000000000001","Secundaria",18.6,526,1,1
"22","Bahía Blanca","0008MS0037","Interior","Estatal","Oficial","3.1.Secundaria",153,8,"18.8","Secundaria",18.8,526,0.306865758146558,3.25875394517756
"21","Coronel Pringles","0024MS0005","Interior","Estatal","Oficial","3.1.Secundaria",94,6,"18.8","Secundaria",18.8,526,0.188531903697885,5.30414205970391
"22","Patagones","0078MS0008","Interior","Estatal","Oficial","3.1.Secundaria",354,16,"18.8","Secundaria",18.8,526,0.710003126692036,1.40844450172929
"23","Tornquist","0105MS0001","Interior","Estatal","Oficial","3.1.Secundaria",309,15,"18.899999999999999","Secundaria",18.9,526,0.619748491943048,1.61355777868015
"22","Bahía Blanca","0008MS0041","Interior","Estatal","Oficial","3.1.Secundaria",113,6,"19.399999999999999","Secundaria",19.4,526,0.226639416147458,4.41229516470945
"19","General Pueyrredón","0043MS0001","Interior","Estatal","Oficial","3.1.Secundaria",1071,49,"19.5","Secundaria",19.5,526,1,1
"22","Villarino","0110MT0001","Interior","Estatal","Oficial","3.2.Secundaria ETP",100,10,"19.600000000000001","Secundaria",19.6,526,0.20056585499775,4.98589353612167
"24","25 de Mayo","0108MS0004","Interior","Estatal","Oficial","3.1.Secundaria",77,6,"20.100000000000001","Secundaria",20.1,526,0.154435708348268,6.47518641054763
"18","La Costa","0123MS0003","Interior","Estatal","Oficial","3.1.Secundaria",552,24,"20.100000000000001","Secundaria",20.1,526,1,1
"18","Villa Gesell","0125MS0005","Interior","Estatal","Oficial","3.1.Secundaria",367,12,"20.5","Secundaria",20.5,526,0.736076687841744,1.35855409703588
"20","Necochea","0075MT0003","Interior","Estatal","Oficial","3.2.Secundaria ETP",775,32,"20.6","Secundaria",20.6,526,1,1
"23","Daireaux","0020MS0004","Interior","Estatal","Oficial","3.1.Secundaria",98,6,"20.8","Secundaria",20.8,526,0.196554537897795,5.08764646543028
"19","General Pueyrredón","0043MS0016","Interior","Estatal","Oficial","3.1.Secundaria",356,17,"20.8","Secundaria",20.8,526,0.714014443791991,1.40053189216901
"19","General Pueyrredón","0043MS0019","Interior","Estatal","Oficial","3.1.Secundaria",489,20,"20.8","Secundaria",20.8,526,0.980767030938999,1.01961013008623
"19","General Pueyrredón","0043MS0055","Interior","Estatal","Oficial","3.1.Secundaria",253,11,"20.8","Secundaria",20.8,526,0.507431613144308,1.97070890755797
"13","Salto","0066MA0001","Interior","Estatal","Oficial","3.2.Secundaria ETP",294,11,"20.8","Secundaria",20.8,526,0.589663613693386,1.69588215514343
"23","Saavedra","0091MA0001","Interior","Estatal","Oficial","3.2.Secundaria ETP",125,7,"20.8","Secundaria",20.8,526,0.250707318747188,3.98871482889734
"16","Trenque Lauquen","0106MS0011","Interior","Estatal","Oficial","3.1.Secundaria",291,20,"20.8","Secundaria",20.8,526,0.583646638043453,1.71336547633047
"20","Necochea","0075MS0001","Interior","Estatal","Oficial","3.1.Secundaria",384,22,"21.6","Secundaria",21.6,526,0.770172883191361,1.29840977503169
"22","Patagones","0078MS0001","Interior","Estatal","Oficial","3.1.Secundaria",530,25,"22","Secundaria",22,526,1,1
"12","San Pedro","0098MS0018","Interior","Estatal","Oficial","3.1.Secundaria",103,6,"22.2","Secundaria",22.2,526,0.206582830647683,4.84067333604046
"22","Bahía Blanca","0008MS0002","Interior","Estatal","Oficial","3.1.Secundaria",781,43,"22.5","Secundaria",22.5,526,1,1
"19","General Pueyrredón","0043MS0017","Interior","Estatal","Oficial","3.1.Secundaria",562,26,"23.2","Secundaria",23.2,526,1,1
"12","Baradero","0010MS0003","Interior","Estatal","Oficial","3.1.Secundaria",499,24,"23.3","Secundaria",23.3,526,1,1
"19","General Pueyrredón","0043MS0036","Interior","Estatal","Oficial","3.1.Secundaria",224,12,"23.6","Secundaria",23.6,526,0.449267515194961,2.22584532862575
"22","Bahía Blanca","0008MS0017","Interior","Estatal","Oficial","3.1.Secundaria",428,25,"23.7","Secundaria",23.7,526,0.858421859390371,1.16492839629011
"19","General Pueyrredón","0043MS0077","Interior","Estatal","Oficial","3.1.Secundaria",217,9,"24.5","Secundaria",24.5,526,0.435227905345118,2.29764679083948
"22","Bahía Blanca","0008MS0010","Interior","Estatal","Oficial","3.1.Secundaria",415,18,"24.8","Secundaria",24.8,526,0.832348298240664,1.20142012918595
"22","Bahía Blanca","0008MS3382","Interior","Estatal","Oficial","3.1.Secundaria",62,6,"25","Secundaria",25,526,0.124350830098605,8.04176376793818
"18","General Juan Madariaga","0040MA0001","Interior","Estatal","Oficial","3.2.Secundaria ETP",317,13,"25","Secundaria",25,526,0.635793760342868,1.57283707764091
"19","General Pueyrredón","0043MS0068","Interior","Estatal","Oficial","3.1.Secundaria",292,12,"25","Secundaria",25,526,0.585652296593431,1.70749778634304
"23","Guaminí","0051MS0001","Interior","Estatal","Oficial","3.1.Secundaria",149,12,"25","Secundaria",25,526,0.298843123946648,3.34623727256488
"13","Pergamino","0081MS0016","Interior","Estatal","Oficial","3.1.Secundaria",135,6,"25","Secundaria",25,526,0.270763904246963,3.69325447120124
"12","San Nicolás","0097MS0023","Interior","Estatal","Oficial","3.1.Secundaria",156,6,"25","Secundaria",25,526,0.31288273379649,3.196085600078
"22","Coronel de Marina L. Rosales","0112MA0001","Interior","Estatal","Oficial","3.2.Secundaria ETP",281,13,"25","Secundaria",25,526,0.563590052543678,1.7743393366981
"18","General Juan Madariaga","0040MS0002","Interior","Estatal","Oficial","3.1.Secundaria",551,24,"25.2","Secundaria",25.2,526,1,1
"22","Bahía Blanca","0008MS0029","Interior","Estatal","Oficial","3.1.Secundaria",292,15,"25.3","Secundaria",25.3,526,0.585652296593431,1.70749778634304
"22","Villarino","0110MS0002","Interior","Estatal","Oficial","3.1.Secundaria",501,24,"26.3","Secundaria",26.3,526,1,1
"22","Bahía Blanca","0008MS0038","Interior","Estatal","Oficial","3.1.Secundaria",195,9,"26.4","Secundaria",26.4,526,0.391103417245613,2.5568684800624
"19","General Pueyrredón","0043MS0063","Interior","Estatal","Oficial","3.1.Secundaria",281,12,"26.7","Secundaria",26.7,526,0.563590052543678,1.7743393366981
"22","Bahía Blanca","0008MS0019","Interior","Estatal","Oficial","3.1.Secundaria",432,18,"27.3","Secundaria",27.3,526,0.866444493590281,1.15414202225039
"22","Bahía Blanca","0008MS0015","Interior","Estatal","Oficial","3.1.Secundaria",428,18,"27.5","Secundaria",27.5,526,0.858421859390371,1.16492839629011
"20","Necochea","0075MS0017","Interior","Estatal","Oficial","3.1.Secundaria",217,13,"27.6","Secundaria",27.6,526,0.435227905345118,2.29764679083948
"20","Necochea","0075MT0002","Interior","Estatal","Oficial","3.2.Secundaria ETP",580,31,"28.1","Secundaria",28.1,526,1,1
"23","Guaminí","0051MS0005","Interior","Estatal","Oficial","3.1.Secundaria",164,10,"28.3","Secundaria",28.3,526,0.328928002196311,3.04017898544004
"18","General Lavalle","0039MS0001","Interior","Estatal","Oficial","3.1.Secundaria",267,12,"28.5","Secundaria",28.5,526,0.535510832843993,1.86737585622535
"22","Monte Hermoso","0126MT0001","Interior","Estatal","Oficial","3.2.Secundaria ETP",327,24,"29","Secundaria",29,526,0.655850345842643,1.52473808444088
"17","General Belgrano","0036MS0005","Interior","Estatal","Oficial","3.1.Secundaria",103,6,"29.2","Secundaria",29.2,526,0.206582830647683,4.84067333604046
"19","General Pueyrredón","0043MS0023","Interior","Estatal","Oficial","3.1.Secundaria",434,24,"30.7","Secundaria",30.7,526,0.870455810690236,1.14882339541974
"22","Bahía Blanca","0008MS0013","Interior","Estatal","Oficial","3.1.Secundaria",917,43,"31.1","Secundaria",31.1,526,1,1
"22","Bahía Blanca","0008MT0003","Interior","Estatal","Oficial","3.2.Secundaria ETP",713,31,"31.3","Secundaria",31.3,526,1,1
"24","Las Flores","0056MS0001","Interior","Estatal","Oficial","3.1.Secundaria",371,20,"32.5","Secundaria",32.5,526,0.744099322041654,1.34390661350988
"22","Bahía Blanca","0008MT0002","Interior","Estatal","Oficial","3.2.Secundaria ETP",1270,57,"33.299999999999997","Secundaria",33.3,526,1,1
"17","Chascomús","0027MS0008","Interior","Estatal","Oficial","3.1.Secundaria",85,6,"33.299999999999997","Secundaria",33.3,526,0.170480976748088,5.86575710131962
"18","La Costa","0123MS0014","Interior","Estatal","Oficial","3.1.Secundaria",204,8,"33.299999999999997","Secundaria",33.3,526,0.409154344195411,2.44406545888317
"22","Bahía Blanca","0008MS0006","Interior","Estatal","Oficial","3.1.Secundaria",496,27,"35.6","Secundaria",35.6,526,0.994806640788842,1.00522047099227
"18","La Costa","0123MS0001","Interior","Estatal","Oficial","3.1.Secundaria",611,24,"35.799999999999997","Secundaria",35.8,526,1,1
"22","Villarino","0110MS0003","Interior","Estatal","Oficial","3.1.Secundaria",552,28,"36.1","Secundaria",36.1,526,1,1
"22","Bahía Blanca","0008MS0016","Interior","Estatal","Oficial","3.1.Secundaria",215,12,"37.5","Secundaria",37.5,526,0.431216588245163,2.31902024935892
"18","Villa Gesell","0125MS0006","Interior","Estatal","Oficial","3.1.Secundaria",565,24,"38.200000000000003","Secundaria",38.2,526,1,1
"18","Villa Gesell","0125MS0003","Interior","Estatal","Oficial","3.1.Secundaria",182,12,"39.200000000000003","Secundaria",39.2,526,0.365029856095906,2.739501942924
"18","La Costa","0123MS0012","Interior","Estatal","Oficial","3.1.Secundaria",722,28,"39.4","Secundaria",39.4,526,1,1
"22","Bahía Blanca","0008MT0001","Interior","Estatal","Oficial","3.2.Secundaria ETP",1201,41,"40.6","Secundaria",40.6,526,1,1
"22","Bahía Blanca","0008MS0022","Interior","Estatal","Oficial","3.1.Secundaria",368,15,"41.4","Secundaria",41.4,526,0.738082346391721,1.35486237394611
"17","Monte","0072MS0004","Interior","Estatal","Oficial","3.1.Secundaria",188,9,"41.7","Secundaria",41.7,526,0.377063807395771,2.65207102985195
"22","Bahía Blanca","0008MS0003","Interior","Estatal","Oficial","3.1.Secundaria",1037,42,"45.8","Secundaria",45.8,526,1,1
"22","Bahía Blanca","0008MS0040","Interior","Estatal","Oficial","3.1.Secundaria",199,9,"47.2","Secundaria",47.2,526,0.399126051445523,2.50547413875461
"19","General Pueyrredón","0043MS0056","Interior","Estatal","Oficial","3.1.Secundaria",259,12,"49.3","Secundaria",49.3,526,0.519465564444173,1.925055419352
"19","General Pueyrredón","0043MS0007","Interior","Estatal","Oficial","3.1.Secundaria",483,19,"52.3","Secundaria",52.3,526,0.968733079639134,1.03227609443513
"23","Guaminí","0051MS0002","Interior","Estatal","Oficial","3.1.Secundaria",244,12,"55.6","Secundaria",55.6,526,0.489380686194511,2.0433989902138
"25","Azul","0007MT0001","Interior","Estatal","Oficial","3.2.Secundaria ETP",271,15,"8","Secundaria",8,526,0.543533467043903,1.83981311296003
"14","Chacabuco","0026MS0009","Interior","Estatal","Oficial","3.1.Secundaria",95,6,"18.8","Secundaria",18.8,526,0.190537562247863,5.24830898539124
"15","Pehuajó","0079MS0003","Interior","Estatal","Oficial","3.1.Secundaria",127,6,"0","Secundaria",0,526,0.254718635847143,3.92590042214305
"19","General Pueyrredón","0043MS0067","Interior","Estatal","Oficial","3.1.Secundaria",142,6,"18.100000000000001","Secundaria",18.1,526,0.284803514096805,3.5111926310716
"21","Coronel Pringles","0024MS0001","Interior","Estatal","Oficial","3.1.Secundaria",457,22,"0","Secundaria",0,526,0.916585957339719,1.09100515013603
"16","Carlos Tejedor","0018MS0002","Interior","Estatal","Oficial","3.1.Secundaria",46,6,"0","Secundaria",0,526,0.0922602932989651,10.8388989915689
"21","Benito Juárez","0052MS0001","Interior","Estatal","Oficial","3.1.Secundaria",249,13,"8.3000000000000007","Secundaria",8.3,526,0.499408978944398,2.00236688197658
"16","General Villegas","0049MA0001","Interior","Estatal","Oficial","3.2.Secundaria ETP",177,8,"0","Secundaria",0,526,0.355001563346018,2.81688900345857
"12","San Pedro","0098MS0011","Interior","Estatal","Oficial","3.1.Secundaria",222,8,"0","Secundaria",0,526,0.445256198095006,2.245897989244
"24","Lobos","0061MS0009","Interior","Estatal","Oficial","3.1.Secundaria",171,7,"10.7","Secundaria",10.7,526,0.342967612046153,2.91572721410624
"12","San Nicolás","0097MS0018","Interior","Estatal","Oficial","3.1.Secundaria",147,6,"0","Secundaria",0,526,0.294831806846693,3.39176431028685
"24","Roque Pérez","0090MS0004","Interior","Estatal","Oficial","3.1.Secundaria",213,12,"13.5","Secundaria",13.5,526,0.427205271145208,2.34079508738107
"23","Tornquist","0105MS0002","Interior","Estatal","Oficial","3.1.Secundaria",138,6,"18.100000000000001","Secundaria",18.1,526,0.276780879896895,3.61296633052295
"16","Trenque Lauquen","0106MC0011","Interior","Estatal","Oficial","3.2.Secundaria ETP",62,7,"0","Secundaria",0,526,0.124350830098605,8.04176376793818
"14","Junín","0053MS0010","Interior","Estatal","Oficial","3.1.Secundaria",130,6,"8.3000000000000007","Secundaria",8.3,526,0.260735611497075,3.83530272009359
"17","Chascomús","0027MS0006","Interior","Estatal","Oficial","3.1.Secundaria",152,9,"14.8","Secundaria",14.8,526,0.30486009959658,3.28019311586952
"12","Ramallo","0086MS0006","Interior","Estatal","Oficial","3.1.Secundaria",241,12,"4.2","Secundaria",4.2,526,0.483363710544578,2.06883549216667
"16","General Villegas","0049MS2010","Interior","Estatal","Oficial","3.1.Secundaria",9,2,"0","Secundaria",0,526,0.0180509269497975,55.3988170680186
"22","Patagones","0078MS0004","Interior","Estatal","Oficial","3.1.Secundaria",102,6,"20.8","Secundaria",20.8,526,0.204577172097705,4.88813091776635
"19","General Alvarado","0033MS3021","Interior","Estatal","Oficial","3.1.Secundaria",20,2,"16.7","Secundaria",16.7,526,0.0401131709995501,24.9294676806084
"20","Necochea","0075MS3051","Interior","Estatal","Oficial","3.1.Secundaria",28,3,"3.5","Secundaria",3.5,526,0.0561584393993701,17.806762629006
"19","General Pueyrredón","0043MS0059","Interior","Estatal","Oficial","3.1.Secundaria",144,6,"0","Secundaria",0,526,0.28881483119676,3.46242606675116
"25","Olavarría","0077MT0001","Interior","Estatal","Oficial","3.2.Secundaria ETP",234,20,"0","Secundaria",0,526,0.469324100694736,2.13072373338533
"23","Tornquist","0105MS0005","Interior","Estatal","Oficial","3.1.Secundaria",74,6,"0","Secundaria",0,526,0.148418732698335,6.73769396773199
"24","General Alvear","0034MS0004","Interior","Estatal","Oficial","3.1.Secundaria",174,16,"0","Secundaria",0,526,0.348984587696086,2.86545605524234
"16","Trenque Lauquen","0106MS0010","Interior","Estatal","Oficial","3.1.Secundaria",158,6,"8.3000000000000007","Secundaria",8.3,526,0.316894050896446,3.15562882033017
"21","Coronel Dorrego","0023MT0001","Interior","Estatal","Oficial","3.2.Secundaria ETP",351,19,"20.8","Secundaria",20.8,526,0.703986151042104,1.42048248892355
"14","Chacabuco","0026MS0011","Interior","Estatal","Oficial","3.1.Secundaria",68,5,"0","Secundaria",0,526,0.13638478139847,7.33219637664952
"13","Carmen de Areco","0019MS0001","Interior","Estatal","Oficial","3.1.Secundaria",282,12,"0","Secundaria",0,526,0.565595711093656,1.76804735323464
"23","Adolfo Alsina","0002MT0001","Interior","Estatal","Oficial","3.2.Secundaria ETP",148,10,"25.9","Secundaria",25.9,526,0.29683746539667,3.368846983866
"13","Salto","0066MS0007","Interior","Estatal","Oficial","3.1.Secundaria",152,6,"0","Secundaria",0,526,0.30486009959658,3.28019311586952
"20","Lobería","0060MS0005","Interior","Estatal","Oficial","3.1.Secundaria",174,15,"7.5","Secundaria",7.5,526,0.348984587696086,2.86545605524234
"15","Pehuajó","0079MS0011","Interior","Estatal","Oficial","3.1.Secundaria",59,6,"0","Secundaria",0,526,0.118333854448673,8.45066701037572
"21","Benito Juárez","0052MA0001","Interior","Estatal","Oficial","3.2.Secundaria ETP",193,9,"6.8","Secundaria",6.8,526,0.387092100145658,2.58336452648791
"19","Mar Chiquita","0068MT0002","Interior","Estatal","Oficial","3.2.Secundaria ETP",160,6,"0","Secundaria",0,526,0.320905367996401,3.11618346007605
"18","Maipú","0065MS3011","Interior","Estatal","Oficial","3.1.Secundaria",27,2,"8.3000000000000007","Secundaria",8.3,526,0.0541527808493926,18.4662723560062
"17","General Belgrano","0036MS0004","Interior","Estatal","Oficial","3.1.Secundaria",94,6,"0","Secundaria",0,526,0.188531903697885,5.30414205970391
"17","Chascomús","0027MS2070","Interior","Estatal","Oficial","3.1.Secundaria",22,3,"0","Secundaria",0,526,0.0441244880995051,22.6631524369167
"18","Dolores","0029MS3011","Interior","Estatal","Oficial","3.1.Secundaria",20,2,"4.2","Secundaria",4.2,526,0.0401131709995501,24.9294676806084
"14","Junín","0053MS2140","Interior","Estatal","Oficial","3.1.Secundaria",31,4,"16.7","Secundaria",16.7,526,0.0621754150493026,16.0835275358764
"14","Junín","0053MS0014","Interior","Estatal","Oficial","3.1.Secundaria",22,4,"8.3000000000000007","Secundaria",8.3,526,0.0441244880995051,22.6631524369167
"12","San Nicolás","0097MS0013","Interior","Estatal","Oficial","3.1.Secundaria",160,8,"8.9","Secundaria",8.9,526,0.320905367996401,3.11618346007605
"13","Salto","0066MS2050","Interior","Estatal","Oficial","3.1.Secundaria",15,2,"0","Secundaria",0,526,0.0300848782496625,33.2392902408112
"23","Guaminí","0051MT0002","Interior","Estatal","Oficial","3.2.Secundaria ETP",85,7,"23.8","Secundaria",23.8,526,0.170480976748088,5.86575710131962
"21","Laprida","0054MS0002","Interior","Estatal","Oficial","3.1.Secundaria",51,5,"16.7","Secundaria",16.7,526,0.102288586048853,9.77626183553269
"18","General Guido","0037MC0028","Interior","Estatal","Oficial","3.2.Secundaria ETP",120,7,"0","Secundaria",0,526,0.2406790259973,4.15491128010139
"22","Coronel de Marina L. Rosales","0112MT2010","Interior","Estatal","Oficial","3.2.Secundaria ETP",55,7,"7.6","Secundaria",7.6,526,0.110311220248763,9.06526097476668
"15","Carlos Casares","0017MS0007","Interior","Estatal","Oficial","3.1.Secundaria",152,9,"4.2","Secundaria",4.2,526,0.30486009959658,3.28019311586952
"23","Coronel Suárez","0025MS2110","Interior","Estatal","Oficial","3.1.Secundaria",11,2,"0","Secundaria",0,526,0.0220622440497525,45.3263048738334
"14","General Pinto","0042MS0004","Interior","Estatal","Oficial","3.1.Secundaria",365,20,"6.2","Secundaria",6.2,526,0.732065370741789,1.36599822907443
"23","Tornquist","0105MS0006","Interior","Estatal","Oficial","3.1.Secundaria",50,5,"0","Secundaria",0,526,0.100282927498875,9.97178707224335
"20","Necochea","0075MS0014","Interior","Estatal","Oficial","3.1.Secundaria",147,10,"8.3000000000000007","Secundaria",8.3,526,0.294831806846693,3.39176431028685
"21","Adolfo Gonzales Chaves","0050MC0019","Interior","Estatal","Oficial","3.2.Secundaria ETP",58,7,"8.3000000000000007","Secundaria",8.3,526,0.116328195898695,8.59636816572702
"18","Ayacucho","0006MS0007","Interior","Estatal","Oficial","3.1.Secundaria",34,6,"1.7","Secundaria",1.7,526,0.0681923906992351,14.664392753299
"18","Ayacucho","0006MS0004","Interior","Estatal","Oficial","3.1.Secundaria",126,5,"0","Secundaria",0,526,0.252712977297165,3.95705836200133
"21","Coronel Pringles","0024MS0002","Interior","Estatal","Oficial","3.1.Secundaria",46,3,"16.7","Secundaria",16.7,526,0.0922602932989651,10.8388989915689
"25","Olavarría","0077MS0022","Interior","Estatal","Oficial","3.1.Secundaria",156,6,"3.5","Secundaria",3.5,526,0.31288273379649,3.196085600078
"14","Junín","0053MS0015","Interior","Estatal","Oficial","3.1.Secundaria",246,9,"8.3000000000000007","Secundaria",8.3,526,0.493392003294466,2.02678599029336
"21","Tres Arroyos","0107MA0001","Interior","Estatal","Oficial","3.2.Secundaria ETP",85,7,"14.3","Secundaria",14.3,526,0.170480976748088,5.86575710131962
"23","Saavedra","0091MS0006","Interior","Estatal","Oficial","3.1.Secundaria",26,2,"2.1","Secundaria",2.1,526,0.0521471222994151,19.176513600468
"20","Balcarce","0009MS3012","Interior","Estatal","Oficial","3.1.Secundaria",45,2,"8.3000000000000007","Secundaria",8.3,526,0.0902546347489876,11.0797634136037
"19","Mar Chiquita","0068MS0006","Interior","Estatal","Oficial","3.1.Secundaria",182,6,"22.9","Secundaria",22.9,526,0.365029856095906,2.739501942924
"25","Bolívar","0012MS2090","Interior","Estatal","Oficial","3.1.Secundaria",33,2,"16.7","Secundaria",16.7,526,0.0661867321492576,15.1087682912778
"15","9 de Julio","0076MS0009","Interior","Estatal","Oficial","3.1.Secundaria",73,6,"0","Secundaria",0,526,0.146413074148358,6.82999114537215
"22","Coronel de Marina L. Rosales","0112MS0008","Interior","Estatal","Oficial","3.1.Secundaria",175,6,"18.100000000000001","Secundaria",18.1,526,0.350990246246063,2.84908202064096
"21","Tres Arroyos","0107MS0008","Interior","Estatal","Oficial","3.1.Secundaria",176,11,"0","Secundaria",0,526,0.352995904796041,2.83289405461459
"19","Mar Chiquita","0068MS0005","Interior","Estatal","Oficial","3.1.Secundaria",207,7,"18.5","Secundaria",18.5,526,0.415171319845343,2.40864422034863
"23","Tornquist","0105MS2010","Interior","Estatal","Oficial","3.1.Secundaria",9,2,"8.3000000000000007","Secundaria",8.3,526,0.0180509269497975,55.3988170680186
"22","Patagones","0078MS0007","Interior","Estatal","Oficial","3.1.Secundaria",102,6,"8.3000000000000007","Secundaria",8.3,526,0.204577172097705,4.88813091776635
"17","Monte","0072MS0006","Interior","Estatal","Oficial","3.1.Secundaria",52,3,"4.2","Secundaria",4.2,526,0.10429424459883,9.58825680023399
"13","San Antonio de Areco","0094MS0005","Interior","Estatal","Oficial","3.1.Secundaria",108,6,"0","Secundaria",0,526,0.21661112339757,4.61656808900155
"22","Bahía Blanca","0008MS0028","Interior","Estatal","Oficial","3.1.Secundaria",259,12,"18.8","Secundaria",18.8,526,0.519465564444173,1.925055419352
"23","Adolfo Alsina","4002MS4053","Interior","Privado","Privada","3.1.Secundaria",162,6,"NA","Secundaria",NA,220,0.376191431195178,2.65822109988777
"18","Ayacucho","4006MS6754","Interior","Privado","Privada","3.1.Secundaria",162,6,"NA","Secundaria",NA,220,0.376191431195178,2.65822109988777
"25","Azul","4007MS4106","Interior","Privado","Privada","3.1.Secundaria",541,18,"NA","Secundaria",NA,220,1,1
"25","Azul","4007MS4107","Interior","Privado","Privada","3.1.Secundaria",537,18,"NA","Secundaria",NA,220,1,1
"25","Azul","4007MS4108","Interior","Privado","Privada","3.1.Secundaria",125,6,"NA","Secundaria",NA,220,0.290271166045662,3.44505454545455
"25","Azul","4007MS6659","Interior","Privado","Privada","3.1.Secundaria",361,12,"NA","Secundaria",NA,220,0.838303127539873,1.19288592294132
"25","Azul","4007MS6759","Interior","Privado","Privada","3.1.Secundaria",322,12,"NA","Secundaria",NA,220,0.747738523733626,1.33736589497459
"22","Bahía Blanca","4008MS3251","Interior","Privado","Privada","3.1.Secundaria",114,6,"NA","Secundaria",NA,220,0.264727303433644,3.77747208931419
"22","Bahía Blanca","4008MS3526","Interior","Privado","Privada","3.1.Secundaria",484,18,"NA","Secundaria",NA,220,1,1
"22","Bahía Blanca","4008MS3568","Interior","Privado","Privada","3.1.Secundaria",164,6,"NA","Secundaria",NA,220,0.380835769851909,2.62580376940133
"22","Bahía Blanca","4008MS4109","Interior","Privado","Privada","3.1.Secundaria",807,24,"NA","Secundaria",NA,220,1,1
"22","Bahía Blanca","4008MS4111","Interior","Privado","Privada","3.1.Secundaria",620,18,"NA","Secundaria",NA,220,1,1
"22","Bahía Blanca","4008MS4112","Interior","Privado","Privada","3.1.Secundaria",405,12,"NA","Secundaria",NA,220,0.940478577987946,1.06328843995511
"22","Bahía Blanca","4008MS4115","Interior","Privado","Privada","3.1.Secundaria",280,12,"NA","Secundaria",NA,220,0.650207411942283,1.53797077922078
"22","Bahía Blanca","4008MS4119","Interior","Privado","Privada","3.1.Secundaria",372,12,"NA","Secundaria",NA,220,0.863846990151891,1.15761241446725
"22","Bahía Blanca","4008MS4120","Interior","Privado","Privada","3.1.Secundaria",553,18,"NA","Secundaria",NA,220,1,1
"22","Bahía Blanca","4008MS4127","Interior","Privado","Privada","3.1.Secundaria",350,12,"NA","Secundaria",NA,220,0.812759264927854,1.23037662337662
"22","Bahía Blanca","4008MS5750","Interior","Privado","Privada","3.1.Secundaria",368,12,"NA","Secundaria",NA,220,0.85455831283843,1.17019515810277
"22","Bahía Blanca","4008MS6711","Interior","Privado","Privada","3.1.Secundaria",288,12,"NA","Secundaria",NA,220,0.668784766569206,1.49524936868687
"22","Bahía Blanca","4008MS7008","Interior","Privado","Privada","3.1.Secundaria",323,12,"NA","Secundaria",NA,220,0.750060693061991,1.33322544328736
"22","Bahía Blanca","4008MS7786","Interior","Privado","Privada","3.1.Secundaria",108,6,"NA","Secundaria",NA,220,0.250794287463452,3.98733164983165
"22","Bahía Blanca","4008MS8316","Interior","Privado","Privada","3.1.Secundaria",298,13,"NA","Secundaria",NA,220,0.692006459852859,1.44507321537523
"22","Bahía Blanca","4008MT4116","Interior","Privado","Privada","3.2.Secundaria ETP",755,31,"NA","Secundaria",NA,220,1,1
"20","Balcarce","4009MA4133","Interior","Privado","Privada","3.2.Secundaria ETP",209,7,"NA","Secundaria",NA,220,0.485333389628347,2.06043932144411
"20","Balcarce","4009MS4134","Interior","Privado","Privada","3.1.Secundaria",221,8,"NA","Secundaria",NA,220,0.513199421568731,1.94856026326615
"12","Baradero","4010MS4135","Interior","Privado","Privada","3.1.Secundaria",348,12,"NA","Secundaria",NA,220,0.808114926271124,1.23744775339603
"12","Baradero","4010MS4136","Interior","Privado","Privada","3.1.Secundaria",355,12,"NA","Secundaria",NA,220,0.824370111569681,1.21304737516005
"12","Arrecifes","4011MS4138","Interior","Privado","Privada","3.1.Secundaria",311,12,"NA","Secundaria",NA,220,0.722194661121608,1.38466822566501
"25","Bolívar","4012MS4140","Interior","Privado","Privada","3.1.Secundaria",365,12,"NA","Secundaria",NA,220,0.847591804853334,1.17981320049813
"15","Bragado","4013MA4143","Interior","Privado","Privada","3.2.Secundaria ETP",331,13,"NA","Secundaria",NA,220,0.768638047688914,1.30100247184839
"15","Bragado","4013MS7337","Interior","Privado","Privada","3.1.Secundaria",315,11,"NA","Secundaria",NA,220,0.731483338435069,1.36708513708514
"16","Carlos Tejedor","4018MS4152","Interior","Privado","Privada","3.1.Secundaria",124,7,"NA","Secundaria",NA,220,0.287948996717297,3.47283724340176
"18","Castelli","4021MS7789","Interior","Privado","Privada","3.1.Secundaria",187,6,"NA","Secundaria",NA,220,0.434245664404311,2.30284394749635
"13","Colón","4022MS4157","Interior","Privado","Privada","3.1.Secundaria",319,12,"NA","Secundaria",NA,220,0.74077201574853,1.34994300370476
"13","Colón","4022MS6685","Interior","Privado","Privada","3.1.Secundaria",243,9,"NA","Secundaria",NA,220,0.564287146792767,1.77214739992518
"21","Coronel Dorrego","4023MS6534","Interior","Privado","Privada","3.1.Secundaria",154,6,"NA","Secundaria",NA,220,0.357614076568256,2.79631050767414
"21","Coronel Pringles","4024MA1509","Interior","Privado","Privada","3.2.Secundaria ETP",436,17,"NA","Secundaria",NA,220,1,1
"23","Coronel Suárez","4025MS4161","Interior","Privado","Privada","3.1.Secundaria",265,12,"NA","Secundaria",NA,220,0.615374872016804,1.62502572898799
"23","Coronel Suárez","4025MS6733","Interior","Privado","Privada","3.1.Secundaria",127,6,"NA","Secundaria",NA,220,0.294915504702393,3.39080171796707
"14","Chacabuco","4026MS4166","Interior","Privado","Privada","3.1.Secundaria",347,12,"NA","Secundaria",NA,220,0.805792756942759,1.2410138852502
"17","Chascomús","4027MS4167","Interior","Privado","Privada","3.1.Secundaria",400,12,"NA","Secundaria",NA,220,0.928867731346119,1.07657954545455
"17","Chascomús","4027MS4168","Interior","Privado","Privada","3.1.Secundaria",561,18,"NA","Secundaria",NA,220,1,1
"17","Chascomús","4027MS7935","Interior","Privado","Privada","3.1.Secundaria",197,6,"NA","Secundaria",NA,220,0.457467357687964,2.18594831564375
"15","Chivilcoy","4028MS2550","Interior","Privado","Privada","3.1.Secundaria",571,18,"NA","Secundaria",NA,220,1,1
"15","Chivilcoy","4028MS2801","Interior","Privado","Privada","3.1.Secundaria",323,12,"NA","Secundaria",NA,220,0.750060693061991,1.33322544328736
"15","Chivilcoy","4028MS7797","Interior","Privado","Privada","3.1.Secundaria",135,6,"NA","Secundaria",NA,220,0.313492859329315,3.18986531986532
"18","Dolores","4029MS4173","Interior","Privado","Privada","3.1.Secundaria",601,21,"NA","Secundaria",NA,220,1,1
"19","General Alvarado","4033MS4199","Interior","Privado","Privada","3.1.Secundaria",420,15,"NA","Secundaria",NA,220,0.975311117913425,1.02531385281385
"19","General Alvarado","4033MS4201","Interior","Privado","Privada","3.1.Secundaria",360,12,"NA","Secundaria",NA,220,0.835980958211507,1.19619949494949
"19","General Alvarado","4033MS4203","Interior","Privado","Privada","3.1.Secundaria",320,12,"NA","Secundaria",NA,220,0.743094185076896,1.34572443181818
"19","General Alvarado","4033MS6974","Interior","Privado","Privada","3.1.Secundaria",330,12,"NA","Secundaria",NA,220,0.766315878360548,1.30494490358127
"14","General Arenales","4035MA4205","Interior","Privado","Privada","3.2.Secundaria ETP",185,7,"NA","Secundaria",NA,220,0.42960132574758,2.32773955773956
"14","General Arenales","4035MS4206","Interior","Privado","Privada","3.1.Secundaria",131,6,"NA","Secundaria",NA,220,0.304204182015854,3.28726578764747
"17","General Belgrano","4036MS4208","Interior","Privado","Privada","3.1.Secundaria",375,12,"NA","Secundaria",NA,220,0.870813498136987,1.14835151515152
"17","General Belgrano","4036MS7245","Interior","Privado","Privada","3.1.Secundaria",366,12,"NA","Secundaria",NA,220,0.849913974181699,1.17658966716344
"18","General Juan Madariaga","4040MS4209","Interior","Privado","Privada","3.1.Secundaria",379,12,"NA","Secundaria",NA,220,0.880102175450448,1.13623171024226
"17","General Paz","4041MS7356","Interior","Privado","Privada","3.1.Secundaria",334,12,"NA","Secundaria",NA,220,0.77560455567401,1.28931682090365
"19","General Pueyrredón","4043MM3769","Interior","Privado","Privada","3.1.Secundaria",459,18,"NA","Secundaria",NA,220,1,1
"19","General Pueyrredón","4043MS2574","Interior","Privado","Privada","3.1.Secundaria",536,24,"NA","Secundaria",NA,220,1,1
"19","General Pueyrredón","4043MS2728","Interior","Privado","Privada","3.1.Secundaria",314,12,"NA","Secundaria",NA,220,0.729161169106704,1.37143891140706
"19","General Pueyrredón","4043MS2829","Interior","Privado","Privada","3.1.Secundaria",1120,36,"NA","Secundaria",NA,220,1,1
"19","General Pueyrredón","4043MS3625","Interior","Privado","Privada","3.1.Secundaria",337,12,"NA","Secundaria",NA,220,0.782571063659106,1.27783922309145
"19","General Pueyrredón","4043MS3827","Interior","Privado","Privada","3.1.Secundaria",636,22,"NA","Secundaria",NA,220,1,1
"19","General Pueyrredón","4043MS3962","Interior","Privado","Privada","3.1.Secundaria",346,12,"NA","Secundaria",NA,220,0.803470587614393,1.24460063058329
"19","General Pueyrredón","4043MS4210","Interior","Privado","Privada","3.1.Secundaria",475,18,"NA","Secundaria",NA,220,1,1
"19","General Pueyrredón","4043MS4211","Interior","Privado","Privada","3.1.Secundaria",447,18,"NA","Secundaria",NA,220,1,1
"19","General Pueyrredón","4043MS4213","Interior","Privado","Privada","3.1.Secundaria",417,12,"NA","Secundaria",NA,220,0.968344609928329,1.03269021146719
"19","General Pueyrredón","4043MS4214","Interior","Privado","Privada","3.1.Secundaria",628,18,"NA","Secundaria",NA,220,1,1
"19","General Pueyrredón","4043MS4216","Interior","Privado","Privada","3.1.Secundaria",393,12,"NA","Secundaria",NA,220,0.912612546047562,1.09575526254916
"19","General Pueyrredón","4043MS4219","Interior","Privado","Privada","3.1.Secundaria",339,12,"NA","Secundaria",NA,220,0.787215402315836,1.27030034861893
"19","General Pueyrredón","4043MS4221","Interior","Privado","Privada","3.1.Secundaria",395,12,"NA","Secundaria",NA,220,0.917256884704293,1.09020713463751
"19","General Pueyrredón","4043MS4222","Interior","Privado","Privada","3.1.Secundaria",547,18,"NA","Secundaria",NA,220,1,1
"19","General Pueyrredón","4043MS4223","Interior","Privado","Privada","3.1.Secundaria",339,12,"NA","Secundaria",NA,220,0.787215402315836,1.27030034861893
"19","General Pueyrredón","4043MS4226","Interior","Privado","Privada","3.1.Secundaria",361,12,"NA","Secundaria",NA,220,0.838303127539873,1.19288592294132
"19","General Pueyrredón","4043MS4228","Interior","Privado","Privada","3.1.Secundaria",405,14,"NA","Secundaria",NA,220,0.940478577987946,1.06328843995511
"19","General Pueyrredón","4043MS4231","Interior","Privado","Privada","3.1.Secundaria",363,12,"NA","Secundaria",NA,220,0.842947466196603,1.18631354871024
"19","General Pueyrredón","4043MS4239","Interior","Privado","Privada","3.1.Secundaria",601,18,"NA","Secundaria",NA,220,1,1
"19","General Pueyrredón","4043MS5711","Interior","Privado","Privada","3.1.Secundaria",378,12,"NA","Secundaria",NA,220,0.877780006122083,1.13923761423761
"19","General Pueyrredón","4043MS5717","Interior","Privado","Privada","3.1.Secundaria",328,12,"NA","Secundaria",NA,220,0.761671539703818,1.31290188470067
"19","General Pueyrredón","4043MS5720","Interior","Privado","Privada","3.1.Secundaria",336,12,"NA","Secundaria",NA,220,0.78024889433074,1.28164231601732
"19","General Pueyrredón","4043MS6046","Interior","Privado","Privada","3.1.Secundaria",189,6,"NA","Secundaria",NA,220,0.438890003061041,2.27847522847523
"19","General Pueyrredón","4043MS6265","Interior","Privado","Privada","3.1.Secundaria",218,6,"NA","Secundaria",NA,220,0.506232913583635,1.97537531276063
"19","General Pueyrredón","4043MS6446","Interior","Privado","Privada","3.1.Secundaria",535,18,"NA","Secundaria",NA,220,1,1
"19","General Pueyrredón","4043MS6520","Interior","Privado","Privada","3.1.Secundaria",420,18,"NA","Secundaria",NA,220,0.975311117913425,1.02531385281385
"19","General Pueyrredón","4043MS6528","Interior","Privado","Privada","3.1.Secundaria",342,12,"NA","Secundaria",NA,220,0.794181910300932,1.25915736310473
"19","General Pueyrredón","4043MS6529","Interior","Privado","Privada","3.1.Secundaria",492,15,"NA","Secundaria",NA,220,1,1
"19","General Pueyrredón","4043MS6531","Interior","Privado","Privada","3.1.Secundaria",346,12,"NA","Secundaria",NA,220,0.803470587614393,1.24460063058329
"19","General Pueyrredón","4043MS6965","Interior","Privado","Privada","3.1.Secundaria",574,18,"NA","Secundaria",NA,220,1,1
"19","General Pueyrredón","4043MS6966","Interior","Privado","Privada","3.1.Secundaria",469,15,"NA","Secundaria",NA,220,1,1
"19","General Pueyrredón","4043MS7029","Interior","Privado","Privada","3.1.Secundaria",420,15,"NA","Secundaria",NA,220,0.975311117913425,1.02531385281385
"19","General Pueyrredón","4043MS7037","Interior","Privado","Privada","3.1.Secundaria",366,12,"NA","Secundaria",NA,220,0.849913974181699,1.17658966716344
"19","General Pueyrredón","4043MS7372","Interior","Privado","Privada","3.1.Secundaria",295,12,"NA","Secundaria",NA,220,0.685039951867763,1.4597688751926
"19","General Pueyrredón","4043MS7878","Interior","Privado","Privada","3.1.Secundaria",179,6,"NA","Secundaria",NA,220,0.415668309777388,2.40576434738446
"19","General Pueyrredón","4043MS7880","Interior","Privado","Privada","3.1.Secundaria",191,6,"NA","Secundaria",NA,220,0.443534341717772,2.25461684911947
"19","General Pueyrredón","4043MS7883","Interior","Privado","Privada","3.1.Secundaria",198,6,"NA","Secundaria",NA,220,0.459789527016329,2.17490817263545
"19","General Pueyrredón","4043MS7885","Interior","Privado","Privada","3.1.Secundaria",230,6,"NA","Secundaria",NA,220,0.534098945524019,1.87231225296443
"19","General Pueyrredón","4043MS7887","Interior","Privado","Privada","3.1.Secundaria",349,12,"NA","Secundaria",NA,220,0.810437095599489,1.23390205782756
"19","General Pueyrredón","4043MS7889","Interior","Privado","Privada","3.1.Secundaria",374,12,"NA","Secundaria",NA,220,0.868491328808622,1.15142197374818
"19","General Pueyrredón","4043MS7890","Interior","Privado","Privada","3.1.Secundaria",196,6,"NA","Secundaria",NA,220,0.455145188359598,2.19710111317254
"19","General Pueyrredón","4043MS8160","Interior","Privado","Privada","3.1.Secundaria",576,18,"NA","Secundaria",NA,220,1,1
"19","General Pueyrredón","4043MS8509","Interior","Privado","Privada","3.1.Secundaria",134,6,"NA","Secundaria",NA,220,0.31117069000095,3.21367028493894
"19","General Pueyrredón","4043MS8916","Interior","Privado","Privada","3.1.Secundaria",154,6,"NA","Secundaria",NA,220,0.357614076568256,2.79631050767414
"19","General Pueyrredón","4043MT4227","Interior","Privado","Privada","3.2.Secundaria ETP",520,16,"NA","Secundaria",NA,220,1,1
"14","General Viamonte","4048MS4336","Interior","Privado","Privada","3.1.Secundaria",261,10,"NA","Secundaria",NA,220,0.606086194703343,1.64993033786137
"16","General Villegas","4049MS4337","Interior","Privado","Privada","3.1.Secundaria",344,12,"NA","Secundaria",NA,220,0.798826248957663,1.2518366807611
"21","Adolfo Gonzales Chaves","4050MS4339","Interior","Privado","Privada","3.1.Secundaria",290,12,"NA","Secundaria",NA,220,0.673429105225937,1.48493730407523
"21","Benito Juárez","4052MS4342","Interior","Privado","Privada","3.1.Secundaria",223,12,"NA","Secundaria",NA,220,0.517843760225462,1.93108438646555
"14","Junín","4053MS4343","Interior","Privado","Privada","3.1.Secundaria",432,12,"NA","Secundaria",NA,220,1,1
"14","Junín","4053MS4344","Interior","Privado","Privada","3.1.Secundaria",328,12,"NA","Secundaria",NA,220,0.761671539703818,1.31290188470067
"14","Junín","4053MS4345","Interior","Privado","Privada","3.1.Secundaria",415,12,"NA","Secundaria",NA,220,0.963700271271599,1.03766703176342
"14","Junín","4053MS6740","Interior","Privado","Privada","3.1.Secundaria",287,11,"NA","Secundaria",NA,220,0.666462597240841,1.50045929680076
"14","Junín","4053MS7032","Interior","Privado","Privada","3.1.Secundaria",428,16,"NA","Secundaria",NA,220,0.993888472540348,1.00614910790144
"24","Las Flores","4056MS3913","Interior","Privado","Privada","3.1.Secundaria",183,6,"NA","Secundaria",NA,220,0.42495698709085,2.35317933432688
"14","Leandro N. Alem","4058MA4756","Interior","Privado","Privada","3.2.Secundaria ETP",290,13,"NA","Secundaria",NA,220,0.673429105225937,1.48493730407523
"14","Lincoln","4059MS4369","Interior","Privado","Privada","3.1.Secundaria",570,18,"NA","Secundaria",NA,220,1,1
"14","Lincoln","4059MS4371","Interior","Privado","Privada","3.1.Secundaria",110,6,"NA","Secundaria",NA,220,0.255438626120183,3.9148347107438
"14","Lincoln","4059MS6542","Interior","Privado","Privada","3.1.Secundaria",362,12,"NA","Secundaria",NA,220,0.840625296868238,1.18959065796082
"20","Lobería","4060MS4375","Interior","Privado","Privada","3.1.Secundaria",79,6,"NA","Secundaria",NA,220,0.183451376940859,5.45103567318757
"24","Lobos","4061MS4377","Interior","Privado","Privada","3.1.Secundaria",460,16,"NA","Secundaria",NA,220,1,1
"24","Lobos","4061MS4378","Interior","Privado","Privada","3.1.Secundaria",410,14,"NA","Secundaria",NA,220,0.952089424629772,1.05032150776053
"24","Lobos","4061MS8442","Interior","Privado","Privada","3.1.Secundaria",138,6,"NA","Secundaria",NA,220,0.320459367314411,3.12052042160738
"13","Salto","4066MS4443","Interior","Privado","Privada","3.1.Secundaria",384,12,"NA","Secundaria",NA,220,0.891713022092275,1.12143702651515
"13","Salto","4066MS7755","Interior","Privado","Privada","3.1.Secundaria",270,9,"NA","Secundaria",NA,220,0.626985718658631,1.59493265993266
"19","Mar Chiquita","4068MS6972","Interior","Privado","Privada","3.1.Secundaria",204,6,"NA","Secundaria",NA,220,0.473722542986521,2.11094028520499
"17","Monte","4072MS6944","Interior","Privado","Privada","3.1.Secundaria",334,12,"NA","Secundaria",NA,220,0.77560455567401,1.28931682090365
"17","Monte","4072MS7934","Interior","Privado","Privada","3.1.Secundaria",137,6,"NA","Secundaria",NA,220,0.318137197986046,3.14329794293298
"20","Necochea","4075MS4529","Interior","Privado","Privada","3.1.Secundaria",155,8,"NA","Secundaria",NA,220,0.359936245896621,2.77826979472141
"20","Necochea","4075MS4531","Interior","Privado","Privada","3.1.Secundaria",171,6,"NA","Secundaria",NA,220,0.397090955150466,2.51831472620946
"20","Necochea","4075MS5710","Interior","Privado","Privada","3.1.Secundaria",353,12,"NA","Secundaria",NA,220,0.81972577291295,1.21992016482101
"20","Necochea","4075MS6778","Interior","Privado","Privada","3.1.Secundaria",328,12,"NA","Secundaria",NA,220,0.761671539703818,1.31290188470067
"20","Necochea","4075MS7833","Interior","Privado","Privada","3.1.Secundaria",304,12,"NA","Secundaria",NA,220,0.705939475823051,1.41655203349282
"15","9 de Julio","4076MS4536","Interior","Privado","Privada","3.1.Secundaria",371,12,"NA","Secundaria",NA,220,0.861524820823526,1.16073266356285
"15","9 de Julio","4076MS4537","Interior","Privado","Privada","3.1.Secundaria",389,12,"NA","Secundaria",NA,220,0.903323868734101,1.10702266884786
"25","Olavarría","4077MS4539","Interior","Privado","Privada","3.1.Secundaria",387,13,"NA","Secundaria",NA,220,0.89867953007737,1.11274371623209
"25","Olavarría","4077MS4540","Interior","Privado","Privada","3.1.Secundaria",192,6,"NA","Secundaria",NA,220,0.445856511046137,2.2428740530303
"25","Olavarría","4077MS4541","Interior","Privado","Privada","3.1.Secundaria",512,17,"NA","Secundaria",NA,220,1,1
"25","Olavarría","4077MS4543","Interior","Privado","Privada","3.1.Secundaria",297,12,"NA","Secundaria",NA,220,0.689684290524494,1.44993878175696
"25","Olavarría","4077MS4544","Interior","Privado","Privada","3.1.Secundaria",373,15,"NA","Secundaria",NA,220,0.866169159480256,1.15450889592981
"25","Olavarría","4077MS6738","Interior","Privado","Privada","3.1.Secundaria",349,12,"NA","Secundaria",NA,220,0.810437095599489,1.23390205782756
"25","Olavarría","4077MS8145","Interior","Privado","Privada","3.1.Secundaria",187,6,"NA","Secundaria",NA,220,0.434245664404311,2.30284394749635
"25","Olavarría","4077MS9129","Interior","Privado","Privada","3.1.Secundaria",175,7,"NA","Secundaria",NA,220,0.406379632463927,2.46075324675325
"22","Patagones","4078MS4547","Interior","Privado","Privada","3.1.Secundaria",342,12,"NA","Secundaria",NA,220,0.794181910300932,1.25915736310473
"22","Patagones","4078MS7788","Interior","Privado","Privada","3.1.Secundaria",68,6,"NA","Secundaria",NA,220,0.15790751432884,6.33282085561497
"15","Pehuajó","4079MS7338","Interior","Privado","Privada","3.1.Secundaria",359,12,"NA","Secundaria",NA,220,0.833658788883142,1.19953152696885
"13","Pergamino","4081MA4556","Interior","Privado","Privada","3.2.Secundaria ETP",92,7,"NA","Secundaria",NA,220,0.213639578209607,4.68078063241107
"13","Pergamino","4081MS4554","Interior","Privado","Privada","3.1.Secundaria",394,12,"NA","Secundaria",NA,220,0.914934715375928,1.09297415782187
"13","Pergamino","4081MS4555","Interior","Privado","Privada","3.1.Secundaria",373,12,"NA","Secundaria",NA,220,0.866169159480256,1.15450889592981
"13","Pergamino","4081MS4557","Interior","Privado","Privada","3.1.Secundaria",567,18,"NA","Secundaria",NA,220,1,1
"13","Pergamino","4081MS4558","Interior","Privado","Privada","3.1.Secundaria",396,12,"NA","Secundaria",NA,220,0.919579054032658,1.08745408631772
"13","Pergamino","4081MS4560","Interior","Privado","Privada","3.1.Secundaria",192,6,"NA","Secundaria",NA,220,0.445856511046137,2.2428740530303
"13","Pergamino","4081MS7754","Interior","Privado","Privada","3.1.Secundaria",356,12,"NA","Secundaria",NA,220,0.826692280898046,1.20963993871297
"13","Pergamino","4081MS8278","Interior","Privado","Privada","3.1.Secundaria",283,10,"NA","Secundaria",NA,220,0.657173919927379,1.52166720205589
"23","Puan","4084MS4574","Interior","Privado","Privada","3.1.Secundaria",116,6,"NA","Secundaria",NA,220,0.269371642090375,3.71234326018809
"12","Ramallo","4086MS4623","Interior","Privado","Privada","3.1.Secundaria",329,12,"NA","Secundaria",NA,220,0.763993709032183,1.30891130146449
"17","Rauch","4087MS4626","Interior","Privado","Privada","3.1.Secundaria",411,17,"NA","Secundaria",NA,220,0.954411593958138,1.04776598097766
"17","Rauch","4087MS4627","Interior","Privado","Privada","3.1.Secundaria",349,12,"NA","Secundaria",NA,220,0.810437095599489,1.23390205782756
"16","Rivadavia","4088MS4628","Interior","Privado","Privada","3.1.Secundaria",359,12,"NA","Secundaria",NA,220,0.833658788883142,1.19953152696885
"13","Rojas","4089MS4630","Interior","Privado","Privada","3.1.Secundaria",343,12,"NA","Secundaria",NA,220,0.796504079629297,1.25548635038431
"23","Saavedra","4091MS4631","Interior","Privado","Privada","3.1.Secundaria",211,12,"NA","Secundaria",NA,220,0.489977728285078,2.04090909090909
"24","Saladillo","4092MA4635","Interior","Privado","Privada","3.2.Secundaria ETP",194,7,"NA","Secundaria",NA,220,0.450500849702868,2.21975164011246
"24","Saladillo","4092MS4634","Interior","Privado","Privada","3.1.Secundaria",380,12,"NA","Secundaria",NA,220,0.882424344778813,1.13324162679426
"13","San Antonio de Areco","4094MS4637","Interior","Privado","Privada","3.1.Secundaria",193,9,"NA","Secundaria",NA,220,0.448178680374503,2.23125294394724
"13","San Antonio de Areco","4094MS5000","Interior","Privado","Privada","3.1.Secundaria",520,18,"NA","Secundaria",NA,220,1,1
"12","San Nicolás","4097MS4713","Interior","Privado","Privada","3.1.Secundaria",564,18,"NA","Secundaria",NA,220,1,1
"12","San Nicolás","4097MS4716","Interior","Privado","Privada","3.1.Secundaria",350,12,"NA","Secundaria",NA,220,0.812759264927854,1.23037662337662
"12","San Nicolás","4097MS4717","Interior","Privado","Privada","3.1.Secundaria",129,6,"NA","Secundaria",NA,220,0.299559843359124,3.33823114869627
"12","San Nicolás","4097MS4725","Interior","Privado","Privada","3.1.Secundaria",116,6,"NA","Secundaria",NA,220,0.269371642090375,3.71234326018809
"12","San Nicolás","4097MS6799","Interior","Privado","Privada","3.1.Secundaria",176,6,"NA","Secundaria",NA,220,0.408701801792292,2.44677169421488
"12","San Nicolás","4097MS6883","Interior","Privado","Privada","3.1.Secundaria",564,21,"NA","Secundaria",NA,220,1,1
"12","San Nicolás","4097MS7125","Interior","Privado","Privada","3.1.Secundaria",415,12,"NA","Secundaria",NA,220,0.963700271271599,1.03766703176342
"12","San Nicolás","4097MS7798","Interior","Privado","Privada","3.1.Secundaria",179,6,"NA","Secundaria",NA,220,0.415668309777388,2.40576434738446
"12","San Nicolás","4097MS7801","Interior","Privado","Privada","3.1.Secundaria",164,6,"NA","Secundaria",NA,220,0.380835769851909,2.62580376940133
"12","San Nicolás","4097MT4979","Interior","Privado","Privada","3.2.Secundaria ETP",813,26,"NA","Secundaria",NA,220,1,1
"12","San Pedro","4098MA4728","Interior","Privado","Privada","3.2.Secundaria ETP",130,7,"NA","Secundaria",NA,220,0.301882012687489,3.31255244755245
"12","San Pedro","4098MS4727","Interior","Privado","Privada","3.1.Secundaria",600,18,"NA","Secundaria",NA,220,1,1
"12","San Pedro","4098MS5707","Interior","Privado","Privada","3.1.Secundaria",180,6,"NA","Secundaria",NA,220,0.417990479105754,2.39239898989899
"20","Tandil","4102MS3378","Interior","Privado","Privada","3.1.Secundaria",414,12,"NA","Secundaria",NA,220,0.961378101943233,1.04017347386913
"20","Tandil","4102MS4805","Interior","Privado","Privada","3.1.Secundaria",621,18,"NA","Secundaria",NA,220,1,1
"20","Tandil","4102MS4806","Interior","Privado","Privada","3.1.Secundaria",421,12,"NA","Secundaria",NA,220,0.977633287241791,1.02287842798532
"20","Tandil","4102MS6869","Interior","Privado","Privada","3.1.Secundaria",160,6,"NA","Secundaria",NA,220,0.371547092538448,2.69144886363636
"20","Tandil","4102MS7295","Interior","Privado","Privada","3.1.Secundaria",684,18,"NA","Secundaria",NA,220,1,1
"20","Tandil","4102MS8070","Interior","Privado","Privada","3.1.Secundaria",153,6,"NA","Secundaria",NA,220,0.355291907239891,2.81458704693999
"20","Tandil","4102MS8924","Interior","Privado","Privada","3.1.Secundaria",71,4,"NA","Secundaria",NA,220,0.164874022313936,6.06523687580026
"23","Tornquist","4105MS7752","Interior","Privado","Privada","3.1.Secundaria",133,6,"NA","Secundaria",NA,220,0.308848520672585,3.23783321941217
"16","Trenque Lauquen","4106MS4810","Interior","Privado","Privada","3.1.Secundaria",347,12,"NA","Secundaria",NA,220,0.805792756942759,1.2410138852502
"16","Trenque Lauquen","4106MS4811","Interior","Privado","Privada","3.1.Secundaria",538,18,"NA","Secundaria",NA,220,1,1
"16","Trenque Lauquen","4106MS8477","Interior","Privado","Privada","3.1.Secundaria",136,6,"NA","Secundaria",NA,220,0.315815028657681,3.16641042780749
"21","Tres Arroyos","4107MA1962","Interior","Privado","Privada","3.2.Secundaria ETP",508,19,"NA","Secundaria",NA,220,1,1
"21","Tres Arroyos","4107MS4816","Interior","Privado","Privada","3.1.Secundaria",361,12,"NA","Secundaria",NA,220,0.838303127539873,1.19288592294132
"21","Tres Arroyos","4107MS4817","Interior","Privado","Privada","3.1.Secundaria",110,6,"NA","Secundaria",NA,220,0.255438626120183,3.9148347107438
"21","Tres Arroyos","4107MS7835","Interior","Privado","Privada","3.1.Secundaria",165,6,"NA","Secundaria",NA,220,0.383157939180274,2.60988980716253
"24","25 de Mayo","4108MS3446","Interior","Privado","Privada","3.1.Secundaria",240,7,"NA","Secundaria",NA,220,0.557320638807672,1.79429924242424
"24","25 de Mayo","4108MS4822","Interior","Privado","Privada","3.1.Secundaria",359,12,"NA","Secundaria",NA,220,0.833658788883142,1.19953152696885
"22","Villarino","4110MS4874","Interior","Privado","Privada","3.1.Secundaria",283,12,"NA","Secundaria",NA,220,0.657173919927379,1.52166720205589
"22","Coronel de Marina L. Rosales","4112MS4904","Interior","Privado","Privada","3.1.Secundaria",398,12,"NA","Secundaria",NA,220,0.924223392689389,1.08198949291914
"22","Coronel de Marina L. Rosales","4112MT5512","Interior","Privado","Privada","3.2.Secundaria ETP",518,18,"NA","Secundaria",NA,220,1,1
"15","Hipólito Yrigoyen","4118MS4953","Interior","Privado","Privada","3.1.Secundaria",288,11,"NA","Secundaria",NA,220,0.668784766569206,1.49524936868687
"18","La Costa","4123MS4971","Interior","Privado","Privada","3.1.Secundaria",351,12,"NA","Secundaria",NA,220,0.81508143425622,1.22687127687128
"18","La Costa","4123MS4972","Interior","Privado","Privada","3.1.Secundaria",348,12,"NA","Secundaria",NA,220,0.808114926271124,1.23744775339603
"18","La Costa","4123MS6486","Interior","Privado","Privada","3.1.Secundaria",389,12,"NA","Secundaria",NA,220,0.903323868734101,1.10702266884786
"18","La Costa","4123MS6701","Interior","Privado","Privada","3.1.Secundaria",389,12,"NA","Secundaria",NA,220,0.903323868734101,1.10702266884786
"18","Pinamar","4124MS4974","Interior","Privado","Privada","3.1.Secundaria",203,9,"NA","Secundaria",NA,220,0.471400373658156,2.12133900582176
"18","Villa Gesell","4125MS6129","Interior","Privado","Privada","3.1.Secundaria",348,12,"NA","Secundaria",NA,220,0.808114926271124,1.23744775339603
"18","Villa Gesell","4125MS6692","Interior","Privado","Privada","3.1.Secundaria",389,12,"NA","Secundaria",NA,220,0.903323868734101,1.10702266884786
"18","Villa Gesell","4125MS7061","Interior","Privado","Privada","3.1.Secundaria",375,12,"NA","Secundaria",NA,220,0.870813498136987,1.14835151515152
"18","Villa Gesell","4125MT4976","Interior","Privado","Privada","3.2.Secundaria ETP",420,14,"NA","Secundaria",NA,220,0.975311117913425,1.02531385281385
"14","Florentino Ameghino","4128MS6838","Interior","Privado","Privada","3.1.Secundaria",149,6,"NA","Secundaria",NA,220,0.346003229926429,2.89014643075046
"25","Olavarría","4077MS6728","Interior","Privado","Privada","3.1.Secundaria",197,6,"NA","Secundaria",NA,220,0.457467357687964,2.18594831564375
"23","Adolfo Alsina","4002MS4052","Interior","Privado","Privada","3.1.Secundaria",143,6,"NA","Secundaria",NA,220,0.332070213956238,3.01141131595677
"23","Coronel Suárez","4025MS4162","Interior","Privado","Privada","3.1.Secundaria",162,6,"NA","Secundaria",NA,220,0.376191431195178,2.65822109988777
"25","Olavarría","4077MS8376","Interior","Privado","Privada","3.1.Secundaria",158,7,"NA","Secundaria",NA,220,0.366902753881717,2.72551783659379
"23","Coronel Suárez","4025MS4163","Interior","Privado","Privada","3.1.Secundaria",147,12,"NA","Secundaria",NA,220,0.341358891269699,2.92946815089672
"22","Bahía Blanca","4008MS3365","Interior","Privado","Privada","3.1.Secundaria",204,6,"NA","Secundaria",NA,220,0.473722542986521,2.11094028520499
"18","General Juan Madariaga","4040MS8715","Interior","Privado","Privada","3.1.Secundaria",187,6,"NA","Secundaria",NA,220,0.434245664404311,2.30284394749635
"23","Puan","4084MS4580","Interior","Privado","Privada","3.1.Secundaria",60,6,"NA","Secundaria",NA,220,0.139330159701918,7.17719696969697
"21","Coronel Pringles","4024MS3998","Interior","Privado","Privada","3.1.Secundaria",159,6,"NA","Secundaria",NA,220,0.369224923210082,2.70837621497999
"19","General Alvarado","4033MS4202","Interior","Privado","Privada","3.1.Secundaria",212,6,"NA","Secundaria",NA,220,0.492299897613443,2.03128216123499
"20","Tandil","4102MS8832","Interior","Privado","Privada","3.1.Secundaria",264,8,"NA","Secundaria",NA,220,0.613052702688439,1.63118112947658
"13","Carmen de Areco","4019MS8734","Interior","Privado","Privada","3.1.Secundaria",101,5,"NA","Secundaria",NA,220,0.234539102164895,4.26368136813681
"25","Olavarría","4077MS8103","Interior","Privado","Privada","3.1.Secundaria",145,6,"NA","Secundaria",NA,220,0.336714552612968,2.96987460815047
